<?xml version="1.0" encoding="utf-8"?>
<GameData>
	<LocalizedText>
		<Delete Tag="LOC_GOVT_NO_MILITARY_SLOTS"/>
		<Delete Tag="LOC_GOVT_FILTER_MILITARY"/>
		<Delete Tag="LOC_GOVT_POLICY_TYPE_MILITARY"/>
		<Delete Tag="LOC_MINOR_CIV_CULTURAL_TRAIT_SMALL_INFLUENCE_BONUS"/>
		<Delete Tag="LOC_MINOR_CIV_CULTURAL_TRAIT_MEDIUM_INFLUENCE_BONUS"/>
		<Delete Tag="LOC_MINOR_CIV_CULTURAL_TRAIT_LARGE_INFLUENCE_BONUS"/>
		<Delete Tag="LOC_MINOR_CIV_TRADE_TRAIT_SMALL_INFLUENCE_BONUS"/>
		<Delete Tag="LOC_MINOR_CIV_TRADE_TRAIT_MEDIUM_INFLUENCE_BONUS"/>
		<Delete Tag="LOC_MINOR_CIV_TRADE_TRAIT_LARGE_INFLUENCE_BONUS"/>
		<Delete Tag="LOC_MINOR_CIV_INDUSTRIAL_TRAIT_SMALL_INFLUENCE_BONUS"/>
		<Delete Tag="LOC_MINOR_CIV_INDUSTRIAL_TRAIT_MEDIUM_INFLUENCE_BONUS"/>
		<Delete Tag="LOC_MINOR_CIV_INDUSTRIAL_TRAIT_LARGE_INFLUENCE_BONUS"/>
		
		<Delete Tag="LOC_PEDIA_CIVILIZATIONS_PAGE_CIVILIZATION_CHINA_CHAPTER_HISTORY_PARA_1"/>
		<Delete Tag="LOC_PEDIA_CIVILIZATIONS_PAGE_CIVILIZATION_CHINA_CHAPTER_HISTORY_PARA_2"/>
		<Delete Tag="LOC_PEDIA_CIVILIZATIONS_PAGE_CIVILIZATION_CHINA_CHAPTER_HISTORY_PARA_3"/>
		<Delete Tag="LOC_PEDIA_CIVILIZATIONS_PAGE_CIVILIZATION_CHINA_CHAPTER_HISTORY_PARA_4"/>
		<Delete Tag="LOC_PEDIA_CIVILIZATIONS_PAGE_CIVILIZATION_CHINA_CHAPTER_HISTORY_PARA_5"/>
		<Delete Tag="LOC_PEDIA_CIVILIZATIONS_PAGE_CIVILIZATION_CHINA_CHAPTER_HISTORY_PARA_6"/>
		<Delete Tag="LOC_PEDIA_CIVILIZATIONS_PAGE_CIVILIZATION_CHINA_CHAPTER_HISTORY_PARA_7"/>
		<Delete Tag="LOC_PEDIA_CIVILIZATIONS_PAGE_CIVILIZATION_CHINA_CHAPTER_HISTORY_PARA_8"/>
		<Delete Tag="LOC_PEDIA_CIVILIZATIONS_PAGE_CIVILIZATION_CHINA_CHAPTER_HISTORY_PARA_9"/>
		<Delete Tag="LOC_PEDIA_CIVILIZATIONS_PAGE_CIVILIZATION_CHINA_CHAPTER_HISTORY_PARA_10"/>
		<Delete Tag="LOC_PEDIA_CIVILIZATIONS_PAGE_CIVILIZATION_CHINA_CHAPTER_HISTORY_PARA_11"/>
		<Delete Tag="LOC_PEDIA_CIVILIZATIONS_PAGE_CIVILIZATION_CHINA_CHAPTER_HISTORY_PARA_12"/>
		<Delete Tag="LOC_PEDIA_CIVILIZATIONS_PAGE_CIVILIZATION_INDIA_CHAPTER_HISTORY_PARA_1"/>
		<Delete Tag="LOC_PEDIA_CIVILIZATIONS_PAGE_CIVILIZATION_INDIA_CHAPTER_HISTORY_PARA_2"/>
		<Delete Tag="LOC_PEDIA_CIVILIZATIONS_PAGE_CIVILIZATION_INDIA_CHAPTER_HISTORY_PARA_3"/>
		<Delete Tag="LOC_PEDIA_CIVILIZATIONS_PAGE_CIVILIZATION_INDIA_CHAPTER_HISTORY_PARA_4"/>
		<Delete Tag="LOC_PEDIA_CIVILIZATIONS_PAGE_CIVILIZATION_INDIA_CHAPTER_HISTORY_PARA_5"/>
		<Delete Tag="LOC_PEDIA_CIVILIZATIONS_PAGE_CIVILIZATION_INDIA_CHAPTER_HISTORY_PARA_6"/>
		<Delete Tag="LOC_PEDIA_CIVILIZATIONS_PAGE_CIVILIZATION_INDIA_CHAPTER_HISTORY_PARA_7"/>
		<Delete Tag="LOC_PEDIA_CIVILIZATIONS_PAGE_CIVILIZATION_INDIA_CHAPTER_HISTORY_PARA_8"/>
		<Delete Tag="LOC_PEDIA_CIVILIZATIONS_PAGE_CIVILIZATION_INDIA_CHAPTER_HISTORY_PARA_9"/>
		<Delete Tag="LOC_PEDIA_CIVILIZATIONS_PAGE_CIVILIZATION_INDIA_CHAPTER_HISTORY_PARA_10"/>
		<Delete Tag="LOC_PEDIA_CIVILIZATIONS_PAGE_CIVILIZATION_INDIA_CHAPTER_HISTORY_PARA_11"/>
		<Delete Tag="LOC_PEDIA_CIVILIZATIONS_PAGE_CIVILIZATION_INDIA_CHAPTER_HISTORY_PARA_12"/>
		<Delete Tag="LOC_PEDIA_CIVILIZATIONS_PAGE_CIVILIZATION_INDIA_CHAPTER_HISTORY_PARA_13"/>
		<Delete Tag="LOC_PEDIA_CIVILIZATIONS_PAGE_CIVILIZATION_INDIA_CHAPTER_HISTORY_PARA_14"/>
		<Delete Tag="LOC_PEDIA_CIVILIZATIONS_PAGE_CIVILIZATION_INDONESIA_CHAPTER_HISTORY_PARA_1"/>
		<Delete Tag="LOC_PEDIA_CIVILIZATIONS_PAGE_CIVILIZATION_INDONESIA_CHAPTER_HISTORY_PARA_2"/>
		<Delete Tag="LOC_PEDIA_CIVILIZATIONS_PAGE_CIVILIZATION_INDONESIA_CHAPTER_HISTORY_PARA_3"/>
		<Delete Tag="LOC_PEDIA_CIVILIZATIONS_PAGE_CIVILIZATION_INDONESIA_CHAPTER_HISTORY_PARA_4"/>
		<Delete Tag="LOC_PEDIA_CIVILIZATIONS_PAGE_CIVILIZATION_INDONESIA_CHAPTER_HISTORY_PARA_5"/>
		<Delete Tag="LOC_PEDIA_CIVILIZATIONS_PAGE_CIVILIZATION_INDONESIA_CHAPTER_HISTORY_PARA_6"/>
		<Delete Tag="LOC_PEDIA_CIVILIZATIONS_PAGE_CIVILIZATION_INDONESIA_CHAPTER_HISTORY_PARA_7"/>
		<Delete Tag="LOC_PEDIA_CIVILIZATIONS_PAGE_CIVILIZATION_INDONESIA_CHAPTER_HISTORY_PARA_8"/>
		<Delete Tag="LOC_PEDIA_CIVILIZATIONS_PAGE_CIVILIZATION_INDONESIA_CHAPTER_HISTORY_PARA_9"/>
		<Delete Tag="LOC_PEDIA_CIVILIZATIONS_PAGE_CIVILIZATION_INDONESIA_CHAPTER_HISTORY_PARA_10"/>
		<Delete Tag="LOC_PEDIA_CIVILIZATIONS_PAGE_CIVILIZATION_INDONESIA_CHAPTER_HISTORY_PARA_11"/>
		<Delete Tag="LOC_PEDIA_CIVILIZATIONS_PAGE_CIVILIZATION_INDONESIA_CHAPTER_HISTORY_PARA_12"/>
		<Delete Tag="LOC_PEDIA_CIVILIZATIONS_PAGE_CIVILIZATION_KHMER_CHAPTER_HISTORY_PARA_1"/>
		<Delete Tag="LOC_PEDIA_CIVILIZATIONS_PAGE_CIVILIZATION_KHMER_CHAPTER_HISTORY_PARA_2"/>
		<Delete Tag="LOC_PEDIA_CIVILIZATIONS_PAGE_CIVILIZATION_KHMER_CHAPTER_HISTORY_PARA_3"/>
		<Delete Tag="LOC_PEDIA_CIVILIZATIONS_PAGE_CIVILIZATION_KHMER_CHAPTER_HISTORY_PARA_4"/>
		<Delete Tag="LOC_PEDIA_CIVILIZATIONS_PAGE_CIVILIZATION_KHMER_CHAPTER_HISTORY_PARA_5"/>
		<Delete Tag="LOC_PEDIA_CIVILIZATIONS_PAGE_CIVILIZATION_KHMER_CHAPTER_HISTORY_PARA_6"/>
		<Delete Tag="LOC_PEDIA_CIVILIZATIONS_PAGE_CIVILIZATION_KHMER_CHAPTER_HISTORY_PARA_7"/>
		<Delete Tag="LOC_PEDIA_CIVILIZATIONS_PAGE_CIVILIZATION_KHMER_CHAPTER_HISTORY_PARA_8"/>
		<Delete Tag="LOC_PEDIA_CIVILIZATIONS_PAGE_CIVILIZATION_KHMER_CHAPTER_HISTORY_PARA_9"/>
		<Delete Tag="LOC_PEDIA_CIVILIZATIONS_PAGE_CIVILIZATION_KHMER_CHAPTER_HISTORY_PARA_10"/>
		<Delete Tag="LOC_PEDIA_CIVILIZATIONS_PAGE_CIVILIZATION_KHMER_CHAPTER_HISTORY_PARA_11"/>
		<Delete Tag="LOC_PEDIA_CIVILIZATIONS_PAGE_CIVILIZATION_KHMER_CHAPTER_HISTORY_PARA_12"/>
		<Delete Tag="LOC_PEDIA_CIVILIZATIONS_PAGE_CIVILIZATION_KHMER_CHAPTER_HISTORY_PARA_13"/>
		<Delete Tag="LOC_PEDIA_CIVILIZATIONS_PAGE_CIVILIZATION_KHMER_CHAPTER_HISTORY_PARA_14"/>
		<Delete Tag="LOC_PEDIA_GOVERNMENTS_PAGEGROUP_MILITARY_POLICIES_NAME"/>
		<Delete Tag="LOC_PEDIA_GOVERNMENTS_PAGE_POLICY_LIBERALISM_CHAPTER_HISTORY_PARA_1"/>
		<Delete Tag="LOC_PEDIA_UNITPROMOTIONS_PAGE_PROMOTION_DEBATER_CHAPTER_HISTORY_PARA_1"/>
		<Delete Tag="LOC_PEDIA_UNITPROMOTIONS_PAGE_PROMOTION_GARRISON_CHAPTER_HISTORY_PARA_1"/>
		<Delete Tag="LOC_PEDIA_UNITPROMOTIONS_PAGE_PROMOTION_ORATOR_CHAPTER_HISTORY_PARA_1"/>
		<Delete Tag="LOC_PEDIA_UNITPROMOTIONS_PAGE_PROMOTION_PROSELYTIZER_CHAPTER_HISTORY_PARA_1"/>
		<Delete Tag="LOC_PEDIA_UNITPROMOTIONS_PAGE_PROMOTION_TRANSLATOR_CHAPTER_HISTORY_PARA_1"/>
		<Delete Tag="LOC_PEDIA_UNITS_PAGE_UNIT_GURU_CHAPTER_HISTORY_PARA_1"/>
		<Delete Tag="LOC_PEDIA_UNITS_PAGE_UNIT_MISSIONARY_CHAPTER_HISTORY_PARA_1"/>

		<!-- Rename tech strings to civic strings for the pedia.  -->
		<Update>
			<Set Tag="LOC_PEDIA_CIVICS_PAGE_CIVIC_CELESTIAL_NAVIGATION_CHAPTER_HISTORY_PARA_1"/>
			<Where Tag="LOC_PEDIA_TECHNOLOGIES_PAGE_TECH_CELESTIAL_NAVIGATION_CHAPTER_HISTORY_PARA_1"/>
		</Update>
		<Update>
			<Set Tag="LOC_PEDIA_CIVICS_PAGE_CIVIC_CELESTIAL_NAVIGATION_CHAPTER_HISTORY_PARA_2"/>
			<Where Tag="LOC_PEDIA_TECHNOLOGIES_PAGE_TECH_CELESTIAL_NAVIGATION_CHAPTER_HISTORY_PARA_2"/>
		</Update>
		<Update>
			<Set Tag="LOC_PEDIA_CIVICS_PAGE_CIVIC_CELESTIAL_NAVIGATION_CHAPTER_HISTORY_PARA_3"/>
			<Where Tag="LOC_PEDIA_TECHNOLOGIES_PAGE_TECH_CELESTIAL_NAVIGATION_CHAPTER_HISTORY_PARA_3"/>
		</Update>
		<Update>
			<Set Tag="LOC_PEDIA_CIVICS_PAGE_CIVIC_CELESTIAL_NAVIGATION_CHAPTER_HISTORY_PARA_4"/>
			<Where Tag="LOC_PEDIA_TECHNOLOGIES_PAGE_TECH_CELESTIAL_NAVIGATION_CHAPTER_HISTORY_PARA_4"/>
		</Update>
		<Update>
			<Set Tag="LOC_PEDIA_CIVICS_PAGE_CIVIC_CURRENCY_CHAPTER_HISTORY_PARA_1"/>
			<Where Tag="LOC_PEDIA_TECHNOLOGIES_PAGE_TECH_CURRENCY_CHAPTER_HISTORY_PARA_1"/>
		</Update>
		<Update>
			<Set Tag="LOC_PEDIA_CIVICS_PAGE_CIVIC_CURRENCY_CHAPTER_HISTORY_PARA_2"/>
			<Where Tag="LOC_PEDIA_TECHNOLOGIES_PAGE_TECH_CURRENCY_CHAPTER_HISTORY_PARA_2"/>
		</Update>
		<Update>
			<Set Tag="LOC_PEDIA_CIVICS_PAGE_CIVIC_CURRENCY_CHAPTER_HISTORY_PARA_3"/>
			<Where Tag="LOC_PEDIA_TECHNOLOGIES_PAGE_TECH_CURRENCY_CHAPTER_HISTORY_PARA_3"/>
		</Update>
		<Update>
			<Set Tag="LOC_PEDIA_CIVICS_PAGE_CIVIC_ENGINEERING_CHAPTER_HISTORY_PARA_1"/>
			<Where Tag="LOC_PEDIA_TECHNOLOGIES_PAGE_TECH_ENGINEERING_CHAPTER_HISTORY_PARA_1"/>
		</Update>
		<Update>
			<Set Tag="LOC_PEDIA_CIVICS_PAGE_CIVIC_ENGINEERING_CHAPTER_HISTORY_PARA_2"/>
			<Where Tag="LOC_PEDIA_TECHNOLOGIES_PAGE_TECH_ENGINEERING_CHAPTER_HISTORY_PARA_2"/>
		</Update>
		<Update>
			<Set Tag="LOC_PEDIA_CIVICS_PAGE_CIVIC_ENGINEERING_CHAPTER_HISTORY_PARA_3"/>
			<Where Tag="LOC_PEDIA_TECHNOLOGIES_PAGE_TECH_ENGINEERING_CHAPTER_HISTORY_PARA_3"/>
		</Update>
		<Update>
			<Set Tag="LOC_PEDIA_CIVICS_PAGE_CIVIC_ENGINEERING_CHAPTER_HISTORY_PARA_4"/>
			<Where Tag="LOC_PEDIA_TECHNOLOGIES_PAGE_TECH_ENGINEERING_CHAPTER_HISTORY_PARA_4"/>
		</Update>
		<Update>
			<Set Tag="LOC_PEDIA_CIVICS_PAGE_CIVIC_CONSTRUCTION_CHAPTER_HISTORY_PARA_1"/>
			<Where Tag="LOC_PEDIA_TECHNOLOGIES_PAGE_TECH_CONSTRUCTION_CHAPTER_HISTORY_PARA_1"/>
		</Update>
		<Update>
			<Set Tag="LOC_PEDIA_CIVICS_PAGE_CIVIC_CONSTRUCTION_CHAPTER_HISTORY_PARA_2"/>
			<Where Tag="LOC_PEDIA_TECHNOLOGIES_PAGE_TECH_CONSTRUCTION_CHAPTER_HISTORY_PARA_2"/>
		</Update>
		<Update>
			<Set Tag="LOC_PEDIA_CIVICS_PAGE_CIVIC_CONSTRUCTION_CHAPTER_HISTORY_PARA_3"/>
			<Where Tag="LOC_PEDIA_TECHNOLOGIES_PAGE_TECH_CONSTRUCTION_CHAPTER_HISTORY_PARA_3"/>
		</Update>
		<Update>
			<Set Tag="LOC_PEDIA_CIVICS_PAGE_CIVIC_CONSTRUCTION_CHAPTER_HISTORY_PARA_4"/>
			<Where Tag="LOC_PEDIA_TECHNOLOGIES_PAGE_TECH_CONSTRUCTION_CHAPTER_HISTORY_PARA_4"/>
		</Update>
		<Update>
			<Set Tag="LOC_PEDIA_CIVICS_PAGE_CIVIC_CONSTRUCTION_CHAPTER_HISTORY_PARA_5"/>
			<Where Tag="LOC_PEDIA_TECHNOLOGIES_PAGE_TECH_CONSTRUCTION_CHAPTER_HISTORY_PARA_5"/>
		</Update>
		<Update>
			<Set Tag="LOC_PEDIA_CIVICS_PAGE_CIVIC_MACHINERY_CHAPTER_HISTORY_PARA_1"/>
			<Where Tag="LOC_PEDIA_TECHNOLOGIES_PAGE_TECH_MACHINERY_CHAPTER_HISTORY_PARA_1"/>
		</Update>
		<Update>
			<Set Tag="LOC_PEDIA_CIVICS_PAGE_CIVIC_MACHINERY_CHAPTER_HISTORY_PARA_2"/>
			<Where Tag="LOC_PEDIA_TECHNOLOGIES_PAGE_TECH_MACHINERY_CHAPTER_HISTORY_PARA_2"/>
		</Update>
		<Update>
			<Set Tag="LOC_PEDIA_CIVICS_PAGE_CIVIC_MACHINERY_CHAPTER_HISTORY_PARA_3"/>
			<Where Tag="LOC_PEDIA_TECHNOLOGIES_PAGE_TECH_MACHINERY_CHAPTER_HISTORY_PARA_3"/>
		</Update>
		<Update>
			<Set Tag="LOC_PEDIA_CIVICS_PAGE_CIVIC_MACHINERY_CHAPTER_HISTORY_PARA_4"/>
			<Where Tag="LOC_PEDIA_TECHNOLOGIES_PAGE_TECH_MACHINERY_CHAPTER_HISTORY_PARA_4"/>
		</Update>
		<Update>
			<Set Tag="LOC_PEDIA_CIVICS_PAGE_CIVIC_PRINTING_CHAPTER_HISTORY_PARA_1"/>
			<Where Tag="LOC_PEDIA_TECHNOLOGIES_PAGE_TECH_PRINTING_CHAPTER_HISTORY_PARA_1"/>
		</Update>
		<Update>
			<Set Tag="LOC_PEDIA_CIVICS_PAGE_CIVIC_PRINTING_CHAPTER_HISTORY_PARA_2"/>
			<Where Tag="LOC_PEDIA_TECHNOLOGIES_PAGE_TECH_PRINTING_CHAPTER_HISTORY_PARA_2"/>
		</Update>
		<Update>
			<Set Tag="LOC_PEDIA_CIVICS_PAGE_CIVIC_PRINTING_CHAPTER_HISTORY_PARA_3"/>
			<Where Tag="LOC_PEDIA_TECHNOLOGIES_PAGE_TECH_PRINTING_CHAPTER_HISTORY_PARA_3"/>
		</Update>
		<Update>
			<Set Tag="LOC_PEDIA_CIVICS_PAGE_CIVIC_PRINTING_CHAPTER_HISTORY_PARA_4"/>
			<Where Tag="LOC_PEDIA_TECHNOLOGIES_PAGE_TECH_PRINTING_CHAPTER_HISTORY_PARA_4"/>
		</Update>
		<Update>
			<Set Tag="LOC_PEDIA_CIVICS_PAGE_CIVIC_BANKING_CHAPTER_HISTORY_PARA_1"/>
			<Where Tag="LOC_PEDIA_TECHNOLOGIES_PAGE_TECH_BANKING_CHAPTER_HISTORY_PARA_1"/>
		</Update>
		<Update>
			<Set Tag="LOC_PEDIA_CIVICS_PAGE_CIVIC_BANKING_CHAPTER_HISTORY_PARA_2"/>
			<Where Tag="LOC_PEDIA_TECHNOLOGIES_PAGE_TECH_BANKING_CHAPTER_HISTORY_PARA_2"/>
		</Update>
		<Update>
			<Set Tag="LOC_PEDIA_CIVICS_PAGE_CIVIC_BANKING_CHAPTER_HISTORY_PARA_3"/>
			<Where Tag="LOC_PEDIA_TECHNOLOGIES_PAGE_TECH_BANKING_CHAPTER_HISTORY_PARA_3"/>
		</Update>
		<Update>
			<Set Tag="LOC_PEDIA_CIVICS_PAGE_CIVIC_BANKING_CHAPTER_HISTORY_PARA_4"/>
			<Where Tag="LOC_PEDIA_TECHNOLOGIES_PAGE_TECH_BANKING_CHAPTER_HISTORY_PARA_4"/>
		</Update>
		<Update>
			<Set Tag="LOC_PEDIA_CIVICS_PAGE_CIVIC_ASTRONOMY_CHAPTER_HISTORY_PARA_1"/>
			<Where Tag="LOC_PEDIA_TECHNOLOGIES_PAGE_TECH_ASTRONOMY_CHAPTER_HISTORY_PARA_1"/>
		</Update>
	</LocalizedText>
</GameData>
