<?xml version="1.0" encoding="utf-8"?>
<!-- edited with XMLSPY v2004 rel. 2 U (http://www.xmlspy.com) by Ed Beach (Firaxis Games) -->
<GameData>
	<LocalizedText>
		<!-- Buildings-->
		<Replace Language="en_US" Tag="LOC_BUILDING_SCENARIO_LIGHTHOUSE_DESCRIPTION">
			<Text>+1 [ICON_FOOD] Thực phẩm cho tất cả thành phố thuộc vùng Bờ biển.</Text>
		</Replace>
		<Replace Language="en_US" Tag="LOC_BUILDING_SCENARIO_TEMPLE_DESCRIPTION">
			<Text>Các đơn vị tôn giáo được đào tạo ở đây được bổ sung thêm sức mạnh.</Text>
		</Replace>
		<Replace Language="en_US" Tag="LOC_BUILDING_SCENARIO_SHIPYARD_DESCRIPTION">
			<Text>Thưởng [ICON_Production] Sản xuất đồng đều với mức thưởng liền kề cho quận Cảng biển.</Text>
		</Replace>
		<Replace Language="en_US" Tag="LOC_BUILDING_SCENARIO_MOSQUE_DESCRIPTION">
			<Text>Các đơn vị Nhà Truyền giáo và Nhà Sư được tạo ra ở đây được +1 Truyền bá.</Text>
		</Replace>
		<Replace Language="en_US" Tag="LOC_BUILDING_SCENARIO_PAGODA_DESCRIPTION">
			<Text>Các đơn vị Thầy tu được tạo ở đây được +1 Xóa bỏ Dị giáo và +1 Sức Hồi phục cho các đơn vị Đại Thầy tu được đào tạo ở đây.</Text>
		</Replace>
		<Replace Language="en_US" Tag="LOC_BUILDING_SCENARIO_MAHABODHI_TEMPLE_DESCRIPTION">
			<Text>Thưởng 2 dân cư ngẫu nhiên khi hoàn thành. Tất cả đơn vị Nhà Truyền giáo và Nhà Sư mới được đào tạo đều nhận +1 Truyền bá.[NEWLINE][NEWLINE]Phải được xây dựng trên Rừng hoặc Rừng Nhiệt đới.</Text>
		</Replace>
		<Replace Language="en_US" Tag="LOC_BUILDING_SCENARIO_ANGKOR_WAT_DESCRIPTION">
			<Text>Khi xây dựng kỳ quan nhận được +3 [ICON_ENVOY] Phái viên và +1 [ICON_Citizen] Dân cư trong tất cả các thành phố. +1 [ICON_Housing] Nhà ở cho tất cả các thành phố.[NEWLINE][NEWLINE]Phải được xây dựng liền kề với một quận có công trình Thuỷ lợi.</Text>
		</Replace>
		<Replace Language="en_US" Tag="LOC_BUILDING_SCENARIO_POTALA_PALACE_DESCRIPTION">
			<Text>+1 Ô đặt thẻ chính sách[NEWLINE][NEWLINE]Phải được xây dựng trên Đồi.</Text>
		</Replace>
		<!-- China-->
		<Replace Language="en_US" Tag="LOC_CITY_NAME_SCENARIO_KAIFENG">
			<Text>Kaifeng</Text>
		</Replace>
		<Replace Language="en_US" Tag="LOC_CITY_NAME_SCENARIO_LINAN">
			<Text>Lin'an</Text>
		</Replace>
		<Replace Language="en_US" Tag="LOC_CITY_NAME_SCENARIO_QUANZHOU">
			<Text>Quanzhou</Text>
		</Replace>
		<Replace Language="en_US" Tag="LOC_CITY_NAME_SCENARIO_CHONGQING">
			<Text>Chongqing</Text>
		</Replace>
		<Replace Language="en_US" Tag="LOC_CITY_NAME_SCENARIO_CHANGAN">
			<Text>Chang'an</Text>
		</Replace>
		<Replace Language="en_US" Tag="LOC_CITY_NAME_SCENARIO_PANYU">
			<Text>Panyu</Text>
		</Replace>
		<!-- Chola-->
		<Replace Language="en_US" Tag="LOC_CITY_NAME_SCENARIO_ANURADHAPURA">
			<Text>Anuradhapura</Text>
		</Replace>
		<Replace Language="en_US" Tag="LOC_CITY_NAME_SCENARIO_VENGI">
			<Text>Vengi</Text>
		</Replace>
		<Replace Language="en_US" Tag="LOC_CITY_NAME_SCENARIO_BANAVASI">
			<Text>Banavasi</Text>
		</Replace>
		<Replace Language="en_US" Tag="LOC_CITY_NAME_SCENARIO_KADARAM">
			<Text>Kadaram</Text>
		</Replace>
		<Replace Language="en_US" Tag="LOC_CITY_NAME_SCENARIO_PEGU">
			<Text>Pegu</Text>
		</Replace>
		<Replace Language="en_US" Tag="LOC_CITY_NAME_SCENARIO_MA_NAKKAVARAM">
			<Text>Ma-Nakkavaram</Text>
		</Replace>
		<!-- Ghaznavid-->
		<Replace Language="en_US" Tag="LOC_CITY_NAME_SCENARIO_GHAZNA">
			<Text>Ghazna</Text>
		</Replace>
		<Replace Language="en_US" Tag="LOC_CITY_NAME_SCENARIO_LAHORE">
			<Text>Lahore</Text>
		</Replace>
		<Replace Language="en_US" Tag="LOC_CITY_NAME_SCENARIO_BALKH">
			<Text>Balkh</Text>
		</Replace>
		<!-- Pala-->
		<Replace Language="en_US" Tag="LOC_CITY_NAME_SCENARIO_BIKRAMPUR">
			<Text>Bikrampur</Text>
		</Replace>
		<Replace Language="en_US" Tag="LOC_CITY_NAME_SCENARIO_PATALIPUTRA">
			<Text>Pataliputra</Text>
		</Replace>
		<Replace Language="en_US" Tag="LOC_CITY_NAME_SCENARIO_KANNAUJ">
			<Text>Kannauj</Text>
		</Replace>
		<Replace Language="en_US" Tag="LOC_CITY_NAME_SCENARIO_DURJAYA">
			<Text>Durjaya</Text>
		</Replace>
		<!-- Tufan-->
		<Replace Language="en_US" Tag="LOC_CITY_NAME_SCENARIO_LHASA">
			<Text>Lhasa</Text>
		</Replace>
		<Replace Language="en_US" Tag="LOC_CITY_NAME_SCENARIO_QAMDO">
			<Text>Qamdo</Text>
		</Replace>
		<Replace Language="en_US" Tag="LOC_CITY_NAME_SCENARIO_BURANG">
			<Text>Burang</Text>
		</Replace>
		<Replace Language="en_US" Tag="LOC_CITY_NAME_SCENARIO_XINING">
			<Text>Xining</Text>
		</Replace>
		<Replace Language="en_US" Tag="LOC_CITY_NAME_SCENARIO_NAGQU">
			<Text>Nagqu</Text>
		</Replace>
		<!-- City States-->
		<Replace Language="en_US" Tag="LOC_CITY_NAME_SCENARIO_DALI">
			<Text>Dali</Text>
		</Replace>
		<Replace Language="en_US" Tag="LOC_CIVILIZATION_SCENARIO_DALI_DESCRIPTION">
			<Text>Thành phố-tự trị Dali</Text>
		</Replace>
		<Replace Language="en_US" Tag="LOC_CITY_NAME_SCENARIO_DELHI">
			<Text>Delhi</Text>
		</Replace>
		<Replace Language="en_US" Tag="LOC_CIVILIZATION_SCENARIO_DELHI_DESCRIPTION">
			<Text>Thành phố-tự trị Delhi</Text>
		</Replace>
		<Replace Language="en_US" Tag="LOC_CITY_NAME_SCENARIO_GAOCHANG">
			<Text>Gaochang</Text>
		</Replace>
		<Replace Language="en_US" Tag="LOC_CIVILIZATION_SCENARIO_GAOCHANG_DESCRIPTION">
			<Text>Thành phố-tự trị Gaochang</Text>
		</Replace>
		<Replace Language="en_US" Tag="LOC_CITY_NAME_SCENARIO_GOA">
			<Text>Goa</Text>
		</Replace>
		<Replace Language="en_US" Tag="LOC_CIVILIZATION_SCENARIO_GOA_DESCRIPTION">
			<Text>Thành phố-tự trị Goa</Text>
		</Replace>
		<Replace Language="en_US" Tag="LOC_CITY_NAME_SCENARIO_HEIAN">
			<Text>Heian</Text>
		</Replace>
		<Replace Language="en_US" Tag="LOC_CIVILIZATION_SCENARIO_HEIAN_DESCRIPTION">
			<Text>Thành phố-tự trị Heian</Text>
		</Replace>
		<Replace Language="en_US" Tag="LOC_CITY_NAME_SCENARIO_KAESONG">
			<Text>Kaesong</Text>
		</Replace>
		<Replace Language="en_US" Tag="LOC_CIVILIZATION_SCENARIO_KAESONG_DESCRIPTION">
			<Text>Thành phố-tự trị Kaesong</Text>
		</Replace>
		<Replace Language="en_US" Tag="LOC_CITY_NAME_SCENARIO_KASHGAR">
			<Text>Kashgar</Text>
		</Replace>
		<Replace Language="en_US" Tag="LOC_CIVILIZATION_SCENARIO_KASHGAR_DESCRIPTION">
			<Text>Thành phố-tự trị Kashgar</Text>
		</Replace>
		<Replace Language="en_US" Tag="LOC_CITY_NAME_SCENARIO_KHOTAN">
			<Text>Khotan</Text>
		</Replace>
		<Replace Language="en_US" Tag="LOC_CIVILIZATION_SCENARIO_KHOTAN_DESCRIPTION">
			<Text>Thành phố-tự trị Khotan</Text>
		</Replace>
		<Replace Language="en_US" Tag="LOC_CITY_NAME_SCENARIO_KUCHA">
			<Text>Kucha</Text>
		</Replace>
		<Replace Language="en_US" Tag="LOC_CIVILIZATION_SCENARIO_KUCHA_DESCRIPTION">
			<Text>Thành phố-tự trị Kucha</Text>
		</Replace>
		<Replace Language="en_US" Tag="LOC_CITY_NAME_SCENARIO_LAMPHUN">
			<Text>Lamphun</Text>
		</Replace>
		<Replace Language="en_US" Tag="LOC_CIVILIZATION_SCENARIO_LAMPHUN_DESCRIPTION">
			<Text>Thành phố-tự trị Lamphun</Text>
		</Replace>
		<Replace Language="en_US" Tag="LOC_CITY_NAME_SCENARIO_LAMURI">
			<Text>Lamuri</Text>
		</Replace>
		<Replace Language="en_US" Tag="LOC_CIVILIZATION_SCENARIO_LAMURI_DESCRIPTION">
			<Text>Thành phố-tự trị Lamuri</Text>
		</Replace>
		<Replace Language="en_US" Tag="LOC_CITY_NAME_SCENARIO_MALABANG">
			<Text>Malabang</Text>
		</Replace>
		<Replace Language="en_US" Tag="LOC_CIVILIZATION_SCENARIO_MALABANG_DESCRIPTION">
			<Text>Thành phố-tự trị Malabang</Text>
		</Replace>
		<Replace Language="en_US" Tag="LOC_CITY_NAME_SCENARIO_PAGAN">
			<Text>Pagan</Text>
		</Replace>
		<Replace Language="en_US" Tag="LOC_CIVILIZATION_SCENARIO_PAGAN_DESCRIPTION">
			<Text>Thành phố-tự trị Pagan</Text>
		</Replace>
		<Replace Language="en_US" Tag="LOC_CIVILIZATION_SCENARIO_PALEMBANG_DESCRIPTION">
			<Text>Thành phố-tự trị Palembang</Text>
		</Replace>
		<Replace Language="en_US" Tag="LOC_CITY_NAME_SCENARIO_SAMARKAND">
			<Text>Samarkand</Text>
		</Replace>
		<Replace Language="en_US" Tag="LOC_CIVILIZATION_SCENARIO_SAMARKAND_DESCRIPTION">
			<Text>Thành phố-tự trị Samarkand</Text>
		</Replace>
		<Replace Language="en_US" Tag="LOC_CITY_NAME_SCENARIO_SOMNATH">
			<Text>Somnath</Text>
		</Replace>
		<Replace Language="en_US" Tag="LOC_CIVILIZATION_SCENARIO_SOMNATH_DESCRIPTION">
			<Text>Thành phố-tự trị Somnath</Text>
		</Replace>
		<Replace Language="en_US" Tag="LOC_CITY_NAME_SCENARIO_THANG_LONG">
			<Text>Thăng Long</Text>
		</Replace>
		<Replace Language="en_US" Tag="LOC_CIVILIZATION_SCENARIO_THANG_LONG_DESCRIPTION">
			<Text>Thành phố-tự trị Thăng Long</Text>
		</Replace>
		<Replace Language="en_US" Tag="LOC_CITY_NAME_SCENARIO_TEMASEK">
			<Text>Temasek</Text>
		</Replace>
		<Replace Language="en_US" Tag="LOC_CIVILIZATION_SCENARIO_TEMASEK_DESCRIPTION">
			<Text>Thành phố-tự trị Temasek</Text>
		</Replace>
		<Replace Language="en_US" Tag="LOC_CITY_NAME_SCENARIO_TONDO">
			<Text>Tondo</Text>
		</Replace>
		<Replace Language="en_US" Tag="LOC_CIVILIZATION_SCENARIO_TONDO_DESCRIPTION">
			<Text>Thành phố-tự trị Tondo</Text>
		</Replace>
		<Replace Language="en_US" Tag="LOC_CITY_NAME_SCENARIO_TURPAN">
			<Text>Turpan</Text>
		</Replace>
		<Replace Language="en_US" Tag="LOC_CIVILIZATION_SCENARIO_TURPAN_DESCRIPTION">
			<Text>Thành phố-tự trị Turpan</Text>
		</Replace>
		<Replace Language="en_US" Tag="LOC_CITY_NAME_SCENARIO_UJJAIN">
			<Text>Ujjain</Text>
		</Replace>
		<Replace Language="en_US" Tag="LOC_CIVILIZATION_SCENARIO_UJJAIN_DESCRIPTION">
			<Text>Thành phố-tự trị Ujjain</Text>
		</Replace>
		<Replace Language="en_US" Tag="LOC_CITY_NAME_SCENARIO_VIJAYA">
			<Text>Vijaya</Text>
		</Replace>
		<Replace Language="en_US" Tag="LOC_CIVILIZATION_SCENARIO_VIJAYA_DESCRIPTION">
			<Text>Thành phố-tự trị Vijaya</Text>
		</Replace>
		<Replace Language="en_US" Tag="LOC_CITY_NAME_SCENARIO_XINGQING">
			<Text>Xingqing</Text>
		</Replace>
		<Replace Language="en_US" Tag="LOC_CIVILIZATION_SCENARIO_XINGQING_DESCRIPTION">
			<Text>Thành phố-tự trị Xingqing</Text>
		</Replace>
		<Replace Language="en_US" Tag="LOC_CITY_NAME_SCENARIO_ZHONGJING">
			<Text>Zhongjing</Text>
		</Replace>
		<Replace Language="en_US" Tag="LOC_CIVILIZATION_SCENARIO_ZHONGJING_DESCRIPTION">
			<Text>Thành phố-tự trị Zhongjing</Text>
		</Replace>
		<Replace Language="en_US" Tag="LOC_PEDIA_CITYSTATES_PAGEGROUP_SCENARIO_MARITIME_NAME">
			<Text>Maritime</Text>
		</Replace>
		<!-- City States Traits-->
		<Replace Language="en_US" Tag="LOC_MINOR_CIV_SCENARIO_TRADE_TRAIT_DESCRIPTION">
			<Text>{LOC_MINOR_CIV_SMALL_INFLUENCE_ENVOYS} {LOC_MINOR_CIV_TRADE_TRAIT_SMALL_INFLUENCE_BONUS}[NEWLINE]{LOC_MINOR_CIV_MEDIUM_INFLUENCE_ENVOYS} {LOC_MINOR_CIV_TRADE_TRAIT_MEDIUM_INFLUENCE_BONUS}[NEWLINE]{LOC_MINOR_CIV_LARGE_INFLUENCE_ENVOYS} {LOC_MINOR_CIV_TRADE_TRAIT_LARGE_INFLUENCE_BONUS}</Text>
		</Replace>
		<Replace Language="en_US" Tag="LOC_MINOR_CIV_TRADE_TRAIT_SMALL_INFLUENCE_BONUS">
			<Text>+2 [ICON_Production] Sản xuất cho [ICON_Capital] Thủ đô khi sản xuất các đơn vị</Text>
		</Replace>
		<Replace Language="en_US" Tag="LOC_MINOR_CIV_TRADE_TRAIT_MEDIUM_INFLUENCE_BONUS">
			<Text>+2 [ICON_Production] Sản xuất cho mỗi Trung tâm Thương mại khi sản xuất các đơn vị.</Text>
		</Replace>
		<Replace Language="en_US" Tag="LOC_MINOR_CIV_TRADE_TRAIT_LARGE_INFLUENCE_BONUS">
			<Text>Thêm +2 [ICON_Production] Sản xuất cho mỗi Trung tâm Thương mại khi sản xuất các đơn vị.</Text>
		</Replace>
		<Replace Language="en_US" Tag="LOC_MINOR_CIV_SCENARIO_CULTURAL_TRAIT_DESCRIPTION">
			<Text>{LOC_MINOR_CIV_SMALL_INFLUENCE_ENVOYS} {LOC_MINOR_CIV_CULTURAL_TRAIT_SMALL_INFLUENCE_BONUS}[NEWLINE]{LOC_MINOR_CIV_MEDIUM_INFLUENCE_ENVOYS} {LOC_MINOR_CIV_CULTURAL_TRAIT_MEDIUM_INFLUENCE_BONUS}[NEWLINE]{LOC_MINOR_CIV_LARGE_INFLUENCE_ENVOYS} {LOC_MINOR_CIV_CULTURAL_TRAIT_LARGE_INFLUENCE_BONUS}</Text>
		</Replace>
		<Replace Language="en_US" Tag="LOC_MINOR_CIV_CULTURAL_TRAIT_SMALL_INFLUENCE_BONUS">
			<Text>+2 [ICON_CULTURE] Văn hoá cho [ICON_Capital] Thủ đô.</Text>
		</Replace>
		<Replace Language="en_US" Tag="LOC_MINOR_CIV_CULTURAL_TRAIT_MEDIUM_INFLUENCE_BONUS">
			<Text>+2 [ICON_CULTURE] Văn hoá cho mỗi Thành phố Trung tâm.</Text>
		</Replace>
		<Replace Language="en_US" Tag="LOC_MINOR_CIV_CULTURAL_TRAIT_LARGE_INFLUENCE_BONUS">
			<Text>Thêm +2 [ICON_CULTURE] Văn hoá cho mỗi Thành phố Trung tâm.</Text>
		</Replace>
		<Replace Language="en_US" Tag="LOC_MINOR_CIV_SCENARIO_MARITIME_TRAIT_NAME">
			<Text>Thành phố-tự trị Maritime</Text>
		</Replace>
		<Replace Language="en_US" Tag="LOC_MINOR_CIV_SCENARIO_MARITIME_TRAIT_DESCRIPTION">
			<Text>{LOC_MINOR_CIV_SMALL_INFLUENCE_ENVOYS} {LOC_MINOR_CIV_SCENARIO_MARITIME_TRAIT_SMALL_INFLUENCE_BONUS}[NEWLINE]{LOC_MINOR_CIV_MEDIUM_INFLUENCE_ENVOYS} {LOC_MINOR_CIV_SCENARIO_MARITIME_TRAIT_MEDIUM_INFLUENCE_BONUS}[NEWLINE]{LOC_MINOR_CIV_LARGE_INFLUENCE_ENVOYS} {LOC_MINOR_CIV_SCENARIO_MARITIME_TRAIT_LARGE_INFLUENCE_BONUS}</Text>
		</Replace>
		<Replace Language="en_US" Tag="LOC_MINOR_CIV_SCENARIO_MARITIME_TRAIT_SMALL_INFLUENCE_BONUS">
			<Text>+2 [ICON_FOOD] Thực phẩm cho [ICON_Capital] Thủ đô.</Text>
		</Replace>
		<Replace Language="en_US" Tag="LOC_MINOR_CIV_SCENARIO_MARITIME_TRAIT_MEDIUM_INFLUENCE_BONUS">
			<Text>+2 [ICON_FOOD] Thực phẩm cho mỗi quận Cảng biển.</Text>
		</Replace>
		<Replace Language="en_US" Tag="LOC_MINOR_CIV_SCENARIO_MARITIME_TRAIT_LARGE_INFLUENCE_BONUS">
			<Text>Thêm +2 [ICON_FOOD] Thực phẩm cho mỗi quận Cảng biển.</Text>
		</Replace>
		<Replace Language="en_US" Tag="LOC_MINOR_CIV_SCENARIO_INDUSTRIAL_TRAIT_DESCRIPTION">
			<Text>{LOC_MINOR_CIV_SMALL_INFLUENCE_ENVOYS} {LOC_MINOR_CIV_INDUSTRIAL_TRAIT_SMALL_INFLUENCE_BONUS}[NEWLINE]{LOC_MINOR_CIV_MEDIUM_INFLUENCE_ENVOYS} {LOC_MINOR_CIV_INDUSTRIAL_TRAIT_MEDIUM_INFLUENCE_BONUS}[NEWLINE]{LOC_MINOR_CIV_LARGE_INFLUENCE_ENVOYS} {LOC_MINOR_CIV_INDUSTRIAL_TRAIT_LARGE_INFLUENCE_BONUS}</Text>
		</Replace>
		<Replace Language="en_US" Tag="LOC_MINOR_CIV_INDUSTRIAL_TRAIT_SMALL_INFLUENCE_BONUS">
			<Text>+2 [ICON_Production] Sản xuất cho [ICON_Capital] Thủ đô khi sản xuất các kỳ quan, các tòa nhà và các quận.</Text>
		</Replace>
		<Replace Language="en_US" Tag="LOC_MINOR_CIV_INDUSTRIAL_TRAIT_MEDIUM_INFLUENCE_BONUS">
			<Text>+2 [ICON_Production] Sản xuất cho mỗi quận có công trình Thuỷ lợi khi sản xuất các kỳ quan, các tòa nhà và các quận.</Text>
		</Replace>
		<Replace Language="en_US" Tag="LOC_MINOR_CIV_INDUSTRIAL_TRAIT_LARGE_INFLUENCE_BONUS">
			<Text>Thêm +2 [ICON_Production] Sản xuất cho mỗi quận có công trình Thuỷ lợi khi sản xuất các kỳ quan, các tòa nhà và các quận.</Text>
		</Replace>
		<Replace Language="en_US" Tag="LOC_MINOR_CIV_SCENARIO_DALI_TRAIT_NAME">
			<Text>Thưởng Bá chủ Dali</Text>
		</Replace>
		<Replace Language="en_US" Tag="LOC_MINOR_CIV_SCENARIO_DELHI_TRAIT_NAME">
			<Text>Thưởng Bá chủ Delhi</Text>
		</Replace>
		<Replace Language="en_US" Tag="LOC_MINOR_CIV_SCENARIO_GAOCHANG_TRAIT_NAME">
			<Text>Thưởng Bá chủ Gaochang</Text>
		</Replace>
		<Replace Language="en_US" Tag="LOC_MINOR_CIV_SCENARIO_GOA_TRAIT_NAME">
			<Text>Thưởng Bá chủ Goa</Text>
		</Replace>
		<Replace Language="en_US" Tag="LOC_MINOR_CIV_SCENARIO_HEIAN_TRAIT_NAME">
			<Text>Thưởng Bá chủ Heian</Text>
		</Replace>
		<Replace Language="en_US" Tag="LOC_MINOR_CIV_SCENARIO_KAESONG_TRAIT_NAME">
			<Text>Thưởng Bá chủ Kaesong</Text>
		</Replace>
		<Replace Language="en_US" Tag="LOC_MINOR_CIV_SCENARIO_KASHGAR_TRAIT_NAME">
			<Text>Thưởng Bá chủ Kashgar</Text>
		</Replace>
		<Replace Language="en_US" Tag="LOC_MINOR_CIV_SCENARIO_KHOTAN_TRAIT_NAME">
			<Text>Thưởng Bá chủ Khotan</Text>
		</Replace>
		<Replace Language="en_US" Tag="LOC_MINOR_CIV_SCENARIO_KUCHA_TRAIT_NAME">
			<Text>Thưởng Bá chủ Kucha</Text>
		</Replace>
		<Replace Language="en_US" Tag="LOC_MINOR_CIV_SCENARIO_LAMPHUN_TRAIT_NAME">
			<Text>Thưởng Bá chủ Lamphun</Text>
		</Replace>
		<Replace Language="en_US" Tag="LOC_MINOR_CIV_SCENARIO_LAMURI_TRAIT_NAME">
			<Text>Thưởng Bá chủ Lamuri</Text>
		</Replace>
		<Replace Language="en_US" Tag="LOC_MINOR_CIV_SCENARIO_MALABANG_TRAIT_NAME">
			<Text>Thưởng Bá chủ Malabang</Text>
		</Replace>
		<Replace Language="en_US" Tag="LOC_MINOR_CIV_SCENARIO_PAGAN_TRAIT_NAME">
			<Text>Thưởng Bá chủ Pagan</Text>
		</Replace>
		<Replace Language="en_US" Tag="LOC_MINOR_CIV_SCENARIO_PALEMBANG_TRAIT_NAME">
			<Text>Thưởng Bá chủ Palembang</Text>
		</Replace>
		<Replace Language="en_US" Tag="LOC_MINOR_CIV_SCENARIO_SAMARKAND_TRAIT_NAME">
			<Text>Thưởng Bá chủ Samarkand</Text>
		</Replace>
		<Replace Language="en_US" Tag="LOC_MINOR_CIV_SCENARIO_SOMNATH_TRAIT_NAME">
			<Text>Thưởng Bá chủ Somnath</Text>
		</Replace>
		<Replace Language="en_US" Tag="LOC_MINOR_CIV_SCENARIO_THANG_LONG_TRAIT_NAME">
			<Text>Thưởng Bá chủ Thăng Long</Text>
		</Replace>
		<Replace Language="en_US" Tag="LOC_MINOR_CIV_SCENARIO_TEMASEK_TRAIT_NAME">
			<Text>Thưởng Bá chủ Temasek</Text>
		</Replace>
		<Replace Language="en_US" Tag="LOC_MINOR_CIV_SCENARIO_TONDO_TRAIT_NAME">
			<Text>Thưởng Bá chủ Tondo</Text>
		</Replace>
		<Replace Language="en_US" Tag="LOC_MINOR_CIV_SCENARIO_TURPAN_TRAIT_NAME">
			<Text>Thưởng Bá chủ Turpan</Text>
		</Replace>
		<Replace Language="en_US" Tag="LOC_MINOR_CIV_SCENARIO_UJJAIN_TRAIT_NAME">
			<Text>Thưởng Bá chủ Ujjain</Text>
		</Replace>
		<Replace Language="en_US" Tag="LOC_MINOR_CIV_SCENARIO_VIJAYA_TRAIT_NAME">
			<Text>Thưởng Bá chủ Vijaya</Text>
		</Replace>
		<Replace Language="en_US" Tag="LOC_MINOR_CIV_SCENARIO_XINGQING_TRAIT_NAME">
			<Text>Thưởng Bá chủ Xingqing</Text>
		</Replace>
		<Replace Language="en_US" Tag="LOC_MINOR_CIV_SCENARIO_ZHONGJING_TRAIT_NAME">
			<Text>Thưởng Bá chủ Zhongjing</Text>
		</Replace>
		<Replace Language="en_US" Tag="LOC_MINOR_CIV_SCENARIO_BANDAR_BRUNEI_TRAIT_DESCRIPTION">
			<Text>Các quận của bạn ở ven hoặc tiếp giáp bờ biển cung cấp +2 [ICON_FAITH] Đức tin.</Text>
		</Replace>
		<Replace Language="en_US" Tag="LOC_MINOR_CIV_SCENARIO_DALI_TRAIT_DESCRIPTION">
			<Text>+1 [ICON_Amenities] Tiện nghi cho các thành phố có một Trung tâm Thương mại.</Text>
		</Replace>
		<Replace Language="en_US" Tag="LOC_MINOR_CIV_SCENARIO_DELHI_TRAIT_DESCRIPTION">
			<Text>Các [ICON_TradeRoute] Tuyến đường thương mại của bạn tới bất kỳ thành phố-tự trị nào cung cấp +2 [ICON_FAITH] Đức tin cho mỗi thành phố có nét đặc trưng riêng biệt.</Text>
		</Replace>
		<Replace Language="en_US" Tag="LOC_MINOR_CIV_SCENARIO_GAOCHANG_TRAIT_DESCRIPTION">
			<Text>+1 [ICON_Amenities] Tiện nghi cho các thành phố có một Trung tâm Thương mại.</Text>
		</Replace>
		<Replace Language="en_US" Tag="LOC_MINOR_CIV_SCENARIO_GOA_TRAIT_DESCRIPTION">
			<Text>Các quận của bạn ở ven hoặc tiếp giáp bờ biển cung cấp +2 [ICON_FAITH] Đức tin.</Text>
		</Replace>
		<Replace Language="en_US" Tag="LOC_MINOR_CIV_SCENARIO_HEIAN_TRAIT_DESCRIPTION">
			<Text>Các quận của bạn ở ven hoặc tiếp giáp bờ biển cung cấp +2 [ICON_FAITH] Đức tin.</Text>
		</Replace>
		<Replace Language="en_US" Tag="LOC_MINOR_CIV_SCENARIO_KAESONG_TRAIT_DESCRIPTION">
			<Text>Các [ICON_TradeRoute] Tuyến đường thương mại của bạn tới bất kỳ thành phố-tự trị nào cung cấp +2 [ICON_FAITH] Đức tin cho mỗi thành phố có nét đặc trưng riêng biệt.</Text>
		</Replace>
		<Replace Language="en_US" Tag="LOC_MINOR_CIV_SCENARIO_KASHGAR_TRAIT_DESCRIPTION">
			<Text>Các [ICON_TradeRoute] Tuyến đường thương mại của bạn tới các thành phố nước ngoài kiếm được +1 [ICON_FAITH] Đức tin cho mỗi tài nguyên Quý tại đích đến.</Text>
		</Replace>
		<Replace Language="en_US" Tag="LOC_MINOR_CIV_SCENARIO_KHOTAN_TRAIT_DESCRIPTION">
			<Text>+1 [ICON_Amenities] Tiện nghi cho các thành phố có một Trung tâm Thương mại.</Text>
		</Replace>
		<Replace Language="en_US" Tag="LOC_MINOR_CIV_SCENARIO_KUCHA_TRAIT_DESCRIPTION">
			<Text>Các [ICON_TradingPost] Trạm thương mại của bạn ở các thành phố nước ngoài cung cấp +1 [ICON_CULTURE] Văn hóa cho các [ICON_TradeRoute] Tuyến đường thương mại của bạn đi qua hoặc đi đến thành phố.</Text>
		</Replace>
		<Replace Language="en_US" Tag="LOC_MINOR_CIV_SCENARIO_LAMPHUN_TRAIT_DESCRIPTION">
			<Text>Bạn được thưởng tài nguyên giống như tài nguyên Quý, cung cấp 1 [ICON_Amenities] Tiện nghi cho mỗi loại.</Text>
		</Replace>
		<Replace Language="en_US" Tag="LOC_MINOR_CIV_SCENARIO_LAMURI_TRAIT_DESCRIPTION">
			<Text>Các [ICON_TradeRoute] Tuyến đường thương mại của bạn tới bất kỳ thành phố-tự trị nào cung cấp +2 [ICON_FAITH] Đức tin cho mỗi thành phố có nét đặc trưng riêng biệt.</Text>
		</Replace>
		<Replace Language="en_US" Tag="LOC_MINOR_CIV_SCENARIO_MALABANG_TRAIT_DESCRIPTION">
			<Text>Các [ICON_TradeRoute] Tuyến đường thương mại của bạn tới bất kỳ thành phố-tự trị nào cung cấp +2 [ICON_FAITH] Đức tin cho mỗi thành phố có nét đặc trưng riêng biệt.</Text>
		</Replace>
		<Replace Language="en_US" Tag="LOC_MINOR_CIV_SCENARIO_PAGAN_TRAIT_DESCRIPTION">
			<Text>Các [ICON_TradeRoute] Tuyến đường thương mại của bạn tới bất kỳ thành phố-tự trị nào cung cấp +2 [ICON_FAITH] Đức tin cho mỗi thành phố có nét đặc trưng riêng biệt.</Text>
		</Replace>
		<Replace Language="en_US" Tag="LOC_MINOR_CIV_SCENARIO_PALEMBANG_TRAIT_DESCRIPTION">
			<Text>+1 [ICON_Amenities] Tiện nghi cho các thành phố có một Trung tâm Thương mại.</Text>
		</Replace>
		<Replace Language="en_US" Tag="LOC_MINOR_CIV_SCENARIO_SAMARKAND_TRAIT_DESCRIPTION">
			<Text>+1 [ICON_Amenities] Tiện nghi cho các thành phố có một Trung tâm Thương mại.</Text>
		</Replace>
		<Replace Language="en_US" Tag="LOC_MINOR_CIV_SCENARIO_SOMNATH_TRAIT_DESCRIPTION">
			<Text>Các [ICON_TradeRoute] Tuyến đường thương mại của bạn tới bất kỳ thành phố-tự trị nào cung cấp +2 [ICON_FAITH] Đức tin cho mỗi thành phố có nét đặc trưng riêng biệt.</Text>
		</Replace>
		<Replace Language="en_US" Tag="LOC_MINOR_CIV_SCENARIO_THANG_LONG_TRAIT_DESCRIPTION">
			<Text>Các quận của bạn ở ven hoặc tiếp giáp bờ biển cung cấp +2 [ICON_FAITH] Đức tin.</Text>
		</Replace>
		<Replace Language="en_US" Tag="LOC_MINOR_CIV_SCENARIO_TEMASEK_TRAIT_DESCRIPTION">
			<Text>Bạn được thưởng tài nguyên giống như tài nguyên Quý, cung cấp 1 [ICON_Amenities] Tiện nghi cho mỗi loại.</Text>
		</Replace>
		<Replace Language="en_US" Tag="LOC_MINOR_CIV_SCENARIO_TONDO_TRAIT_DESCRIPTION">
			<Text>Các quận của bạn ở ven hoặc tiếp giáp bờ biển cung cấp +2 [ICON_FAITH] Đức tin.</Text>
		</Replace>
		<Replace Language="en_US" Tag="LOC_MINOR_CIV_SCENARIO_TURPAN_TRAIT_DESCRIPTION">
			<Text>Các [ICON_TradeRoute] Tuyến đường thương mại của bạn tới bất kỳ thành phố-tự trị nào cung cấp +2 [ICON_FAITH] Đức tin cho mỗi thành phố có nét đặc trưng riêng biệt.</Text>
		</Replace>
		<Replace Language="en_US" Tag="LOC_MINOR_CIV_SCENARIO_UJJAIN_TRAIT_DESCRIPTION">
			<Text>Bạn được thưởng tài nguyên giống như tài nguyên Quý, cung cấp 1 [ICON_Amenities] Tiện nghi cho mỗi loại.</Text>
		</Replace>
		<Replace Language="en_US" Tag="LOC_MINOR_CIV_SCENARIO_VIJAYA_TRAIT_DESCRIPTION">
			<Text>Các [ICON_TradeRoute] Tuyến đường thương mại của bạn tới bất kỳ thành phố-tự trị nào cung cấp +2 [ICON_FAITH] Đức tin cho mỗi thành phố có nét đặc trưng riêng biệt.</Text>
		</Replace>
		<Replace Language="en_US" Tag="LOC_MINOR_CIV_SCENARIO_XINGQING_TRAIT_DESCRIPTION">
			<Text>Bạn được thưởng tài nguyên giống như tài nguyên Quý, cung cấp 1 [ICON_Amenities] Tiện nghi cho mỗi loại.</Text>
		</Replace>
		<Replace Language="en_US" Tag="LOC_MINOR_CIV_SCENARIO_ZHONGJING_TRAIT_DESCRIPTION">
			<Text>Các [ICON_TradingPost] Trạm thương mại của bạn ở các thành phố nước ngoài cung cấp +1 [ICON_CULTURE] Văn hóa cho các [ICON_TradeRoute] Tuyến đường thương mại của bạn đi qua hoặc đi đến thành phố.</Text>
		</Replace>
		<!-- Civics-->
		<Replace Language="en_US" Tag="LOC_CIVIC_SCENARIO_PAPERMAKING_NAME">
			<Text>Làm giấy</Text>
		</Replace>
		<Replace Language="en_US" Tag="LOC_BOOST_TRIGGER_SCENARIO_LONGDESC_PRINTING">
			<Text>Ghi chép vào giấy. Các trang giấy. Các trang sách. Sách cho tri thức. Tri thức tới tâm hồn.</Text>
		</Replace>
		<Replace Language="en_US" Tag="LOC_CIVIC_SCENARIO_COMPASS_NAME">
			<Text>La bàn</Text>
		</Replace>
		<Replace Language="en_US" Tag="LOC_CIVIC_SCENARIO_CELESTIAL_NAVIGATION_DESCRIPTION">
			<Text>+2 [ICON_Movement] Di chuyển cho các đơn vị lên thuyền.</Text>
		</Replace>
		<Replace Language="en_US" Tag="LOC_CIVIC_SCENARIO_FUTURE_CIVIC_DESCRIPTION">
			<Text>Có thể hoàn thành nhiều lần, tăng số [ICON_Envoy] Phái viên của bạn.</Text>
		</Replace>
		<Replace Language="en_US" Tag="LOC_BOOST_TRIGGER_SCENARIO_LONGDESC_GUILDS">
			<Text>Khi các thành phố của chúng ta thịnh vượng, những người có cùng-chí hướng sẽ cùng nhau đi đến thành công.</Text>
		</Replace>
		<Replace Language="en_US" Tag="LOC_BOOST_TRIGGER_SCENARIO_ENGINEERING">
			<Text>Xây 3 Đền thờ.</Text>
		</Replace>
		<Replace Language="en_US" Tag="LOC_BOOST_TRIGGER_SCENARIO_LONGDESC_ENGINEERING">
			<Text>Một cubit tiêu chuẩn có giá trị như trong thế giới thực.</Text>
		</Replace>
		<Replace Language="en_US" Tag="LOC_BOOST_TRIGGER_SCENARIO_THEOLOGY">
			<Text>Sở hữu 3 Nhà Truyền giáo.</Text>
		</Replace>
		<Replace Language="en_US" Tag="LOC_BOOST_TRIGGER_SCENARIO_LONGDESC_THEOLOGY">
			<Text>Khi chúng ta gửi những Nhà truyền giáo, chúng ta tìm kiếm các đức tin chính thống.</Text>
		</Replace>
		<Replace Language="en_US" Tag="LOC_BOOST_TRIGGER_SCENARIO_MACHINERY">
			<Text>Xây 2 công trình Thuỷ lợi.</Text>
		</Replace>
		<Replace Language="en_US" Tag="LOC_BOOST_TRIGGER_SCENARIO_LONGDESC_MACHINERY">
			<Text>"Tưởng tượng một bánh xe nước," Kỹ sư của chúng tôi nói, "chuyển động hầu như bất cứ đâu!"</Text>
		</Replace>
		<Replace Language="en_US" Tag="LOC_BOOST_TRIGGER_SCENARIO_FEUDALISM">
			<Text>Tăng dân số một thành phố lên 14.</Text>
		</Replace>
		<Replace Language="en_US" Tag="LOC_BOOST_TRIGGER_SCENARIO_LONGDESC_FEUDALISM">
			<Text>Các thành phố của chúng ta rất đông dân số. Chúng ta hãy phân chia bổn phận từ vua tới thường dân.</Text>
		</Replace>
		<Replace Language="en_US" Tag="LOC_BOOST_TRIGGER_SCENARIO_PAPERMAKING">
			<Text>Duy trì 3 [ICON_TradeRoute] Tuyến đường thương mại.</Text>
		</Replace>
		<Replace Language="en_US" Tag="LOC_BOOST_TRIGGER_SCENARIO_LONGDESC_PAPERMAKING">
			<Text>Chắc chắn phải có một cách tốt hơn để lưu giữ các bản ghi của đoàn hành thương hơn là đánh dấu trên các mảnh vỡ?</Text>
		</Replace>
		<Replace Language="en_US" Tag="LOC_BOOST_TRIGGER_SCENARIO_CIVIL_SERVICE">
			<Text>Trở thành Bá chủ của 3 thành phố-tự trị.</Text>
		</Replace>
		<Replace Language="en_US" Tag="LOC_BOOST_TRIGGER_SCENARIO_LONGDESC_CIVIL_SERVICE">
			<Text>Điều gì sẽ xảy ra nếu bạn ủy thác cho các phái đoàn đến gặp người lãnh đạo các quân đoàn?</Text>
		</Replace>
		<Replace Language="en_US" Tag="LOC_BOOST_TRIGGER_SCENARIO_BANKING">
			<Text>Xây 3 Chợ.</Text>
		</Replace>
		<Replace Language="en_US" Tag="LOC_BOOST_TRIGGER_SCENARIO_LONGDESC_BANKING">
			<Text>Đường tới thiên đàng tốt hơn vàng rất nhiều, nhưng vàng là phần thưởng đáng giá nhất.</Text>
		</Replace>
		<Replace Language="en_US" Tag="LOC_BOOST_TRIGGER_SCENARIO_COMPASS">
			<Text>Xây 3 Hải đăng.</Text>
		</Replace>
		<Replace Language="en_US" Tag="LOC_BOOST_TRIGGER_SCENARIO_LONGDESC_COMPASS">
			<Text>Một thuỷ thủ mơ ước đi thuyền khắp mọi nơi và trở thành một ngọn hải đăng sống để hướng dẫn mọi người.</Text>
		</Replace>
		<Replace Language="en_US" Tag="LOC_BOOST_TRIGGER_SCENARIO_DIVINE_RIGHT">
			<Text>Có 15 thành phố theo Tôn giáo của bạn.</Text>
		</Replace>
		<Replace Language="en_US" Tag="LOC_BOOST_TRIGGER_SCENARIO_LONGDESC_DIVINE_RIGHT">
			<Text>Bằng chứng nào tốt hơn sự chuẩn mực trong đức tin của bạn trong con mắt của rất nhiều người theo bạn?</Text>
		</Replace>
		<!-- Districts-->
		<Replace Language="en_US" Tag="LOC_DISTRICT_SCENARIO_RIVER_CULTURE">
			<Text>+{1_num} [ICON_CULTURE] Văn hoá khi liền kề Sông.</Text>
		</Replace>
		<Replace Language="en_US" Tag="LOC_DISTRICT_SCENARIO_HARBOR_CULTURE">
			<Text>+{1_num} [ICON_CULTURE] Văn hoá khi liền kề quận cảng Biển.</Text>
		</Replace>
		<Replace Language="en_US" Tag="LOC_DISTRICT_SCENARIO_CITY_CENTER_CULTURE">
			<Text>+{1_num} [ICON_CULTURE] Văn hoá khi liền kề Thành phố Trung tâm.</Text>
		</Replace>
		<Replace Language="en_US" Tag="LOC_DISTRICT_SCENARIO_DISTRICT_CULTURE">
			<Text>+{1_num} [ICON_CULTURE] Văn hoá khi liền kề {1_Num : plural 1?district; other?districts;}.</Text>
		</Replace>
		<Replace Language="en_US" Tag="LOC_DISTRICT_SCENARIO_SEARESOURCE_CULTURE">
			<Text>+{1_num} [ICON_CULTURE] Văn khoá khi liền kề biển {1_Num : plural 1?resource; other?resources;}.</Text>
		</Replace>
		<!-- Governments-->
		<Replace Language="en_US" Tag="LOC_GOVT_INHERENT_BONUS_SCENARIO_MONARCHY_DESCRIPTION">
			<Text>Thủ đô nhận được +3 [ICON_FAITH] Đức tin, +1 [ICON_CULTURE] Văn hoá, +1 [ICON_PRODUCTION] Sản xuất, và +1 [ICON_FOOD] Thực phẩm.</Text>
		</Replace>
		<Replace Language="en_US" Tag="LOC_GOVERNMENT_SCENARIO_THALASSOCRACY_NAME">
			<Text>Chủ quyền lãnh hải</Text>
		</Replace>
		<Replace Language="en_US" Tag="LOC_GOVT_INHERENT_BONUS_SCENARIO_THALASSOCRACY_DESCRIPTION">
			<Text>+1 [ICON_FAITH] Đức tin cho mỗi Thuyền đánh Cá.</Text>
		</Replace>
		<Replace Language="en_US" Tag="LOC_GOVT_INHERENT_BONUS_SCENARIO_THEOCRACY_DESCRIPTION">
			<Text>Tất cả đơn vị Tôn giáo đều có khả năng Martyr cho phép tạo ra [ICON_GreatWork_Relic] Thánh tích nếu đơn vị này chết trong Chiến tranh Thần học.</Text>
		</Replace>
		<!-- Improvements-->
		<Replace Language="en_US" Tag="LOC_IMPROVEMENT_SCENARIO_CAMP_DESCRIPTION">
			<Text>Mở khoá khả năng của Thợ Xây để xây dựng Khu Doanh trại.[NEWLINE][NEWLINE]+1 [ICON_FOOD] Thực phẩm. Chỉ có thể xây dựng trên các tài nguyên hợp lệ.[NEWLINE][NEWLINE]Nếu xây dựng trên các tài nguyên Quý, thành phố sẽ sử dụng tài nguyên đó.</Text>
		</Replace>
		<Replace Language="en_US" Tag="LOC_IMPROVEMENT_SCENARIO_MINE_DESCRIPTION">
			<Text>Mở khoá khả năng của Thợ Xây để xây dựng Khu Mỏ.[NEWLINE][NEWLINE]+1 [ICON_Production] Sản xuất. -1 Hấp dẫn. Có thể được xây dựng trên những ngọn đồi hoặc nguồn tài nguyên hợp lệ.[NEWLINE][NEWLINE]Nếu xây dựng trên các tài nguyên Quý, thành phố sẽ sử dụng tài nguyên đó.</Text>
		</Replace>
		<Replace Language="en_US" Tag="LOC_IMPROVEMENT_SCENARIO_PASTURE_DESCRIPTION">
			<Text>Mở khoá khả năng của Thợ Xây để xây dựng các Bãi chăn.[NEWLINE][NEWLINE]+1 [ICON_Production] Sản xuất.Chỉ có thể xây dựng trên các tài nguyên hợp lệ.[NEWLINE][NEWLINE]Nếu xây dựng trên các tài nguyên Quý, thành phố sẽ sử dụng tài nguyên đó.</Text>
		</Replace>
		<Replace Language="en_US" Tag="LOC_IMPROVEMENT_SCENARIO_PLANTATION_DESCRIPTION">
			<Text>Mở khoá khả năng của Thợ Xây để xây dựng các Đồn điền.[NEWLINE][NEWLINE]+1 [ICON_FOOD] Thực phẩm. Chỉ có thể xây dựng trên các tài nguyên hợp lệ.[NEWLINE][NEWLINE]Nếu xây dựng trên các tài nguyên Quý, thành phố sẽ sử dụng tài nguyên đó.</Text>
		</Replace>
		<Replace Language="en_US" Tag="LOC_IMPROVEMENT_SCENARIO_KAMPUNG_DESCRIPTION">
			<Text>Mở khoá khả năng của Thợ Xây để xây dựng một Nhà chài Kampung.[NEWLINE][NEWLINE]+1 [ICON_PRODUCTION] Snar xuất và +1 [ICON_Housing] Nhà ở.+1 [ICON_FOOD] Thực phẩm cho mỗi Thuyền đánh Cá gần đó. Phải được đặt trên bờ Biển hoặc Hồ cạnh một nguồn tài nguyên biển.</Text>
		</Replace>
		<!-- Policies-->
		<Replace Language="en_US" Tag="LOC_POLICY_SCENARIO_URBAN_PLANNING_DESCRIPTION">
			<Text>+1 [ICON_FAITH] Đức tin cho tất cả các thành phố.</Text>
		</Replace>
		<Replace Language="en_US" Tag="LOC_POLICY_SCENARIO_CARAVANSARIES_DESCRIPTION">
			<Text>+1 [ICON_FAITH] Đức tin cho các [ICON_TradeRoute] Tuyến đường thương mại quốc tế.</Text>
		</Replace>
		<Replace Language="en_US" Tag="LOC_POLICY_SCENARIO_NOBLE_PATH_NAME">
			<Text>Con đường Quý tộc</Text>
		</Replace>
		<Replace Language="en_US" Tag="LOC_POLICY_SCENARIO_NOBLE_PATH_DESCRIPTION">
			<Text>+1 [ICON_FAITH] Đức tin cho các [ICON_TradeRoute] Tuyến đường thương mại nội địa.</Text>
		</Replace>
		<Replace Language="en_US" Tag="LOC_POLICY_SCENARIO_CORVEE_DESCRIPTION">
			<Text>+15% [ICON_Production] Sản xuất cho các kỳ quan.</Text>
		</Replace>
		<Replace Language="en_US" Tag="LOC_POLICY_SCENARIO_DEVOTION_NAME">
			<Text>Sùng đạo</Text>
		</Replace>
		<Replace Language="en_US" Tag="LOC_POLICY_SCENARIO_DEVOTION_DESCRIPTION">
			<Text>+25% [ICON_Production] Sản xuất cho các đơn vị tôn giáo.</Text>
		</Replace>
		<Replace Language="en_US" Tag="LOC_POLICY_SCENARIO_RAJ_DESCRIPTION">
			<Text>+6 [ICON_Faith] Đức tin cho mỗi thành phố-tự trị mà bạn làm Bá chủ.</Text>
		</Replace>
		<Replace Language="en_US" Tag="LOC_POLICY_SCENARIO_MERITOCRACY_DESCRIPTION">
			<Text>Mỗi thành phố nhận được +1 [ICON_FAITH] Đức tin cho mỗi quận có nét đặc trưng riêng biệt được xây dựng.</Text>
		</Replace>
		<Replace Language="en_US" Tag="LOC_POLICY_SCENARIO_MERCHANT_CONFEDERATION_DESCRIPTION">
			<Text>+1 [ICON_FAITH] Đức tin cho các [ICON_Envoy] Phái viên của bạn tại các thành phố-tự trị.</Text>
		</Replace>
		<Replace Language="en_US" Tag="LOC_POLICY_SCENARIO_CHARITY_NAME">
			<Text>Từ thiện</Text>
		</Replace>
		<Replace Language="en_US" Tag="LOC_POLICY_SCENARIO_QUECHANG_NAME">
			<Text>Quechang</Text>
		</Replace>
		<Replace Language="en_US" Tag="LOC_POLICY_SCENARIO_QUECHANG_DESCRIPTION">
			<Text>+100% [ICON_PRODUCTION] Sản xuất cho các quận có Trung tâm Thương mại.</Text>
		</Replace>
		<Replace Language="en_US" Tag="LOC_POLICY_SCENARIO_TRADE_CONFEDERATION_DESCRIPTION">
			<Text>+3 [ICON_FAITH] Đức tin cho tất cả các [ICON_TradeRoute] Tuyến đường thương mại.</Text>
		</Replace>
		<Replace Language="en_US" Tag="LOC_POLICY_SCENARIO_JUNK_NAME">
			<Text>Ghe</Text>
		</Replace>
		<Replace Language="en_US" Tag="LOC_POLICY_SCENARIO_JUNK_DESCRIPTION">
			<Text>Tăng gấp đôi [ICON_FOOD] Thực phẩm và [ICON_PRODUCTION] Sản xuất cho các Quận Cảng biển.</Text>
		</Replace>
		<Replace Language="en_US" Tag="LOC_POLICY_SCENARIO_FESTIVALS_NAME">
			<Text>Lễ hội</Text>
		</Replace>
		<!-- Projects-->
		<Replace Language="en_US" Tag="LOC_PROJECT_SCENARIO_ENHANCE_DISTRICT_HARBOR_DESCRIPTION">
			<Text>Dự án cấp-quận cung cấp [ICON_CULTURE] Văn hoá ở mỗi lượt.</Text>
		</Replace>
		<Replace Language="en_US" Tag="LOC_PROJECT_SCENARIO_ENHANCE_DISTRICT_COMMERCIAL_HUB_DESCRIPTION">
			<Text>Dự án cấp-quận cung cấp [ICON_CULTURE] Văn hoá ở mỗi lượt.</Text>
		</Replace>
		<Replace Language="en_US" Tag="LOC_PROJECT_SCENARIO_ENHANCE_DISTRICT_HOLY_SITE_DESCRIPTION">
			<Text>Dự án cấp-quận cung cấp một lượng lớn [ICON_FAITH] Đức tin ở mỗi lượt</Text>
		</Replace>
		<!-- Religion-->
		<Replace Language="en_US" Tag="LOC_RELIGION_SCENARIO_CUSTOM1_NAME">
			<Text>Shaivism</Text>
		</Replace>
		<Replace Language="en_US" Tag="LOC_RELIGION_SCENARIO_CUSTOM2_NAME">
			<Text>Đạo Hindu</Text>
		</Replace>
		<Replace Language="en_US" Tag="LOC_RELIGION_SCENARIO_CUSTOM3_NAME">
			<Text>Phật giáo Tiểu thừa</Text>
		</Replace>
		<Replace Language="en_US" Tag="LOC_RELIGION_SCENARIO_CUSTOM4_NAME">
			<Text>Phật giáo Đại thừa</Text>
		</Replace>
		<Replace Language="en_US" Tag="LOC_RELIGION_SCENARIO_CUSTOM5_NAME">
			<Text>Phật giáo Kim cương</Text>
		</Replace>
		<Replace Language="en_US" Tag="LOC_BELIEF_SCENARIO_GOD_OF_THE_OPEN_SKY_DESCRIPTION">
			<Text>+2 [ICON_FOOD] Thực phẩm từ Bãi Chăn.</Text>
		</Replace>
		<Replace Language="en_US" Tag="LOC_BELIEF_SCENARIO_STONE_CIRCLES_DESCRIPTION">
			<Text>+2 [ICON_Faith] Đức tin và +2 [ICON_Production] Sản xuất cho Mỏ đá.</Text>
		</Replace>
		<Replace Language="en_US" Tag="LOC_BELIEF_SCENARIO_DANA_NAME">
			<Text>Dāna</Text>
		</Replace>
		<Replace Language="en_US" Tag="LOC_BELIEF_SCENARIO_DANA_DESCRIPTION">
			<Text>Mỗi kho Thóc cung cấp +3 [ICON_FAITH] Đức tin. +1 [ICON_Amenities] Tiện nghi cho mỗi thành phố.</Text>
		</Replace>
		<Replace Language="en_US" Tag="LOC_BELIEF_SCENARIO_NUSANTARA_DESCRIPTION">
			<Text>Bờ Biển và Hồ cung cấp một khoản thưởng nhỏ cho các quận có Khu Tôn giáo.</Text>
		</Replace>
		<Replace Language="en_US" Tag="LOC_BELIEF_SCENARIO_LINGA_NAME">
			<Text>Linga</Text>
		</Replace>
		<Replace Language="en_US" Tag="LOC_BELIEF_SCENARIO_LINGA_DESCRIPTION">
			<Text>Có thể mua Trung tâm Thương mại và quận Cảng biển bằng [ICON_Faith] Đức tin.</Text>
		</Replace>
		<Replace Language="en_US" Tag="LOC_BELIEF_SCENARIO_VAJRAYANA_STUPA_NAME">
			<Text>Di tháp Phật giáo Kim cương</Text>
		</Replace>
		<Replace Language="en_US" Tag="LOC_BELIEF_SCENARIO_VAJRAYANA_STUPA_DESCRIPTION">
			<Text>Cho phép xây dựng các Di tháp (+3 [ICON_Faith] Đức tin, +1 [ICON_Amenities] Tiện nghở) Mở khóa bằng In ấn.</Text>
		</Replace>
		<Replace Language="en_US" Tag="LOC_BELIEF_SCENARIO_MAHAYANA_STUPA_NAME">
			<Text>Di tháp Phật giáo đại thừa</Text>
		</Replace>
		<Replace Language="en_US" Tag="LOC_BELIEF_SCENARIO_MAHAYANA_STUPA_DESCRIPTION">
			<Text>Cho phép xây dựng các Di tháp (+3 [ICON_Faith] Đức tin, +1 [ICON_Amenities] Tiện nghở) Mở khóa bằng In ấn.</Text>
		</Replace>
		<Replace Language="en_US" Tag="LOC_BELIEF_SCENARIO_STEWARDSHIP_DESCRIPTION">
			<Text>Mỗi Trung tâm Thương mại hoặc quận Cảng biển trong một thành phố theo Tôn giáo này cung cấp +1 [ICON_FAITH] Đức tin.</Text>
		</Replace>
		<Replace Language="en_US" Tag="LOC_BELIEF_SCENARIO_KAMPUNG_DESCRIPTION">
			<Text>Các Thợ Xây của bạn có thể cải tiến Nhà chài Kampung. Mở khóa bằng Hội Nhóm.</Text>
		</Replace>
		<Replace Language="en_US" Tag="LOC_BELIEF_SCENARIO_MOSQUE_DESCRIPTION">
			<Text>Cho phép xây dựng các Thánh đường Hồi giáo (+3 [ICON_Faith] Đức tin). Các đơn vị Nhà Truyền giáo và Nhà Sư +1 Truyền bá. Mở khóa bằng In ấn.</Text>
		</Replace>
		<Replace Language="en_US" Tag="LOC_BELIEF_SCENARIO_PAGODA_DESCRIPTION">
			<Text>Cho phép xây dựng các Chùa (+3 [ICON_Faith] Đức tin). Các đơn vị Thầy tu +1 Xoá bỏ Dị Giáo và Đại Thầy tu +1 Sức Hồi phục. Mở khóa bằng In ấn.</Text>
		</Replace>
		<Replace Language="en_US" Tag="LOC_BELIEF_SCENARIO_WAT_DESCRIPTION">
			<Text>Cho phép xây dựng các Tu viện (+3 [ICON_Faith] Đức tin, +1 [ICON_Housing] Nhà ở). Mở khóa bằng In ấn.</Text>
		</Replace>
		<Replace Language="en_US" Tag="LOC_BELIEF_SCENARIO_HOLY_ORDER_DESCRIPTION">
			<Text>Mua các Nhà Truyền giáo và các Nhà sư rẻ hơn 30%.</Text>
		</Replace>
		<Replace Language="en_US" Tag="LOC_BELIEF_SCENARIO_YOGA_NAME">
			<Text>Yôga</Text>
		</Replace>
		<Replace Language="en_US" Tag="LOC_BELIEF_SCENARIO_YOGA_DESCRIPTION">
			<Text>Có thể mua các đơn vị dân cư bằng [ICON_Faith] Đức tin.</Text>
		</Replace>
		<!-- Route-->
		<Replace Language="en_US" Tag="LOC_ROUTE_SCENARIO_ANCIENT_ROAD_DESCRIPTION">
			<Text>Được đặt sẵn khi bắt đầu kịch bản chơi. Cải thiện tốc độ [ICON_Movement] Di chuyển của bất kỳ đơn vị nào di chuyển từ con đường tới nơi khác.</Text>
		</Replace>
		<Replace Language="en_US" Tag="LOC_ROUTE_SCENARIO_MEDIEVAL_ROAD_DESCRIPTION">
			<Text>Được đặt sẵn khi bắt đầu kịch bản chơi. Cải thiện tốc độ [ICON_Movement] Di chuyển của bất kỳ đơn vị nào di chuyển từ con đường tới nơi khác.</Text>
		</Replace>
		<!-- Scoring-->
		<Replace Language="en_US" Tag="LOC_SCENARIO_CATEGORY_SCENARIO_FOLLOWERS_NAME">
			<Text>Những Tín đồ Tôn giáo</Text>
		</Replace>
		<Replace Language="en_US" Tag="LOC_SCENARIO_CATEGORY_SCENARIO_FOREIGN_CITIES_NAME">
			<Text>Các Thành phố Nước ngoài theo Tôn giáo</Text>
		</Replace>
		<Replace Language="en_US" Tag="LOC_SCENARIO_CATEGORY_SCENARIO_FAITH_NAME">
			<Text>Đức tin mỗi lượt</Text>
		</Replace>
		<Replace Language="en_US" Tag="LOC_INDONESIAKHMER_SCENARIO_WORLD_RANKING_1">
			<Text>Các luật lệ kịch bản đặc biệt:</Text>
		</Replace>
		<Replace Language="en_US" Tag="LOC_INDONESIAKHMER_SCENARIO_WORLD_RANKING_2">
			<Text>Không có Cây Công nghệ, Vàng, Ngoại giao, Du lịch, hoặc Hhoa học. Văn hóa biên giới là cố định. Các Tính năng không thể xoá bỏ.</Text>
		</Replace>
		<Replace Language="en_US" Tag="LOC_INDONESIAKHMER_SCENARIO_WORLD_RANKING_3">
			<Text>Tất cả các đơn vị Tôn giáo bắt đầu với 1 khả năng đặc biệt và có thể được huấn luyện.</Text>
		</Replace>
		<Replace Language="en_US" Tag="LOC_INDONESIAKHMER_SCENARIO_WORLD_RANKING_4">
			<Text>Chỉ duy nhất Bá chủ của thành phố-tự trị mới được thưởng thêm Lợi nhuận hoặc [ICON_Amenities] Tiện nghi của mỗi loại thành phố-tự trị.</Text>
		</Replace>
		<Replace Language="en_US" Tag="LOC_INDONESIAKHMER_SCENARIO_WORLD_RANKING_5">
			<Text>Các Thương nhân không được tạo các tuyến đường.</Text>
		</Replace>
		<Replace Language="en_US" Tag="LOC_INDONESIAKHMER_SCENARIO_WORLD_RANKING_6">
			<Text>Điểm nhận được từ:</Text>
		</Replace>
		<Replace Language="en_US" Tag="LOC_INDONESIAKHMER_SCENARIO_WORLD_RANKING_7">
			<Text>Các Tín đồ theo Tôn giáo của bạn: {1_Followers} {1_Followers: plural 1?Point; other?Points;} cho mỗi tín đồ theo Tôn giáo này.</Text>
		</Replace>
		<Replace Language="en_US" Tag="LOC_INDONESIAKHMER_SCENARIO_WORLD_RANKING_8">
			<Text>Các thành phố nước ngoài:{2_Cities} {2_Cities : plural 1?Point; other?Points;} cho tất cả các thành phố nước ngoài theo Tôn giáo này.</Text>
		</Replace>
		<Replace Language="en_US" Tag="LOC_INDONESIAKHMER_SCENARIO_WORLD_RANKING_9">
			<Text>Đức tin: {1_Faith} {2_Faith : plural 1?Point; other?Points;} cho mỗi [ICON_FAITH] Đức tin mỗi [ICON_TURN] Lượt.</Text>
		</Replace>
		<Replace Language="en_US" Tag="LOC_INDONESIAKHMER_SCENARIO_WORLD_RANKING_10">
			<Text>Khi bạn gửi một [ICON_ENVOY] Phái đoàn đến một thành phố-tự trị nó sẽ thêm 300 sức ép Tôn giáo đối với thành phố-tự trị đó.</Text>
		</Replace>
		<!-- Slots-->
		<Replace Language="en_US" Tag="LOC_SLOT_SCENARIO_RELIGIOUS_NAME">
			<Text>Tôn giáo</Text>
		</Replace>
		<!-- Units-->
		<Replace Language="en_US" Tag="LOC_UNIT_SCENARIO_BUILDER_DESCRIPTION">
			<Text>Có thể cải tiến hoặc Thu hoạch một số tài nguyên. Thợ Xây có 3 lần sử dụng. Có thể gia tăng điều này thông qua các chính sách.</Text>
		</Replace>
		<Replace Language="en_US" Tag="LOC_UNIT_SCENARIO_TRADER_DESCRIPTION">
			<Text>Tạo và duy trì một [ICON_TradeRoute] Tuyến đường thương mại.</Text>
		</Replace>
		<Replace Language="en_US" Tag="LOC_UNIT_SCENARIO_PRIEST_NAME">
			<Text>Thầy Tu</Text>
		</Replace>
		<Replace Language="en_US" Tag="LOC_UNIT_SCENARIO_MONK_NAME">
			<Text>Nhà Sư</Text>
		</Replace>
		<Replace Language="en_US" Tag="LOC_UI_RELIGION_PRIEST_TT">
			<Text>Các Thầy tu có thể xoa bỏ sự hiện diện của các Tôn giáo khác trong lãnh thổ của họ, và bắt đầu Chiến tranh Thần học với các đơn vị Tôn giáo khác.</Text>
		</Replace>
		<Replace Language="en_US" Tag="LOC_UI_RELIGION_MONK_TT">
			<Text>Các Nhà sư có thể chuyển đổi các [ICON_Citizen] Công dân sang Tôn giáo của họ và bắt đầu Chiến tranh Thần học với các đơn vị Tôn giáo khác.</Text>
		</Replace>
		<!-- Unit Promotion Classes-->
		<Replace Language="en_US" Tag="LOC_PROMOTION_CLASS_SCENARIO_MISSIONARY_NAME">
			<Text>Nhà Truyền giáo</Text>
		</Replace>
		<Replace Language="en_US" Tag="LOC_PROMOTION_CLASS_SCENARIO_PRIEST_NAME">
			<Text>Thầy tu</Text>
		</Replace>
		<Replace Language="en_US" Tag="LOC_PROMOTION_CLASS_SCENARIO_MONK_NAME">
			<Text>Nhà sư</Text>
		</Replace>
		<Replace Language="en_US" Tag="LOC_PROMOTION_CLASS_SCENARIO_GURU_NAME">
			<Text>Đại Thầy tu</Text>
		</Replace>
		<!-- Unit Promotions-->
		<Replace Language="en_US" Tag="LOC_PROMOTION_SCENARIO_WALK_ON_WATER_NAME">
			<Text>Đi trên mặt nước</Text>
		</Replace>
		<Replace Language="en_US" Tag="LOC_PROMOTION_SCENARIO_WALK_ON_WATER_DESCRIPTION">
			<Text>Không bị phạt khi [ICON_Movement] Di chuyển trên biển hoặc sông.</Text>
		</Replace>
		<Replace Language="en_US" Tag="LOC_PROMOTION_SCENARIO_TRAVELER_NAME">
			<Text>Du khách</Text>
		</Replace>
		<Replace Language="en_US" Tag="LOC_PROMOTION_SCENARIO_TRAVELER_DESCRIPTION">
			<Text>Nhanh hơn khi [ICON_Movement] Di chuyển trong Rừng, Rừng Nhiệt đới, Đồi, hoặc Đầm lầy.</Text>
		</Replace>
		<Replace Language="en_US" Tag="LOC_PROMOTION_SCENARIO_PROPAGATOR_NAME">
			<Text>Nhà Truyền bá</Text>
		</Replace>
		<Replace Language="en_US" Tag="LOC_PROMOTION_SCENARIO_PROPAGATOR_DESCRIPTION">
			<Text>+2 [ICON_Movement] Di chuyển.</Text>
		</Replace>
		<Replace Language="en_US" Tag="LOC_PROMOTION_SCENARIO_PRACTITIONER_NAME">
			<Text>Nhà Thực thi</Text>
		</Replace>
		<Replace Language="en_US" Tag="LOC_PROMOTION_SCENARIO_PRACTITIONER_DESCRIPTION">
			<Text>+10 [ICON_Religion] Sức mạnh Tôn giáo trong Chiến tranh Thần học khi ở trong lãnh thổ nước ngoài.</Text>
		</Replace>
		<Replace Language="en_US" Tag="LOC_PROMOTION_SCENARIO_GARRISON_DESCRIPTION">
			<Text>+10 [ICON_Religion] Sức mạnh Tôn giáo trong Chiến tranh Thần học khi chiếm giữ một quận.</Text>
		</Replace>
		<Replace Language="en_US" Tag="LOC_PROMOTION_SCENARIO_ORATOR_DESCRIPTION">
			<Text>Thêm 2 lần Xoá bỏ Dị giáo.</Text>
		</Replace>
		<Replace Language="en_US" Tag="LOC_PROMOTION_SCENARIO_ALCHEMIST_NAME">
			<Text>Nhà Giả kim</Text>
		</Replace>
		<Replace Language="en_US" Tag="LOC_PROMOTION_SCENARIO_ALCHEMIST_DESCRIPTION">
			<Text>+7 [ICON_Religion] Sức mạnh Tôn giáo trong Chiến tranh Thần học phòng thủ trong Rừng, Rừng Nhiệt đới, Đồi, hoặc Đầm lầy.</Text>
		</Replace>
		<Replace Language="en_US" Tag="LOC_PROMOTION_SCENARIO_INTERPRETER_NAME">
			<Text>Nhà Diễn giả</Text>
		</Replace>
		<Replace Language="en_US" Tag="LOC_PROMOTION_SCENARIO_INTERPRETER_DESCRIPTION">
			<Text>Tăng 75 [ICON_FAITH] Đức tin nếu đơn vị này lần đầu chuyển đổi thành phố sang Tôn giáo của bạn.</Text>
		</Replace>
		<Replace Language="en_US" Tag="LOC_PROMOTION_SCENARIO_SANGHA_NAME">
			<Text>Hội Tăng lữ</Text>
		</Replace>
		<Replace Language="en_US" Tag="LOC_PROMOTION_SCENARIO_SANGHA_DESCRIPTION">
			<Text>Thưởng 2x đội hình flank.</Text>
		</Replace>
		<Replace Language="en_US" Tag="LOC_PROMOTION_SCENARIO_GUIDE_NAME">
			<Text>Hội nhóm</Text>
		</Replace>
		<Replace Language="en_US" Tag="LOC_PROMOTION_SCENARIO_GUIDE_DESCRIPTION">
			<Text>+1 [ICON_Movement] Movement to Religious units at the start of the turn within 2 tiles.</Text>
		</Replace>
		<Replace Language="en_US" Tag="LOC_PROMOTION_SCENARIO_SAGE_NAME">
			<Text>Nhà Hiền triết</Text>
		</Replace>
		<Replace Language="en_US" Tag="LOC_PROMOTION_SCENARIO_SAGE_DESCRIPTION">
			<Text>+1 [ICON_Movement] Di chuyển co các đơn vị Tôn giáo vào đầu lượt trong vòng 2 ô.</Text>
		</Replace>
		<Replace Language="en_US" Tag="LOC_PROMOTION_SCENARIO_TEACHER_NAME">
			<Text>Nhà Giáo</Text>
		</Replace>
		<Replace Language="en_US" Tag="LOC_PROMOTION_SCENARIO_TEACHER_DESCRIPTION">
			<Text>Đơn vị này hoạt động như một Cứu thương, cung cấp thêm khả năng chữa lành cho các đơn vị trong vòng 1 ô.</Text>
		</Replace>
		<Replace Language="en_US" Tag="LOC_PROMOTION_SCENARIO_MASTER_NAME">
			<Text>Đại Sư</Text>
		</Replace>
		<Replace Language="en_US" Tag="LOC_PROMOTION_SCENARIO_MASTER_DESCRIPTION">
			<Text>+1 Sức Hồi phục.</Text>
		</Replace>
		<Replace Language="en_US" Tag="LOC_SCENARIO_SAGE_COMBAT_STRENGTH_AOE_RELIGIOUS_MODIFIER">
			<Text>+10  [ICON_Religion] Sức mạnh Tôn giáo trong Cuộc chiến Thần học từ đơn vị Đại Thầy tu với kỹ năng Nhà Hiền triết</Text>
		</Replace>
		<Replace Language="en_US" Tag="LOC_SCENARIO_SAGE_COMBAT_STRENGTH_AOE_RELIGIOUS">
			<Text>+10  [ICON_Religion] Sức mạnh Tôn giáo trong Cuộc chiến Thần học với các đơn vị Tôn giáo trong vòng 2 ô.</Text>
		</Replace>
		<Replace Language="en_US" Tag="LOC_SCENARIO_GUIDE_MOVEMENT_AOE_RELIGIOUS">
			<Text>+1 [ICON_Movement] Di chuyển cho các đơn vị Tôn giáo vào đầu lượt trong vòng 2 ô.</Text>
		</Replace>
		<Replace Language="en_US" Tag="LOC_CITY_STATES_SCENARIO_TYPE_MARITIME">
			<Text>Maritime</Text>
		</Replace>
		<!--Citizen Names-->
		<Replace Language="en_US" Tag="LOC_CITIZEN_SCENARIO_TUFAN_MALE_1">
			<Text>Norbu</Text>
		</Replace>
		<Replace Language="en_US" Tag="LOC_CITIZEN_SCENARIO_TUFAN_MALE_2">
			<Text>Phuntsok</Text>
		</Replace>
		<Replace Language="en_US" Tag="LOC_CITIZEN_SCENARIO_TUFAN_MALE_3">
			<Text>Rabten</Text>
		</Replace>
		<Replace Language="en_US" Tag="LOC_CITIZEN_SCENARIO_TUFAN_MALE_4">
			<Text>Tashi</Text>
		</Replace>
		<Replace Language="en_US" Tag="LOC_CITIZEN_SCENARIO_TUFAN_MALE_5">
			<Text>Wangchuk</Text>
		</Replace>
		<Replace Language="en_US" Tag="LOC_CITIZEN_SCENARIO_TUFAN_FEMALE_1">
			<Text>Dawa</Text>
		</Replace>
		<Replace Language="en_US" Tag="LOC_CITIZEN_SCENARIO_TUFAN_FEMALE_2">
			<Text>Jungney</Text>
		</Replace>
		<Replace Language="en_US" Tag="LOC_CITIZEN_SCENARIO_TUFAN_FEMALE_3">
			<Text>Pema</Text>
		</Replace>
		<Replace Language="en_US" Tag="LOC_CITIZEN_SCENARIO_TUFAN_FEMALE_4">
			<Text>Rinchen</Text>
		</Replace>
		<Replace Language="en_US" Tag="LOC_CITIZEN_SCENARIO_TUFAN_FEMALE_5">
			<Text>Tsering</Text>
		</Replace>
		<Replace Language="en_US" Tag="LOC_GOVT_NO_MILITARY_SLOTS">
			<Text>Không có thẻ Chính sách Tôn giáo được cung cấp bởi chính phủ này.</Text>
		</Replace>
		<Replace Language="en_US" Tag="LOC_GOVT_FILTER_MILITARY">
			<Text>Tôn giáo</Text>
		</Replace>
		<Replace Language="en_US" Tag="LOC_GOVT_POLICY_TYPE_MILITARY">
			<Text>Các chính sách Tôn giáo</Text>
		</Replace>
		<!-- Victories -->
		<Replace Language="en_US" Tag="LOC_INDONESIAKHMER_SCENARIO_ENDGAME_RANKING_LEADER_1_NAME">
			<Text>Arahant</Text>
		</Replace>
		<Replace Language="en_US" Tag="LOC_INDONESIAKHMER_SCENARIO_ENDGAME_RANKING_LEADER_2_NAME">
			<Text>Anāgāmi</Text>
		</Replace>
		<Replace Language="en_US" Tag="LOC_INDONESIAKHMER_SCENARIO_ENDGAME_RANKING_LEADER_3_NAME">
			<Text>Sakadagami</Text>
		</Replace>
		<Replace Language="en_US" Tag="LOC_INDONESIAKHMER_SCENARIO_ENDGAME_RANKING_LEADER_4_NAME">
			<Text>Sotāpanna</Text>
		</Replace>
		<Replace Language="en_US" Tag="LOC_INDONESIAKHMER_SCENARIO_ENDGAME_RANKING_LEADER_5_NAME">
			<Text>Puthujjana</Text>
		</Replace>
		<Replace Language="en_US" Tag="LOC_INDONESIAKHMER_SCENARIO_ENDGAME_RANKING_LEADER_1_QUOTE">
			<Text>Đạt được Giác ngộ</Text>
		</Replace>
		<Replace Language="en_US" Tag="LOC_INDONESIAKHMER_SCENARIO_ENDGAME_RANKING_LEADER_2_QUOTE">
			<Text>Không có người trở về Thế giới Trần tục</Text>
		</Replace>
		<Replace Language="en_US" Tag="LOC_INDONESIAKHMER_SCENARIO_ENDGAME_RANKING_LEADER_3_QUOTE">
			<Text>Có một người trở về Thế giới Trần tụcText>
		</Replace>
		<Replace Language="en_US" Tag="LOC_INDONESIAKHMER_SCENARIO_ENDGAME_RANKING_LEADER_4_QUOTE">
			<Text>Có một người Dẫn-Nhập trên con Đường Khai Sáng</Text>
		</Replace>
		<Replace Language="en_US" Tag="LOC_INDONESIAKHMER_SCENARIO_ENDGAME_RANKING_LEADER_5_QUOTE">
			<Text>Một con người bình thường</Text>
		</Replace>
	</LocalizedText>
</GameData>
