<?xml version="1.0" encoding="utf-8"?>
<GameData>
    <LocalizedText>
		<Replace Language="en_US" Tag="LOC_AUSTRALIA_MOD_TITLE">
			<Text>DLC: Nền văn minh Úc</Text>
		</Replace>
		<Replace Language="en_US" Tag="LOC_AUSTRALIA_MOD_TEASER">
			<Text>Nền văn minh và nhà lãnh đạo mới - John Curtin của nước Úc</Text>
		</Replace>
		<Replace Language="en_US" Tag="LOC_AUSTRALIA_MOD_DESCRIPTION">
			<Text>Bao gồm nền văn minh và nhà lãnh đạo mới.</Text>
		</Replace>
		<Replace Language="en_US" Tag="LOC_MOD_AUSTRALIA_SCENARIO_TITLE">
			<Text>Kịch bản: Trùm Khai Hoang</Text>
		</Replace>
		<Replace Language="en_US" Tag="LOC_MOD_AUSTRALIA_SCENARIO_TEASER">
			<Text>Những thuộc địa sẽ tận dụng tối đa tài nguyên tự nhiên của Úc?</Text>
		</Replace>
		<Replace Language="en_US" Tag="LOC_MOD_AUSTRALIA_SCENARIO_DESCRIPTION">
			<Text>Trong 60 lượt, hãy chạy đua để khám phá nước Úc, tìm kiếm nguồn tài nguyên thiên nhiên, và sử dụng chúng để làm giàu cho thuộc địa của bạn. Kịch bản chơi này không có chiến đấu mà chỉ có cạnh tranh kinh tế. Nó nhấn mạnh sự thăm dò và mở rộng lãnh thổ để tăng lượng [ICON_Gold] Vàng mỗi lượt thu được, đó là điểm số của bạn.[NEWLINE][NEWLINE]Chơi một người: Ở mỗi độ khó đều có một ngưỡng [ICON_Gold] Vàng mỗi lượt. Hãy vượt qua con số đó trước khi trò chơi kết thúc để giành chiến thắng.[NEWLINE][NEWLINE]Chơi nhiều người: Người chơi với số [ICON_Gold] Vàng mỗi lượt cao nhất vào cuối trò chơi là người chiến thắng.</Text>
		</Replace>
   </LocalizedText>
</GameData>

