<?xml version="1.0" encoding="UTF-8" standalone="yes"?>
<GameData xmlns:xsi="http://www.w3.org/2001/XMLSchema-instance">
    <LocalizedText>
        <!-- Main menu text -->
        <Replace Language="en_US" Tag="LOC_BENCHMARK_GRAPHICS">
            <Text>Đồ họa</Text>
        </Replace>
        <Replace Language="en_US" Tag="LOC_BENCHMARK_EXP2_GRAPHICS">
            <Text>Đồ họa Cơn bão ập đến</Text>
        </Replace>
        <Replace Language="en_US" Tag="LOC_BENCHMARK_AI">
            <Text>AI</Text>
        </Replace>
        <Replace Language="en_US" Tag="LOC_BENCHMARK_EXP2_AI">
            <Text>AI Cơn bão ập đến</Text>
        </Replace>
        <Replace Language="en_US" Tag="LOC_BENCHMARK_GRAPHICS_TT">
            <Text>Đo hiệu năng đồ họa trên máy tính của bạn.</Text>
        </Replace>
        <Replace Language="en_US" Tag="LOC_BENCHMARK_EXP2_GRAPHICS_TT">
            <Text>Một điểm chuẩn để đo hiệu suất đồ họa trên máy tính của bạn.</Text>
        </Replace>
        <Replace Language="en_US" Tag="LOC_BENCHMARK_AI_TT">
            <Text>Đo AI và hiệu suất xử lý lần lượt trên máy tính của bạn.</Text>
        </Replace>
        <Replace Language="en_US" Tag="LOC_BENCHMARK_EXP2_AI_TT">
            <Text>Một điểm chuẩn để đo AI và hiệu suất xử lý lần lượt trên máy tính của bạn.</Text>
        </Replace>
        <Replace Language="en_US" Tag="LOC_BENCHMARK_AI_TT_ERROR">
            <Text>[COLOR_RED]Gói văn minh Aztec phải được bật để thực hiện điểm chuẩn này.[ENDCOLOR]</Text>
        </Replace>
        <Replace Language="en_US" Tag="LOC_BENCHMARK_EXP2_AI_TT_ERROR">
            <Text>[COLOR_RED]Mở rộng Cơn bão ập đến phải được bật để thực hiện điểm chuẩn này.[ENDCOLOR]</Text>
        </Replace>
        <Replace Language="en_US" Tag="LOC_BENCHMARK_EXP2_GRAPHICS_TT_ERROR">
            <Text>[COLOR_RED]Mở rộng Cơn bão ập đến phải được bật để thực hiện điểm chuẩn này.[ENDCOLOR]</Text>
        </Replace>
        <!-- Benchmarking UI text -->
        <Replace Language="en_US" Tag="LOC_BENCHMARK_TIME">
            <Text>Thời gian:</Text>
        </Replace>
        <Replace Language="en_US" Tag="LOC_BENCHMARK_TURN">
            <Text>Turn:</Text>
        </Replace>
        <Replace Language="en_US" Tag="LOC_BENCHMARK_AVG_TURN_TIME">
            <Text>Thời gian Turn trung bình:</Text>
        </Replace>
    </LocalizedText>
</GameData>
