<?xml version="1.0" encoding="utf-8"?>
<!-- edited with XMLSPY v2004 rel. 2 U (http://www.xmlspy.com) by Ed Beach (Firaxis Games) -->
<GameData>
	<LocalizedText>
		<Replace Language="en_US" Tag="LOC_BUILDING_AIRPORT_DESCRIPTION">
			<Text>+50% EXP cho tất cả đơn vị không quân được đào tạo trong thành phố này. +2 slot đơn vị không quân trong Khu Hàng Không. Cho phép chuyển đổi vị trí các đơn vị mặt đất và không quân giữa các Khung Hàng Không với nhau sau khi mở khóa Hành Chính Hành quân thần tốc.</Text>
		</Replace>
		<Replace Language="en_US" Tag="LOC_BUILDING_ARMORY_DESCRIPTION">
			<Text>+25% EXP cho tất cả đơn vị mặt đất được đào tạo trong thành phố này.</Text>
		</Replace>
		<Replace Language="en_US" Tag="LOC_BUILDING_BARRACKS_DESCRIPTION">
			<Text>+25% EXP cho tất cả đơn vị cận chiến và đánh xa được đào tạo trong thành phố này.[NEWLINE][NEWLINE]Có thể không xây được trong Khu Quân Sự đã có Chuồng Ngựa.</Text>
		</Replace>
		<Replace Language="en_US" Tag="LOC_BUILDING_CASTLE_DESCRIPTION">
			<Text>Giúp tăng phòng thủ chống tấn công từ bên ngoài. Thêm 2 [ICON_TOURISM] Du Khách sau khi có hành chính Bảo Tồn.</Text>
		</Replace>
		<Replace Language="en_US" Tag="LOC_BUILDING_ELECTRONICS_FACTORY_DESCRIPTION">
			<Text>Kiến trúc đặc biệt của Nhật Bản. +4 [ICON_Production] Sản phẩm cho tất cả các thành phố trung tâm trong vòng 6 ô. Sau khi nghiên cứu công nghệ Điện thì +4 [ICON_Culture] Văn minh cho thành phố đó. Thưởng này chỉ áp dụng một lần cho một thành phố, và các bản sao của công trình đó trong vòng 6 ô của một thành phố trung tâm không cung cấp thưởng thêm.</Text>
		</Replace>
		<Replace Language="en_US" Tag="LOC_BUILDING_FACTORY_DESCRIPTION">
			<Text>Thưởng cho tất cả thành phố trung tâm trong vòng 6 ô. Thưởng này chỉ áp dụng một lần cho một thành phố, và các bản sao của công trình đó trong vòng 6 ô của một thành phố trung tâm không cung cấp thưởng thêm.</Text>
		</Replace>
		<Replace Language="en_US" Tag="LOC_BUILDING_FILM_STUDIO_DESCRIPTION">
			<Text>Kiến trúc đặc biệt của Mỹ. +100% thúc đẩy [ICON_Tourism] Du lịch từ thành phố này đối với nền văn minh khác trong thời hiện đại.</Text>
		</Replace>
		<Replace Language="en_US" Tag="LOC_BUILDING_HANGAR_DESCRIPTION">
			<Text>+25% EXP cho đơn vị không quân đào tạo trong thành phố này. +2 slot đơn vị không quân trong Khu hàng không.</Text>
		</Replace>
		<Replace Language="en_US" Tag="LOC_BUILDING_LIGHTHOUSE_DESCRIPTION">
			<Text>+25% EXP cho tất cả hải quân đào tạo trong thành phố này. +1 [ICON_FOOD] Thực phẩm cho tất cả ô Bờ biển của thành phố này.</Text>
		</Replace>
		<Replace Language="en_US" Tag="LOC_BUILDING_MADRASA_DESCRIPTION">
			<Text>Kiến trúc đặc biệt của Ả Rập. Thưởng [ICON_Faith] Đức Tin bằng với thưởng của Khu tri thức liền kề.</Text>
		</Replace>
		<Replace Language="en_US" Tag="LOC_BUILDING_MILITARY_ACADEMY_DESCRIPTION">
			<Text>+25% EXP cho tất cả đơn vị mặt đất được đào tạo trong thành phố này. Cho phép đào tạo Trung đội và Đại đội trực tiếp. Chi phí đào tạo Trung đội và Đại đội giảm 25%.</Text>
		</Replace>
		<Replace Language="en_US" Tag="LOC_BUILDING_MOSQUE_DESCRIPTION">
			<Text>Nhà truyền giáo và Tông Đồ tạo ra ở đây được thêm +1 lần Truyền Đạo.</Text>
		</Replace>
		<Replace Language="en_US" Tag="LOC_BUILDING_DAR_E_MEHR_DESCRIPTION">
			<Text>Thêm +1 [ICON_FAITH] Đức tin cho mỗi thời đại kể từ khi được xây dựng hoặc sửa chữa lần cuối cùng.</Text>
		</Replace>
		<Replace Language="en_US" Tag="LOC_BUILDING_MUSEUM_ART_DESCRIPTION">
			<Text>Giữ [ICON_GreatWork_Landscape] Tác phẩm nghệ thuật. Có thể không xây được trong khu nghệ thuật nếu đã có Bảo tàng khảo cổ.</Text>
		</Replace>
		<Replace Language="en_US" Tag="LOC_BUILDING_MUSEUM_ARTIFACT_DESCRIPTION">
			<Text>Giữ [ICON_GreatWork_Artifact] Cổ vật. Có thể không xây được trong khu nghệ thuật nếu đã có Bảo tàng nghệ thuật.</Text>
		</Replace>
		<Replace Language="en_US" Tag="LOC_BUILDING_POWER_PLANT_DESCRIPTION">
			<Text>Thưởng cho mỗi thành phố trung tâm trong vòng 6 ô. Thưởng này chỉ áp dụng một lần cho một thành phố, và các bản sao của công trình đó trong vòng 6 ô của một thành phố trung tâm không cung cấp thưởng thêm.</Text>
		</Replace>
		<Replace Language="en_US" Tag="LOC_BUILDING_SEAPORT_DESCRIPTION">
			<Text>+25% kinh nghiệm chiến đấu cho tất cả đơn vị hải quân được đào tạo trong thành phố này. Cho phép đào tạo trực tiếp Hải đoàn và Hạm đội. Chi phí đào tạo Hải đoàn và Hạm đội giảm 25%. +2 [ICON_GOLD] Vàng cho tất cả ô Bờ biển trong thành phố này.</Text>
		</Replace>
		<Replace Language="en_US" Tag="LOC_BUILDING_SHRINE_DESCRIPTION">
			<Text>Cho phép mua Nhà truyền giáo. Nhà truyền giáo chỉ có thể mua bằng [ICON_Faith] Đức Tin.</Text>
		</Replace>
		<Replace Language="en_US" Tag="LOC_BUILDING_STABLE_DESCRIPTION">
			<Text>+25% EXP cho tất cả đơn vị kỵ binh được đào tạo trong thành phố này. Có thể không xây được trong Khu quân sự nếu đã có Doanh Trại.</Text>
		</Replace>
		<Replace Language="en_US" Tag="LOC_BUILDING_SHIPYARD_DESCRIPTION">
			<Text>+25% EXP cho tất cả đơn vị hải quân được đào tạo trong thành phố này. Thưởng [ICON_Production] Sản phẩm bằng với thưởng của Khu cảng biển liền kề.</Text>
		</Replace>
		<Replace Language="en_US" Tag="LOC_BUILDING_STADIUM_DESCRIPTION">
			<Text>Thưởng cho mỗi thành phố trung tâm trong vòng 6 ô. Thưởng này chỉ áp dụng một lần cho một thành phố, và các bản sao của công trình đó trong vòng 6 ô của một thành phố trung tâm không cung cấp thưởng thêm.</Text>
		</Replace>
		<Replace Language="en_US" Tag="LOC_BUILDING_STAR_FORT_DESCRIPTION">
			<Text>Tăng sức mạnh phòng thủ chống tấn công từ bên ngoài lên cao nhất có thể. Thêm 3 [ICON_TOURISM] Du Khách sau khi có hành chính Bảo Tồn.</Text>
		</Replace>
		<Replace Language="en_US" Tag="LOC_BUILDING_STAVE_CHURCH_DESCRIPTION">
			<Text>Kiến trúc đặc biệt của Na Uy. Yêu cầu mua Tông đồ và Thẩm giáo bằng [ICON_Faith] Đức tin. Thánh Địa có thêm thưởng cho Rừng liền kề.  +1 [ICON_PRODUCTION] Sản phẩm cho mỗi tài nguyên bờ biển liền kề trong thành phố này.</Text>
		</Replace>
		<Replace Language="en_US" Tag="LOC_BUILDING_TEMPLE_DESCRIPTION">
			<Text>Cho phép mua đơn vị Tông đồ, Đại Tu Sĩ, Thẩm giáo, và với niềm tin thích hợp thì có thể mua Chiến Binh Tu Sĩ. Các đơn vị này chỉ có thể mua bằng [ICON_Faith] Đức Tin.</Text>
		</Replace>
		<Replace Language="en_US" Tag="LOC_BUILDING_WALLS_DESCRIPTION">
			<Text>Cung cấp tường xung quanh thành phố trung tâm và khu quân sự. Tường cho phép tấn công ra ngoài từ thành phố trung tâm và Khu quân sự, và phải bị phá hủy trước khi muốn tấn công vào thành phố. Thêm 1 [ICON_TOURISM] Du Khách sau khi có hành chính Bảo Tồn.</Text>
		</Replace>
		<Replace Language="en_US" Tag="LOC_BUILDING_WATER_MILL_DESCRIPTION">
			<Text>Mỗi [ICON_RESOURCE_RICE] Gạo và [ICON_RESOURCE_WHEAT] Lúa mì +1 [ICON_Food] Thực phẩm. Thành phố phải gần sông.</Text>
		</Replace>
		<Replace Language="en_US" Tag="LOC_BUILDING_ZOO_DESCRIPTION">
			<Text>Thưởng cho mỗi trung tâm thành phố trong vòng 6 ô. Thưởng này chỉ áp dụng một lần cho một thành phố, và các bản sao của công trình đó trong vòng 6 ô của một thành phố trung tâm không cung cấp thưởng thêm.</Text>
		</Replace>
		<!-- Wonders -->
		<Replace Language="en_US" Tag="LOC_BUILDING_ALHAMBRA_DESCRIPTION">
			<Text>+1 slot Chính sách quân sự[NEWLINE][NEWLINE]Cung cấp các điểm phòng thủ tương tự như Pháo đài. Phải xây trên đồi gần Khu quân sự.</Text>
		</Replace>
		<Replace Language="en_US" Tag="LOC_BUILDING_BIG_BEN_DESCRIPTION">
			<Text>+1 slot Chính sách kinh tế[NEWLINE][NEWLINE]x2 ngân quỹ hiện tại. Phải xây cạnh sông và gần Khu thương mại có ngân hàng.</Text>
		</Replace>
		<Replace Language="en_US" Tag="LOC_BUILDING_BOLSHOI_THEATRE_DESCRIPTION">
			<Text>Thưởng ngẫu nhiên thúc đẩy 2 Hành chính. Phải xây trên địa hình phẳng cạnh khu nghệ thuật.</Text>
		</Replace>
		<Replace Language="en_US" Tag="LOC_BUILDING_BROADWAY_DESCRIPTION">
			<Text>+20% [ICON_Culture] Văn minh trong thành phố này. Thúc đẩy 1 Hành chính ngẫu nhiên trong thời đại nguyên tử. Phải xây trên địa hình phẳng và cạnh khu nghệ thuật.</Text>
		</Replace>
		<Replace Language="en_US" Tag="LOC_BUILDING_CHICHEN_ITZA_DESCRIPTION">
			<Text>+2 [ICON_Culture] Văn minh cho tất cả Rừng nhiệt đới trong thành phố này. +1 [ICON_Production] Sản phẩm cho tất cả Rừng nhiệt đới trong thành phố này. Phải xây trên rừng nhiệt đới.</Text>
		</Replace>
		<Replace Language="en_US" Tag="LOC_BUILDING_COLOSSEUM_DESCRIPTION">
			<Text>[ICON_Culture] Văn minh và [ICON_Amenities] Tiện nghi của Đấu trường Colosseum được mở rộng cho mỗi thành phố trung tâm trong vòng 6 ô. Phải xây trên đất phẳng gần khu giải trí.</Text>
		</Replace>
		<Replace Language="en_US" Tag="LOC_BUILDING_COLOSSUS_DESCRIPTION">
			<Text>+1 [ICON_TradeRoute] Tuyến đường thương mại. Thưởng một thương gia. Phải xây trên bờ biển gần đất liền và Khu hải cảng.</Text>
		</Replace>
		<Replace Language="en_US" Tag="LOC_BUILDING_CRISTO_REDENTOR_DESCRIPTION">
			<Text>[ICON_Tourism] Du lịch đến từ [ICON_GreatWork_Relic] Di tích và Thành Phố Thánh không bị giảm bởi các nền văn minh khác đã nghiên cứu Hành chính Sáng tỏ. x2 [ICON_Tourism] Du lịch đến từ Khu nghỉ dưỡng ven biển của nền văn minh mình. Phải xây trên đồi.</Text>
		</Replace>
		<Replace Language="en_US" Tag="LOC_BUILDING_EIFFEL_TOWER_DESCRIPTION">
			<Text>Tất cả ô đất trong nền văn minh của bạn được +2 Sức Hấp Dẫn. Phải xây trên địa hình phẳng gần thành phố trung tâm.</Text>
		</Replace>
		<Replace Language="en_US" Tag="LOC_BUILDING_ESTADIO_DO_MARACANA_DESCRIPTION">
			<Text>+2 [ICON_Amenities] Tiện nghi mỗi thành phố trong nền văn minh của bạn. Phải xây trên địa hình bằng gần khu giải trí có Sân vận động.</Text>
		</Replace>
		<Replace Language="en_US" Tag="LOC_BUILDING_FORBIDDEN_CITY_DESCRIPTION">
			<Text>+1 slot chính sách đặc biệt[NEWLINE][NEWLINE]Phải xây trên địa hình phẳng gần thành phố trung tâm.</Text>
		</Replace>
		<Replace Language="en_US" Tag="LOC_BUILDING_GREAT_LIBRARY_DESCRIPTION">
			<Text>Thúc đẩy cho tất cả công nghệ thời Xa xưa và Cổ Đại. Phải xây trên địa hình phẳng gần khu tri thức có thư viện.</Text>
		</Replace>
		<Replace Language="en_US" Tag="LOC_BUILDING_GREAT_LIGHTHOUSE_DESCRIPTION">
			<Text>+1 [ICON_Movement] Di chuyển cho tất cả đơn vị hải quân[NEWLINE][NEWLINE]Phải xây trên bờ biển gần đất liền và khu hải cảng có Hải đăng.</Text>
		</Replace>
		<Replace Language="en_US" Tag="LOC_BUILDING_GREAT_ZIMBABWE_DESCRIPTION">
			<Text>+1 [ICON_TradeRoute] Tuyến đường thương mại[NEWLINE][NEWLINE][ICON_TradeRoute] Tuyến đường thương mại của bạn từ thành phố này +2 [ICON_Gold] Vàng cho mỗi tài nguyên thưởng trong 3 ô của thành phố và trong lãnh thổ thành phố đó. Phải xây cạnh Khu thương mại có chợ và cạnh [ICON_RESOURCE_CATTLE] Sữa bò.</Text>
		</Replace>
		<Replace Language="en_US" Tag="LOC_BUILDING_HAGIA_SOPHIA_DESCRIPTION">
			<Text>Nhà truyền giáo và Tông Đồ có thêm một lần Truyền Đạo. Phải xây trên địa hình phẳng gần Thánh Địa, và đã sáng lập ra một tôn giáo.</Text>
		</Replace>
		<Replace Language="en_US" Tag="LOC_BUILDING_HANGING_GARDENS_DESCRIPTION">
			<Text>Tăng trưởng thêm 15% trong các thành phố. Phải xây cạnh sông.</Text>
		</Replace>
		<Replace Language="en_US" Tag="LOC_BUILDING_HERMITAGE_DESCRIPTION">
			<Text>Phải xây dọc theo sông.</Text>
		</Replace>
		<Replace Language="en_US" Tag="LOC_BUILDING_MAHABODHI_TEMPLE_DESCRIPTION">
			<Text>Có 2 Tông Đồ. Phải xây trên Rừng gần Thánh Địa có Đền thờ, và đã sáng lập ra một tôn giáo.</Text>
		</Replace>
		<Replace Language="en_US" Tag="LOC_BUILDING_MONT_ST_MICHEL_DESCRIPTION">
			<Text>Tất cả Tông Đồ có thêm khả năng hi sinh (Tạo di tích nếu chết trong chiến tranh thần thánh). Phải xây trên vùng lũ hoặc Đầm lầy.</Text>
		</Replace>
		<Replace Language="en_US" Tag="LOC_BUILDING_ORACLE_DESCRIPTION">
			<Text>Mua vĩ nhân giảm giá 25% [ICON_Faith] Đức Tin. Đặc Khu trong thành phố này +2 điểm [ICON_GreatPerson] Vĩ nhân cho mỗi loại (ví dụ [ICON_GreatWriter] Nhà văn vĩ đại cho khu nghệ thuật). Phải xây trên đồi.</Text>
		</Replace>
		<Replace Language="en_US" Tag="LOC_BUILDING_OXFORD_UNIVERSITY_DESCRIPTION">
			<Text>+20% [ICON_Science] Khoa học trong thành phố này, và thưởng 2 công nghệ ngẫu nhiên khi hoàn tất. Phải xây trên Đồng cỏ hoặc Đồng bằng gần khu tri thức có trường đại học.</Text>
		</Replace>
		<Replace Language="en_US" Tag="LOC_BUILDING_POTALA_PALACE_DESCRIPTION">
			<Text>+1 slot chính sách ngoại giao[NEWLINE][NEWLINE]Phải xây trên đồi cạnh núi.</Text>
		</Replace>
		<Replace Language="en_US" Tag="LOC_BUILDING_PETRA_DESCRIPTION">
			<Text>+2 [ICON_Food] Thực phẩm, +2 [ICON_Gold] Vàng và +1 [ICON_Production] Sản phẩm cho tất cả Sa mạc trong lãnh thổ thành phố này (không vùng lũ). Phải xây trên Sa mạc hoặc Vùng lũ không có đồi.</Text>
		</Replace>
		<Replace Language="en_US" Tag="LOC_BUILDING_PYRAMIDS_DESCRIPTION">
			<Text>Cho một Thợ xây. Tất cả Thợ Xây xây thêm được một công trình. Phải xây trên Sa mạc (bao gồm vũng lũ) không có đồi.</Text>
		</Replace>
		<Replace Language="en_US" Tag="LOC_BUILDING_RUHR_VALLEY_DESCRIPTION">
			<Text>+20% [ICON_Production] Sản phẩm trong thành phố này và +1 [ICON_Production] Sản phẩm cho mỗi Mỏ và Mỏ Đá trong thành phố này. Phải xây dọc theo sông gần khu công nghiệp có nhà máy.</Text>
		</Replace>
		<Replace Language="en_US" Tag="LOC_BUILDING_STONEHENGE_DESCRIPTION">
			<Text>Cho một [ICON_GreatProphet] Nhà tiên tri vĩ đại. [ICON_GreatProphet] Nhà tiên tri vĩ đại có thể sáng lập một tôn giáo trên Bãi đá Stonehenge của Thánh Địa. Phải gần [ICON_RESOURCE_STONE] Đá và trên đất bằng.</Text>
		</Replace>
		<Replace Language="en_US" Tag="LOC_BUILDING_SYDNEY_OPERA_HOUSE_DESCRIPTION">
			<Text>Phải xây trên bờ biển gần đất liền và Khu Hải cảng.</Text>
		</Replace>
		<Replace Language="en_US" Tag="LOC_BUILDING_TERRACOTTA_ARMY_DESCRIPTION">
			<Text>Tất cả đơn vị hiện tại được thăng một huân chương. Tất cả Nhà khảo cổ có thể ra nước ngoài hoạt động mà không cần Tự do đi lại. Phải xây trên đồng cỏ hoặc đồng bằng dạng phẳng gần Khu quân sự có Nhà lính hoặc Chuồng ngựa.</Text>
		</Replace>
		<Replace Language="en_US" Tag="LOC_BUILDING_VENETIAN_ARSENAL_DESCRIPTION">
			<Text>Nhận được thêm đơn vị hải quân thứ hai cho lần đào tạo đơn vị hải quân. Phải xây trên bờ biển gần khu công nghiệp.</Text>
		</Replace>
		<!--Theming Bonuses-->
		<Replace Language="en_US" Tag="LOC_BUILDING_THEMINGBONUS_ART">
			<Text>x2 thưởng khi trưng bày chủ đề các đối tượng cùng loại từ nhiều nghệ nhân khác nhau.</Text>
		</Replace>
		<Replace Language="en_US" Tag="LOC_BUILDING_THEMINGBONUS_ARCHAEOLOGY">
			<Text>x2 thưởng khi trưng bày chủ đề [ICON_GreatWork_Artifact] Cổ vật cùng loại từ các nền văn minh khác nhau.</Text>
		</Replace>
		<Replace Language="en_US" Tag="LOC_BUILDING_THEMINGBONUS_FULL_MUSEUM">
			<Text>x2 thưởng chủ đề khi bảo tàng hết chỗ.</Text>
		</Replace>
	</LocalizedText>
</GameData>
