<?xml version="1.0" encoding="utf-8"?>
<!-- edited with XMLSPY v2004 rel. 2 U (http://www.xmlspy.com) by Ed Beach (Firaxis Games) -->
<GameData>
	<LocalizedText>
		<Replace Language="en_US" Tag="LOC_CITY_MAKE_RANGED_ATTACK">
			<Text>Tấn công với thành phố của bạn!</Text>
		</Replace>
		<Replace Language="en_US" Tag="LOC_COMBAT_YOU_KILLED_ENEMY_UNIT">
			<Text>Trong khi phòng thủ, {2_UnitName} ({5_Num} damage) của bạn đã giết chết {4_EnemyUnitName}!</Text>
		</Replace>
		<Replace Language="en_US" Tag="LOC_COMBAT_YOU_KILLED_ENEMY_UNIT_DEFENDING_CITY">
			<Text>Trong khi phòng thủ, Thành phố {2_CityName} ({5_Num} damage) của bạn đã giết chết {4_EnemyUnitName}!</Text>
		</Replace>
		<Replace Language="en_US" Tag="LOC_COMBAT_YOUR_CITY_WAS_CAPTURED">
			<Text>Thành phố {1_CityName} của bạn đã bị chiếm bởi {2_UnitName}!</Text>
		</Replace>
		<Replace Language="en_US" Tag="LOC_COMBAT_YOUR_UNIT_CAPTURED_ENEMY_CITY">
			<Text>{1_UnitName} ({2_Num} damage) của bạn đã chiếm thành phố {3_CityName}!</Text>
		</Replace>
		<Replace Language="en_US" Tag="LOC_COMBAT_YOUR_UNIT_CAPTURED_ENEMY_UNIT">
			<Text>{1_UnitName} của bạn đã bắt được {2_UnitName}!</Text>
		</Replace>
		<Replace Language="en_US" Tag="LOC_COMBAT_YOUR_UNIT_WAS_CAPTURED_BY_ENEMY_UNIT">
			<Text>{1_UnitName} của bạn đã bị bắt bởi {2_UnitName}!</Text>
		</Replace>
		<Replace Language="en_US" Tag="LOC_COMBAT_YOUR_UNIT_DESTROYED_ENEMY">
			<Text>{1_UnitName} ({2_Num} damage) của bạn đã tiêu diệt {3_UnitName}!</Text>
		</Replace>
		<Replace Language="en_US" Tag="LOC_COMBAT_YOUR_UNIT_DIED_ATTACKING_ANTI_AIR">
			<Text>{1_UnitName} của bạn đã chết khi đang tấn công {2_EnUName}!</Text>
		</Replace>
		<Replace Language="en_US" Tag="LOC_COMBAT_YOUR_UNIT_DIED_ATTACKING_INTERCEPTED">
			<Text>{1_UnitName} của bạn đã chết khi đang tấn công thì bị kẻ địch {2_EnUName} ({3_Num} damage) đánh chặn!</Text>
		</Replace>
		<Replace Language="en_US" Tag="LOC_COMBAT_YOUR_UNIT_DIED_ATTACKING">
			<Text>{1_UnitName} của bạn đã chết khi tấn công {2_EnUName} ({3_Num} damage)!</Text>
		</Replace>
		<Replace Language="en_US" Tag="LOC_COMBAT_YOUR_UNIT_DIED_ATTACKING_CITY">
			<Text>{1_UnitName} của bạn đã chết khi tấn công thành phố {2_EnUName} ({3_Num} damage)!</Text>
		</Replace>
		<Replace Language="en_US" Tag="LOC_COMBAT_YOUR_UNIT_WITHDREW_ANTI_AIR">
			<Text>{2_UnitName} của bạn đang tấn công thì bị thương ({3_Num} damage) do {5_EnemyUnitName}!</Text>
		</Replace>
		<Replace Language="en_US" Tag="LOC_COMBAT_YOUR_UNIT_WITHDREW_INTERCEPTED">
			<Text>{2_UnitName} của bạn đang tấn công thì bị thương ({3_Num} damage) do bị đánh chặn bởi {5_EnemyUnitName} ({6_Num} damage)!</Text>
		</Replace>
		<Replace Language="en_US" Tag="LOC_COMBAT_YOUR_UNIT_WITHDREW">
			<Text>{1_UnitName} ({2_Num} damage) của bạn tấn công {3_EnUName} ({4_Num} damage)!</Text>
		</Replace>
		<Replace Language="en_US" Tag="LOC_COMBAT_YOUR_UNIT_WITHDREW_CITY">
			<Text>{1_UnitName} ({2_Num} damage) của bạn tấn công thành phố {3_CityName} ({4_Num} damage)!</Text>
		</Replace>
		<Replace Language="en_US" Tag="LOC_COMBAT_FRIENDLY_UNIT_WITHDREW">
			<Text>{1_UnitName} của chúng ta đã rút lui khỏi kẻ địch tấn công cận chiến.</Text>
		</Replace>
		<Replace Language="en_US" Tag="LOC_COMBAT_ENEMY_UNIT_WITHDREW">
			<Text>{1_UnitName} ({2_Num} damage) của bạn đã bị tấn công bởi {3_EnUName} ({4_Num} damage)!</Text>
		</Replace>
		<Replace Language="en_US" Tag="LOC_COMBAT_ENEMY_UNIT_WITHDREW_INTERCEPTING">
			<Text>{1_UnitName} của bạn đã đánh chặn ({2_Num} damage) một kẻ địch {3_EnUName} ({4_Num} damage)!</Text>
		</Replace>
		<Replace Language="en_US" Tag="LOC_COMBAT_YOUR_UNIT_DIED_INTERCEPTING">
			<Text>Trong khi đánh chặn, {2_UnitName} của bạn đã bị phá hủy bởi {5_EnemyUnitName} ({6_Num} damage)!</Text>
		</Replace>
		<Replace Language="en_US" Tag="LOC_COMBAT_YOUR_UNIT_DIED_DEFENDING">
			<Text>Trong khi phòng thủ, {2_UnitName} của đã bị giết chết bởi {4_EnemyUnitName} ({5_Num} damage)!</Text>
		</Replace>
		<Replace Language="en_US" Tag="LOC_COMBAT_YOUR_UNIT_STRAFED_ENEMY">
			<Text>{1_UnitName} của bạn oanh tạc {2_EnUName} gây {3_Num} damage!</Text>
		</Replace>
		<Replace Language="en_US" Tag="LOC_COMBAT_YOUR_UNIT_BOMBED_ENEMY">
			<Text>{1_UnitName} của bạn thả bom vào {2_EnUName} gây {3_Num} damage!</Text>
		</Replace>
		<Replace Language="en_US" Tag="LOC_COMBAT_YOUR_UNIT_WAS_STRAFED_BY_ENEMY">
			<Text>{1_UnitName} của bạn bị {2_EnUName} oanh tạc nhận {3_Num} damage!</Text>
		</Replace>
		<Replace Language="en_US" Tag="LOC_COMBAT_YOUR_UNIT_DAMAGED_ENEMY">
			<Text>{1_UnitName} của bạn đã bị thương do một kẻ địch {2_EnUName}({3_Num} damage)!</Text>
		</Replace>
		<Replace Language="en_US" Tag="LOC_COMBAT_YOUR_UNIT_BOMBARDED_ENEMY">
			<Text>{1_UnitName} của bạn bắn pháo vào {2_EnUName} gây {3_Num} damage!</Text>
		</Replace>
		<Replace Language="en_US" Tag="LOC_COMBAT_YOUR_UNIT_WAS_BOMBARDED_BY_ENEMY">
			<Text>{1_UnitName} của bạn bị {2_EnUName} bắn pháo nhận {3_Num} damage!</Text>
		</Replace>
		<Replace Language="en_US" Tag="LOC_COMBAT_YOUR_WMD_SUCCEEDED">
			<Text>{1_UnitName} WMD của bạn tấn công đã thành công!</Text>
		</Replace>
		<Replace Language="en_US" Tag="LOC_COMBAT_YOUR_WMD_FAILED_HIGH_DAMAGE">
			<Text>{1_UnitName} WMD đã thất bại bởi vì damage cao.</Text>
		</Replace>
		<Replace Language="en_US" Tag="LOC_COMBAT_ENEMY_WMD_SUCCEEDED">
			<Text>Bạn đã thất bại trong việc ngăn chặn {2_EnemyUnitName} WMD tấn công!</Text>
		</Replace>
		<Replace Language="en_US" Tag="LOC_COMBAT_ENEMY_WMD_FAILED_HIGH_DAMAGE">
			<Text>Bạn đã thành công trong việc ngăn chặn {2_EnemyUnitName} WMD tấn công bằng cách gây ra {3_Num} damage!</Text>
		</Replace>
		<Replace Language="en_US" Tag="LOC_MISC_YOUR_UNIT_DIED_BY_UNKNOWN">
			<Text>Trong khi phòng thủ, {1_UnitName} của bạn bị giết chết bởi {2_EnUName} ({3_Num} damage)!</Text>
		</Replace>
		<Replace Language="en_US" Tag="LOC_COMBAT_YOUR_UNIT_ATTACKED_ENEMY_DISTRICT">
			<Text>{1_UnitName} của bạn tấn công {2_Name} gây {3_Num} damage!</Text>
		</Replace>
		<Replace Language="en_US" Tag="LOC_COMBAT_YOUR_DISTRICT_WAS_ATTACKED_BY_ENEMY">
			<Text>{1_Name} của bạn bị tấn công bởi {2_EnUName} nhận {3_Num} damage!</Text>
		</Replace>
		<Replace Language="en_US" Tag="LOC_COMBAT_YOUR_UNIT_ATTACKED_ENEMY_DISTRICT_DEFENSES">
			<Text>{1_UnitName} của bạn tấn công {2_Name} ({3_Num} {2_Name} damage, {4_Num} damage phòng thủ)</Text>
		</Replace>
		<Replace Language="en_US" Tag="LOC_COMBAT_YOUR_DISTRICT_DEFENSE_WAS_ATTACKED_BY_ENEMY">
			<Text>{1_Name} của bạn đã bị tấn công bởi {2_EnUName} ({3_Num} {2_Name} damage, {4_Num} damage phòng thủ)</Text>
		</Replace>
		<Replace Language="en_US" Tag="LOC_COMBAT_YOUR_DISTRICT_DESTROYED_ENEMY">
			<Text>{1_Name} đã bắn pháo vào {2_EnUName}! ({3_Damage} damage)</Text>
		</Replace>
		<Replace Language="en_US" Tag="LOC_COMBAT_YOUR_DISTRICT_BOMBARDED_ENEMY">
			<Text>{1_Name} đã bắn pháo vào {2_EnUName}! ({3_Damage} damage)</Text>
		</Replace>
		<Replace Language="en_US" Tag="LOC_COMBAT_YOUR_UNIT_WAS_BOMBARDED_BY_ENEMY_DISTRICT">
			<Text>{1_Name} của bạn bị {2_EnUName} bắn pháo nhận {3_Num} damage!</Text>
		</Replace>
		<Replace Language="en_US" Tag="LOC_COMBAT_ICBM_DESTROYED">
			<Text>Tên lửa xuyên lục địa đã bị đánh chặn và phá hủy.</Text>
		</Replace>
		<Replace Language="en_US" Tag="LOC_PLUNDER_UNIT_HEALED">
			<Text>Cướp bóc đã hồi sức khỏe cho {1_Name} của bạn.</Text>
		</Replace>
		<Replace Language="en_US" Tag="LOC_PLUNDER_CULTURE">
			<Text>Bạn đã nhận được {1_Num} [ICON_Culture] Văn minh trong việc cướp bóc.</Text>
		</Replace>
		<Replace Language="en_US" Tag="LOC_PLUNDER_FAITH">
			<Text>Bạn đã nhận được {1_Num} [ICON_Faith] Đức Tin trong việc cướp bóc.</Text>
		</Replace>
		<Replace Language="en_US" Tag="LOC_PLUNDER_GOLD">
			<Text>Bạn đã nhận được {1_Num} [ICON_Gold] Vàng trong việc cướp bóc.</Text>
		</Replace>
		<Replace Language="en_US" Tag="LOC_PLUNDER_SCIENCE">
			<Text>Bạn đã nhận được {1_Num} [ICON_Science] Khoa học trong việc cướp bóc.</Text>
		</Replace>
		<Replace Language="en_US" Tag="LOC_KILL_CULTURE">
			<Text>[COLOR_FLOAT_CULTURE]+{1_Num} [ICON_Culture][ENDCOLOR]</Text>
		</Replace>
		<Replace Language="en_US" Tag="LOC_KILL_FAITH">
			<Text>[COLOR_FLOAT_FAITH]+{1_Num} [ICON_Faith][ENDCOLOR]</Text>
		</Replace>
		<Replace Language="en_US" Tag="LOC_KILL_FAITH_PLUS">
			<Text>[COLOR_FLOAT_FAITH]+{1_Num} {2_Religion}[ENDCOLOR]</Text>
		</Replace>
		<Replace Language="en_US" Tag="LOC_KILL_FAITH_MINUS">
			<Text>[COLOR_RED]-{1_Num} {2_Religion}[ENDCOLOR]</Text>
		</Replace>
		<Replace Language="en_US" Tag="LOC_KILL_GOLD">
			<Text>[COLOR_FLOAT_GOLD]+{1_Num} [ICON_Gold][ENDCOLOR]</Text>
		</Replace>
		<Replace Language="en_US" Tag="LOC_KILL_SCIENCE">
			<Text>[COLOR_FLOAT_SCIENCE]+{1_Num} [ICON_Science][ENDCOLOR]</Text>
		</Replace>
		<Replace Language="en_US" Tag="LOC_KILL_GREATPERSON_BONUS">
			<Text>[COLOR_FLOAT_FOOD]+{1_Num} điểm {2_GreatPerson}[ENDCOLOR]</Text>
		</Replace>
		<!-- Damage Message -->
		<Replace Language="en_US" Tag="LOC_WORLD_DISTRICT_GARRISON_DAMAGE_DECREASE_FLOATER">
			<Text>[COLOR_GREEN]+{1_Num}[ENDCOLOR] HP</Text>
		</Replace>
		<Replace Language="en_US" Tag="LOC_WORLD_DISTRICT_GARRISON_DAMAGE_INCREASE_FLOATER">
			<Text>[COLOR_RED]{1_Num}[ENDCOLOR] HP</Text>
		</Replace>
		<Replace Language="en_US" Tag="LOC_WORLD_DISTRICT_DEFENSE_DAMAGE_DECREASE_FLOATER">
			<Text>[COLOR_GREEN]+{1_Num}[ENDCOLOR] Phòng Thủ</Text>
		</Replace>
		<Replace Language="en_US" Tag="LOC_WORLD_DISTRICT_DEFENSE_DAMAGE_INCREASE_FLOATER">
			<Text>[COLOR_RED]{1_Num}[ENDCOLOR] Phòng Thủ</Text>
		</Replace>
		<Replace Language="en_US" Tag="LOC_RAZE_CITY_HEADER">
			<Text>THÀNH PHỐ ĐÃ CHIẾM</Text>
		</Replace>
		<Replace Language="en_US" Tag="LOC_RAZE_CITY_TRADED">
			<Text>THÀNH PHỐ ĐÃ NHẬN</Text>
		</Replace>
		<Replace Language="en_US" Tag="LOC_RAZE_CITY_NAME_LABEL">
			<Text>Tên Thành Phố:</Text>
		</Replace>
		<Replace Language="en_US" Tag="LOC_RAZE_CITY_POPULATION_LABEL">
			<Text>Dân Số:</Text>
		</Replace>
		<Replace Language="en_US" Tag="LOC_RAZE_CITY_DISTRICTS_LABEL">
			<Text>Số Đặc Khu Hiện Tại:</Text>
		</Replace>
		<Replace Language="en_US" Tag="LOC_RAZE_CITY_LIBERATE_EXPLANATION">
			<Text>Giải phóng một thành phố thì nó sẽ trở về với một trong số những người chủ trước, có thể mang nền văn minh này quay trở lại game.[NEWLINE][NEWLINE]{1_WarmongerInfo}</Text>
		</Replace>
		<Replace Language="en_US" Tag="LOC_RAZE_CITY_LIBERATE_WARMONGER_EXPLANATION">
			<Text>Giải phóng một thành phố sẽ cho phép [COLOR_MEDIUM_GREEN]GIẢM MẠNH[ENDCOLOR] hành phạt chiến tranh đã kiếm được trước đó.</Text>
		</Replace>
		<Replace Language="en_US" Tag="LOC_RAZE_CITY_KEEP_EXPLANATION">
			<Text>Giữ thành phố này trong đế chế của bạn ngay bây giờ. Nó sẽ sản xuất kém, thành phố bị chiếm cho đến khi quyền sở hữu được đưa ra bàn bạc tại diễn đàn hòa bình hậu chiến tranh.[NEWLINE][NEWLINE]{1_WarmongerInfo}</Text>
		</Replace>
		<Replace Language="en_US" Tag="LOC_RAZE_CITY_KEEP_EXPLANATION_TRADED">
			<Text>Giữ thành phố này trong đế chế của bạn.</Text>
		</Replace>
		<Replace Language="en_US" Tag="LOC_RAZE_CITY_KEEP_WARMONGER_EXPLANATION">
			<Text>Hình phạt chiến tranh của việc giữ thành phố bây giờ là: {1_WarmongerLevel}[NEWLINE][NEWLINE]Hình phạt này sẽ được trả lại hoặc x2 vào cuối chiến tranh tùy thuộc vào việc bạn có giữ thành phố đó hay không.</Text>
		</Replace>
		<Replace Language="en_US" Tag="LOC_RAZE_CITY_KEEP_LAST_CITY_EXPLANATION">
			<Text>Hành phạt chiến tranh cho việc giữ thành phố cuối cùng của người chơi là dựa theo hình phạt chiến tranh bất ngờ của thời đại đó. Sẽ được [COLOR_RED]x2[ENDCOLOR] nếu chiếm thành phố này giúp loại bỏ một nền văn minh lớn (không phải thành phố tự trị).</Text>
		</Replace>
		<Replace Language="en_US" Tag="LOC_RAZE_CITY_RAZE_EXPLANATION">
			<Text>San phẳng thành phố sẽ loại bỏ nó và tất cả đặc khu, kiến trúc ra khỏi bản đồ. Lựa chọn này chỉ được chọn khi đã chiếm được thành phố.[NEWLINE][NEWLINE]{1_WarmongerInfo}</Text>
		</Replace>
		<Replace Language="en_US" Tag="LOC_RAZE_CITY_RAZE_WARMONGER_EXPLANATION">
			<Text>Hình phạt chiến tranh là [COLOR_RED]x3[ENDCOLOR] cho việc san phẳng thành phố.[NEWLINE][NEWLINE]Hình phạt chiến tranh cho việc san phẳng thành phố bây giờ là: {1_WarmongerLevel}</Text>
		</Replace>
		<Replace Language="en_US" Tag="LOC_RAZE_CITY_RAZE_LAST_CITY_EXPLANATION">
			<Text>[COLOR_RED]x3[ENDCOLOR] hình phạt "Tuyên bố chiến tranh" của thời đại này khi bạn san phẳng thành phố cuối cùng của một người chơi.</Text>
		</Replace>
		<Replace Language="en_US" Tag="LOC_RAZE_CITY_RAZE_DISABLED_EXPLANATION">
			<Text>Bạn không thể san phẳng thủ đô gốc của nền văn minh lớn hoặc một thành phố mà bạn hoặc đồng minh sáng lập ra hoặc người chủ bắt đầu chiến tranh này.</Text>
		</Replace>
		<Replace Language="en_US" Tag="LOC_RAZE_CITY_LIBERATE_FOUNDER_BUTTON_LABEL">
			<Text>Giải phóng cho người sáng lập thành phố, ({1_CivName})</Text>
		</Replace>
		<Replace Language="en_US" Tag="LOC_RAZE_CITY_LIBERATE_PREWAR_OWNER_BUTTON_LABEL">
			<Text>Giải phóng cho chủ trước chiến tranh, ({1_CivName})</Text>
		</Replace>
		<Replace Language="en_US" Tag="LOC_RAZE_CITY_KEEP_BUTTON_LABEL">
			<Text>Giữ Thành Phố</Text>
		</Replace>
		<Replace Language="en_US" Tag="LOC_RAZE_CITY_RAZE_BUTTON_LABEL">
			<Text>San Phẳng Thành Phố</Text>
		</Replace>
	</LocalizedText>
</GameData>
