<?xml version="1.0" encoding="utf-8"?>
<!-- edited with XMLSPY v2004 rel. 2 U (http://www.xmlspy.com) by Ed Beach (Firaxis Games) -->
<GameData>
	<LocalizedText>
		<Replace Language="en_US" Tag="LOC_MULTIPLAYER_CROSSPLAY_GAME">
			<Text>Internet (Chơi PC hợp nhất)</Text>
		</Replace>
		<Replace Language="en_US" Tag="LOC_MULTIPLAYER_CROSSPLAY_NEW_GAME">
			<Text>[ICON_Exclamation] Internet (Chơi PC hợp nhất)</Text>
		</Replace>
		<Replace Language="en_US" Tag="LOC_MULTIPLAYER_CROSSPLAY_GAME_OFFLINE">
			<Text>[ICON_CheckFail] Internet (Chơi PC hợp nhất)</Text>
		</Replace>
		<Replace Language="en_US" Tag="LOC_MULTIPLAYER_CROSSPLAY_NEW_GAME_OFFLINE">
			<Text>[ICON_Exclamation][ICON_CheckFail] Internet (Chơi PC hợp nhất)</Text>
		</Replace>
		<Replace Language="en_US" Tag="LOC_MULTIPLAYER_CROSSPLAY_GAME_TT">
			<Text>Chơi trò chơi nhiều người chơi trên internet với người dùng trên các nền tảng khác.</Text>
		</Replace>
    	<Replace Language="en_US" Tag="LOC_MULTIPLAYER_CROSSPLAY_NEW_GAME_TT">
      		<Text>Chế độ nhiều người chơi mới: Chơi trò chơi nhiều người chơi trên internet với người dùng trên các nền tảng khác.</Text>
    	</Replace>
		<Replace Language="en_US" Tag="LOC_MULTIPLAYER_CROSSPLAY_GAME_OFFLINE_TT">
			<Text>Các trò chơi PC Play hợp nhất không khả dụng trong khi các máy chủ của Unified Play đang ngoại tuyến.</Text>
		</Replace>
		<Replace Language="en_US" Tag="LOC_MULTIPLAYER_CROSSPLAY_NEW_GAME_OFFLINE_TT">
			<Text>Chế độ nhiều người chơi mới: Các trò chơi PC Play hợp nhất không khả dụng trong khi các máy chủ của Unified Play đang ngoại tuyến.</Text>
		</Replace>
		<Replace Language="en_US" Tag="LOC_MULTIPLAYER_CROSSPLAY_GAME_NEW_MODE_TT">
			<Text>Chế độ nhiều người chơi mới có sẵn!</Text>
		</Replace>
		<Replace Language="en_US" Tag="LOC_MULTIPLAYER_CROSSPLAY_LOBBY">
			<Text>UNIFIED PC PLAY GAMES</Text>
		</Replace>
		<Replace Language="en_US" Tag="TXT_KEY_CROSSPLAY_OK">
			<Text>Ok</Text>
		</Replace>
		<Replace Language="en_US" Tag="TXT_KEY_CROSSPLAY_LOGIN_ERROR_TITLE">
			<Text>Lỗi đăng nhập</Text>
		</Replace>
		<Replace Language="en_US" Tag="TXT_KEY_CROSSPLAY_LOGIN_ERROR_MESSAGE">
			<Text>Đã có một lỗi với nỗ lực đăng nhập của bạn.</Text>
		</Replace>
		<Replace Language="en_US" Tag="TXT_KEY_CROSSPLAY_AUTHORIZATION_ERROR_MESSAGE">
			<Text>Đã xảy ra sự cố khi xác thực tài khoản Steam của bạn.</Text>
		</Replace>
		<Replace Language="en_US" Tag="TXT_KEY_CROSSPLAY_CREATE_USER_ERROR_MESSAGE">
			<Text>Có một vấn đề tạo ra một Unified Play ID cho tài khoản của bạn.</Text>
		</Replace>
	</LocalizedText>
</GameData>
