<?xml version="1.0" encoding="utf-8"?>
<!-- edited with XMLSPY v2004 rel. 2 U (http://www.xmlspy.com) by Ed Beach (Firaxis Games) -->
<GameData>
	<LocalizedText>
		<Replace Language="en_US" Tag="LOC_DIFFICULTY_SETTLER_NAME">
			<Text>Dân di cư - Settler</Text>
		</Replace>
		<Replace Language="en_US" Tag="LOC_DIFFICULTY_CHIEFTAIN_NAME">
			<Text>Trưởng nhóm - Chieftain</Text>
		</Replace>
		<Replace Language="en_US" Tag="LOC_DIFFICULTY_WARLORD_NAME">
			<Text>Thủ lĩnh - Warlord</Text>
		</Replace>
		<Replace Language="en_US" Tag="LOC_DIFFICULTY_PRINCE_NAME">
			<Text>Hoàng tử - Prince</Text>
		</Replace>
		<Replace Language="en_US" Tag="LOC_DIFFICULTY_KING_NAME">
			<Text>Vua - King</Text>
		</Replace>
		<Replace Language="en_US" Tag="LOC_DIFFICULTY_EMPEROR_NAME">
			<Text>Hoàng đế - Emperor</Text>
		</Replace>
		<Replace Language="en_US" Tag="LOC_DIFFICULTY_IMMORTAL_NAME">
			<Text>Bất tử - Immortal</Text>
		</Replace>
		<Replace Language="en_US" Tag="LOC_DIFFICULTY_DEITY_NAME">
			<Text>Thần thánh - Deity</Text>
		</Replace>
	</LocalizedText>
</GameData>
