<?xml version="1.0" encoding="utf-8"?>
<GameData>
	<LocalizedText>
		<Replace Language="en_US" Tag="LOC_DIPLO_MAKE_DEAL_AI_ACCEPT_DEAL_ANY_ANY">
			<Text>Vâng, ta rất vui đồng ý thỏa thuận này.</Text>
		</Replace>
		<Replace Language="en_US" Tag="LOC_DIPLO_MAKE_DEAL_AI_REFUSE_DEAL_ANY_ANY">
			<Text>Ta không thể chấp nhận thỏa thuận này.</Text>
		</Replace>
		<Replace Language="en_US" Tag="LOC_DIPLO_ACCEPT_MAKE_DEAL_FROM_AI_ANY_ANY">
			<Text>Cảm ơn. Ta nghĩ điều này đều có lợi cho cả hai.</Text>
		</Replace>
		<Replace Language="en_US" Tag="LOC_DIPLO_ACCEPT_MAKE_DEAL_FROM_AI_LEADER_MVEMBA_ANY">
			<Text>{LOC_DIPLO_ACCEPT_DECLARE_FRIEND_FROM_AI_LEADER_MVEMBA_ANY}</Text>
		</Replace>
		<Replace Language="en_US" Tag="LOC_DIPLO_ACCEPT_MAKE_DEAL_FROM_AI_LEADER_CATHERINE_DE_MEDICI_ANY">
			<Text>{LOC_DIPLO_ACCEPT_DECLARE_FRIEND_FROM_AI_LEADER_CATHERINE_DE_MEDICI_ANY}</Text>
		</Replace>
		<Replace Language="en_US" Tag="LOC_DIPLO_ACCEPT_MAKE_DEAL_FROM_AI_LEADER_CLEOPATRA_ANY">
			<Text>{LOC_DIPLO_ACCEPT_DECLARE_FRIEND_FROM_AI_LEADER_CLEOPATRA_ANY}</Text>
		</Replace>
		<Replace Language="en_US" Tag="LOC_DIPLO_ACCEPT_MAKE_DEAL_FROM_AI_LEADER_BARBAROSSA_ANY">
			<Text>{LOC_DIPLO_ACCEPT_DECLARE_FRIEND_FROM_AI_LEADER_BARBAROSSA_ANY}</Text>
		</Replace>
		<Replace Language="en_US" Tag="LOC_DIPLO_ACCEPT_MAKE_DEAL_FROM_AI_LEADER_GANDHI_ANY">
			<Text>{LOC_DIPLO_ACCEPT_DECLARE_FRIEND_FROM_AI_LEADER_GANDHI_ANY}</Text>
		</Replace>
		<Replace Language="en_US" Tag="LOC_DIPLO_ACCEPT_MAKE_DEAL_FROM_AI_LEADER_GILGAMESH_ANY">
			<Text>{LOC_DIPLO_ACCEPT_DECLARE_FRIEND_FROM_AI_LEADER_GILGAMESH_ANY}</Text>
		</Replace>
		<Replace Language="en_US" Tag="LOC_DIPLO_ACCEPT_MAKE_DEAL_FROM_AI_LEADER_GORGO_ANY">
			<Text>{LOC_DIPLO_ACCEPT_DECLARE_FRIEND_FROM_AI_LEADER_GORGO_ANY}</Text>
		</Replace>
		<Replace Language="en_US" Tag="LOC_DIPLO_ACCEPT_MAKE_DEAL_FROM_AI_LEADER_HARDRADA_ANY">
			<Text>{LOC_DIPLO_ACCEPT_DECLARE_FRIEND_FROM_AI_LEADER_HARDRADA_ANY}</Text>
		</Replace>
		<Replace Language="en_US" Tag="LOC_DIPLO_ACCEPT_MAKE_DEAL_FROM_AI_LEADER_HOJO_ANY">
			<Text>{LOC_DIPLO_ACCEPT_DECLARE_FRIEND_FROM_AI_LEADER_HOJO_ANY}</Text>
		</Replace>
		<Replace Language="en_US" Tag="LOC_DIPLO_ACCEPT_MAKE_DEAL_FROM_AI_LEADER_PEDRO_ANY">
			<Text>{LOC_DIPLO_ACCEPT_DECLARE_FRIEND_FROM_AI_LEADER_PEDRO_ANY}</Text>
		</Replace>
		<Replace Language="en_US" Tag="LOC_DIPLO_ACCEPT_MAKE_DEAL_FROM_AI_LEADER_PERICLES_ANY">
			<Text>{LOC_DIPLO_ACCEPT_DECLARE_FRIEND_FROM_AI_LEADER_PERICLES_ANY}</Text>
		</Replace>
		<Replace Language="en_US" Tag="LOC_DIPLO_ACCEPT_MAKE_DEAL_FROM_AI_LEADER_PETER_GREAT_ANY">
			<Text>{LOC_DIPLO_ACCEPT_DECLARE_FRIEND_FROM_AI_LEADER_PETER_GREAT_ANY}</Text>
		</Replace>
		<Replace Language="en_US" Tag="LOC_DIPLO_ACCEPT_MAKE_DEAL_FROM_AI_LEADER_PHILIP_II_ANY">
			<Text>{LOC_DIPLO_ACCEPT_DECLARE_FRIEND_FROM_AI_LEADER_PHILIP_II_ANY}</Text>
		</Replace>
		<Replace Language="en_US" Tag="LOC_DIPLO_ACCEPT_MAKE_DEAL_FROM_AI_LEADER_QIN_ANY">
			<Text>{LOC_DIPLO_ACCEPT_DECLARE_FRIEND_FROM_AI_LEADER_QIN_ANY}</Text>
		</Replace>
		<Replace Language="en_US" Tag="LOC_DIPLO_ACCEPT_MAKE_DEAL_FROM_AI_LEADER_SALADIN_ANY">
			<Text>{LOC_DIPLO_ACCEPT_DECLARE_FRIEND_FROM_AI_LEADER_SALADIN_ANY}</Text>
		</Replace>
		<Replace Language="en_US" Tag="LOC_DIPLO_ACCEPT_MAKE_DEAL_FROM_AI_LEADER_T_ROOSEVELT_ANY">
			<Text>{LOC_DIPLO_ACCEPT_DECLARE_FRIEND_FROM_AI_LEADER_T_ROOSEVELT_ANY}</Text>
		</Replace>
		<Replace Language="en_US" Tag="LOC_DIPLO_ACCEPT_MAKE_DEAL_FROM_AI_LEADER_TOMYRIS_ANY">
			<Text>{LOC_DIPLO_ACCEPT_DECLARE_FRIEND_FROM_AI_LEADER_TOMYRIS_ANY}</Text>
		</Replace>
		<Replace Language="en_US" Tag="LOC_DIPLO_ACCEPT_MAKE_DEAL_FROM_AI_LEADER_TRAJAN_ANY">
			<Text>{LOC_DIPLO_ACCEPT_DECLARE_FRIEND_FROM_AI_LEADER_TRAJAN_ANY}</Text>
		</Replace>
		<Replace Language="en_US" Tag="LOC_DIPLO_ACCEPT_MAKE_DEAL_FROM_AI_LEADER_VICTORIA_ANY">
			<Text>{LOC_DIPLO_ACCEPT_DECLARE_FRIEND_FROM_AI_LEADER_VICTORIA_ANY}</Text>
		</Replace>
		<Replace Language="en_US" Tag="LOC_DIPLO_REJECT_MAKE_DEAL_FROM_AI_ANY_ANY">
			<Text>Ta phải nói rằng ta có một chút thất vọng.</Text>
		</Replace>
		<Replace Language="en_US" Tag="LOC_DIPLO_REJECT_MAKE_DEAL_FROM_AI_LEADER_MVEMBA_ANY">
			<Text>{LOC_DIPLO_REJECT_DECLARE_FRIEND_FROM_AI_LEADER_MVEMBA_ANY}</Text>
		</Replace>
		<Replace Language="en_US" Tag="LOC_DIPLO_REJECT_MAKE_DEAL_FROM_AI_LEADER_CATHERINE_DE_MEDICI_ANY">
			<Text>{LOC_DIPLO_REJECT_DECLARE_FRIEND_FROM_AI_LEADER_CATHERINE_DE_MEDICI_ANY}</Text>
		</Replace>
		<Replace Language="en_US" Tag="LOC_DIPLO_REJECT_MAKE_DEAL_FROM_AI_LEADER_CLEOPATRA_ANY">
			<Text>{LOC_DIPLO_REJECT_DECLARE_FRIEND_FROM_AI_LEADER_CLEOPATRA_ANY}</Text>
		</Replace>
		<Replace Language="en_US" Tag="LOC_DIPLO_REJECT_MAKE_DEAL_FROM_AI_LEADER_BARBAROSSA_ANY">
			<Text>{LOC_DIPLO_REJECT_DECLARE_FRIEND_FROM_AI_LEADER_BARBAROSSA_ANY}</Text>
		</Replace>
		<Replace Language="en_US" Tag="LOC_DIPLO_REJECT_MAKE_DEAL_FROM_AI_LEADER_GANDHI_ANY">
			<Text>{LOC_DIPLO_REJECT_DECLARE_FRIEND_FROM_AI_LEADER_GANDHI_ANY}</Text>
		</Replace>
		<Replace Language="en_US" Tag="LOC_DIPLO_REJECT_MAKE_DEAL_FROM_AI_LEADER_GILGAMESH_ANY">
			<Text>{LOC_DIPLO_REJECT_DECLARE_FRIEND_FROM_AI_LEADER_GILGAMESH_ANY}</Text>
		</Replace>
		<Replace Language="en_US" Tag="LOC_DIPLO_REJECT_MAKE_DEAL_FROM_AI_LEADER_GORGO_ANY">
			<Text>{LOC_DIPLO_REJECT_DECLARE_FRIEND_FROM_AI_LEADER_GORGO_ANY}</Text>
		</Replace>
		<Replace Language="en_US" Tag="LOC_DIPLO_REJECT_MAKE_DEAL_FROM_AI_LEADER_HARDRADA_ANY">
			<Text>{LOC_DIPLO_REJECT_DECLARE_FRIEND_FROM_AI_LEADER_HARDRADA_ANY}</Text>
		</Replace>
		<Replace Language="en_US" Tag="LOC_DIPLO_REJECT_MAKE_DEAL_FROM_AI_LEADER_HOJO_ANY">
			<Text>{LOC_DIPLO_REJECT_DECLARE_FRIEND_FROM_AI_LEADER_HOJO_ANY}</Text>
		</Replace>
		<Replace Language="en_US" Tag="LOC_DIPLO_REJECT_MAKE_DEAL_FROM_AI_LEADER_PEDRO_ANY">
			<Text>{LOC_DIPLO_REJECT_DECLARE_FRIEND_FROM_AI_LEADER_PEDRO_ANY}</Text>
		</Replace>
		<Replace Language="en_US" Tag="LOC_DIPLO_REJECT_MAKE_DEAL_FROM_AI_LEADER_PERICLES_ANY">
			<Text>{LOC_DIPLO_REJECT_DECLARE_FRIEND_FROM_AI_LEADER_PERICLES_ANY}</Text>
		</Replace>
		<Replace Language="en_US" Tag="LOC_DIPLO_REJECT_MAKE_DEAL_FROM_AI_LEADER_PETER_GREAT_ANY">
			<Text>{LOC_DIPLO_REJECT_DECLARE_FRIEND_FROM_AI_LEADER_PETER_GREAT_ANY}</Text>
		</Replace>
		<Replace Language="en_US" Tag="LOC_DIPLO_REJECT_MAKE_DEAL_FROM_AI_LEADER_PHILIP_II_ANY">
			<Text>{LOC_DIPLO_REJECT_DECLARE_FRIEND_FROM_AI_LEADER_PHILIP_II_ANY}</Text>
		</Replace>
		<Replace Language="en_US" Tag="LOC_DIPLO_REJECT_MAKE_DEAL_FROM_AI_LEADER_QIN_ANY">
			<Text>{LOC_DIPLO_REJECT_DECLARE_FRIEND_FROM_AI_LEADER_QIN_ANY}</Text>
		</Replace>
		<Replace Language="en_US" Tag="LOC_DIPLO_REJECT_MAKE_DEAL_FROM_AI_LEADER_SALADIN_ANY">
			<Text>{LOC_DIPLO_REJECT_DECLARE_FRIEND_FROM_AI_LEADER_SALADIN_ANY}</Text>
		</Replace>
		<Replace Language="en_US" Tag="LOC_DIPLO_REJECT_MAKE_DEAL_FROM_AI_LEADER_T_ROOSEVELT_ANY">
			<Text>{LOC_DIPLO_REJECT_DECLARE_FRIEND_FROM_AI_LEADER_T_ROOSEVELT_ANY}</Text>
		</Replace>
		<Replace Language="en_US" Tag="LOC_DIPLO_REJECT_MAKE_DEAL_FROM_AI_LEADER_TOMYRIS_ANY">
			<Text>{LOC_DIPLO_REJECT_DECLARE_FRIEND_FROM_AI_LEADER_TOMYRIS_ANY}</Text>
		</Replace>
		<Replace Language="en_US" Tag="LOC_DIPLO_REJECT_MAKE_DEAL_FROM_AI_LEADER_TRAJAN_ANY">
			<Text>{LOC_DIPLO_REJECT_DECLARE_FRIEND_FROM_AI_LEADER_TRAJAN_ANY}</Text>
		</Replace>
		<Replace Language="en_US" Tag="LOC_DIPLO_REJECT_MAKE_DEAL_FROM_AI_LEADER_VICTORIA_ANY">
			<Text>{LOC_DIPLO_REJECT_DECLARE_FRIEND_FROM_AI_LEADER_VICTORIA_ANY}</Text>
		</Replace>
		<Replace Language="en_US" Tag="LOC_DIPLO_MAKE_DEAL_AI_ADJUST_DEAL_ANY_ANY">
			<Text>Thỏa thuận này có thay đổi so với ý muốn của ta.</Text>
		</Replace>
	</LocalizedText>
</GameData>
