<?xml version="1.0" encoding="utf-8"?>
<GameData>
	<LocalizedText>
		<Replace Language="en_US" Tag="LOC_DIPLO_GREETING_MVEMBA_ANY">
			<Text>Mong những phước lành sẽ đến với ngài.</Text>
		</Replace>
		<Replace Language="en_US" Tag="LOC_DIPLO_GREETING_LEADER_CATHERINE_DE_MEDICI_ANY">
			<Text>Thật hân hạnh, như mọi khi.</Text>
		</Replace>
		<Replace Language="en_US" Tag="LOC_DIPLO_GREETING_LEADER_CLEOPATRA_ANY">
			<Text>Ngài muốn nói chuyện với ta?</Text>
		</Replace>
		<Replace Language="en_US" Tag="LOC_DIPLO_GREETING_LEADER_BARBAROSSA_ANY">
			<Text>Ngài muốn gì?</Text>
		</Replace>
		<Replace Language="en_US" Tag="LOC_DIPLO_GREETING_LEADER_GANDHI_ANY">
			<Text>Mong ngài bình an.</Text>
		</Replace>
		<Replace Language="en_US" Tag="LOC_DIPLO_GREETING_LEADER_GILGAMESH_ANY">
			<Text>Hãy bắt đầu nào.</Text>
		</Replace>
		<Replace Language="en_US" Tag="LOC_DIPLO_GREETING_LEADER_GORGO_ANY">
			<Text>Xin chào.</Text>
		</Replace>
		<Replace Language="en_US" Tag="LOC_DIPLO_GREETING_LEADER_HARDRADA_ANY">
			<Text>Nói!</Text>
		</Replace>
		<Replace Language="en_US" Tag="LOC_DIPLO_GREETING_LEADER_HOJO_ANY">
			<Text>Chào mừng.</Text>
		</Replace>
		<Replace Language="en_US" Tag="LOC_DIPLO_GREETING_LEADER_PEDRO_ANY">
			<Text>Ngài mong muốn gì ở ta?</Text>
		</Replace>
		<Replace Language="en_US" Tag="LOC_DIPLO_GREETING_LEADER_PERICLES_ANY">
			<Text>Ngài có khỏe không?</Text>
		</Replace>
		<Replace Language="en_US" Tag="LOC_DIPLO_GREETING_LEADER_PETER_GREAT_ANY">
			<Text>Chúc ngài một ngày tốt lành.</Text>
		</Replace>
		<Replace Language="en_US" Tag="LOC_DIPLO_GREETING_LEADER_PHILIP_II_ANY">
			<Text>Thật là một hân hạnh.</Text>
		</Replace>
		<Replace Language="en_US" Tag="LOC_DIPLO_GREETING_LEADER_QIN_ANY">
			<Text>Phước lành ban đến ngài.</Text>
		</Replace>
		<Replace Language="en_US" Tag="LOC_DIPLO_GREETING_LEADER_SALADIN_ANY">
			<Text>Ngài vẫn ổn chứ?</Text>
		</Replace>
		<Replace Language="en_US" Tag="LOC_DIPLO_GREETING_LEADER_T_ROOSEVELT_ANY">
			<Text>Tiếp tục nào.</Text>
		</Replace>
		<Replace Language="en_US" Tag="LOC_DIPLO_GREETING_LEADER_TOMYRIS_ANY">
			<Text>Ngài mong muốn gì ở ta?</Text>
		</Replace>
		<Replace Language="en_US" Tag="LOC_DIPLO_GREETING_LEADER_TRAJAN_ANY">
			<Text>Hãy giữ gìn sức khỏe nhé.</Text>
		</Replace>
		<Replace Language="en_US" Tag="LOC_DIPLO_GREETING_LEADER_VICTORIA_ANY">
			<Text>Ta tiếp nhận ngài với niềm hân hạnh.</Text>
		</Replace>
		<Replace Language="en_US" Tag="LOC_DIPLO_GREETING_ANY_ANY">
			<Text>Ngài mong muốn gì ở ta?</Text>
		</Replace>
	</LocalizedText>
</GameData>
