<?xml version="1.0" encoding="utf-8"?>
<!-- edited with XMLSPY v2004 rel. 2 U (http://www.xmlspy.com) by Anton Strenger (Firaxis Games) -->
<GameData>
	<LocalizedText>
		<Replace Language="en_US" Tag="LOC_DISTRICT_CITY_CENTER_DESCRIPTION">
			<Text>Đây là thành phố trung tâm.</Text>
		</Replace>
		<Replace Language="en_US" Tag="LOC_DISTRICT_CAMPUS_DESCRIPTION">
			<Text>Một đặc khu trong thành phố cho các nỗ lực khoa học.</Text>
		</Replace>
		<Replace Language="en_US" Tag="LOC_DISTRICT_CAMPUS_DESCRIPTION_ADJACENCY">
			<Text>Liền kề: Thưởng 1 [ICON_Science] Khoa học cho mỗi Núi liền kề. Thưởng ít [ICON_Science] Khoa học cho Đặc khu và rừng nhiệt đới liền kề.</Text>
		</Replace>
		<Replace Language="en_US" Tag="LOC_DISTRICT_HOLY_SITE_DESCRIPTION">
			<Text>Một khu trong thành phố để tôn thờ.</Text>
		</Replace>
		<Replace Language="en_US" Tag="LOC_DISTRICT_HOLY_SITE_DESCRIPTION_ADJACENCY">
			<Text>Liền kề: Thưởng nhiều [ICON_Faith] Đức Tin cho kỳ quan thiên nhiên liền kề. Thưởng [ICON_Faith] Đức Tin cho mỗi Núi liền kề. Thưởng ít [ICON_Faith] Đức Tin cho mỗi Đặc Khu và Rừng không cải tạo liền kề.</Text>
		</Replace>
		<Replace Language="en_US" Tag="LOC_DISTRICT_ENCAMPMENT_DESCRIPTION">
			<Text>Một Đặc Khu trong thành phố cho quân sự.</Text>
		</Replace>
		<Replace Language="en_US" Tag="LOC_DISTRICT_ENTERTAINMENT_COMPLEX_DESCRIPTION">
			<Text>Một Đặc Khu trong phành phố giúp cho mọi người hành phúc bằng cách tăng [ICON_Amenities] Tiện nghi.</Text>
		</Replace>
		<Replace Language="en_US" Tag="LOC_DISTRICT_THEATER_DESCRIPTION">
			<Text>Một Đặc Khu nghệ thuật.</Text>
		</Replace>
		<Replace Language="en_US" Tag="LOC_DISTRICT_THEATER_DESCRIPTION_ADJACENCY">
			<Text>Liền kề: Thưởng [ICON_Culture] Văn minh cho mỗi kỳ quan liền kề. Thưởng ít [ICON_Culture] Văn minh cho mỗi Đặc Khu liền kề.</Text>
		</Replace>
		<Replace Language="en_US" Tag="LOC_DISTRICT_HARBOR_DESCRIPTION">
			<Text>Một Đặc Khu cho hoạt động biển. Loại bỏ điểm phạt [ICON_Movement] Di chuyển lên tàu và xuống tàu từ ô đất này. Phải xây trên bờ biển hoặc hồ gần kề đất.[NEWLINE][NEWLINE]+1 [ICON_TradeRoute] Tuyến đường thương mại Thủ Đô nếu thành phố này vẫn chưa có Khu Thương Mại.</Text>
		</Replace>
		<Replace Language="en_US" Tag="LOC_DISTRICT_HARBOR_DESCRIPTION_ADJACENCY">
			<Text>Liền kề: Thưởng nhiều [ICON_Gold] Vàng cho mỗi trung tâm thành phố liền kề. Thưởng [ICON_Gold] Vàng cho mỗi tài nguyên biển liền kề. Thưởng ít [ICON_Gold] Vàng cho Đặc Khu liền kề.</Text>
		</Replace>
		<Replace Language="en_US" Tag="LOC_DISTRICT_NEIGHBORHOOD_DESCRIPTION">
			<Text>Đặc Khu trong thành phố cung cấp Nhà ở dựa trên Sức Hấp Dẫn ô đất:[NEWLINE]Ngây ngất: +6 [ICON_Housing] Nhà ở.[NEWLINE]Đẹp: +5 [ICON_Housing] Nhà ở.[NEWLINE]Trung bình: +4 [ICON_Housing] Nhà ở.[NEWLINE]Không hấp dẫn: +3 [ICON_Housing] Nhà ở.[NEWLINE]Ghê tởm: +2 [ICON_Housing] Nhà ở.</Text>
		</Replace>
		<Replace Language="en_US" Tag="LOC_DISTRICT_INDUSTRIAL_ZONE_DESCRIPTION">
			<Text>Một đặc khu trong thành phố dành cho hoạt động công nghiệp.</Text>
		</Replace>
		<Replace Language="en_US" Tag="LOC_DISTRICT_INDUSTRIAL_ZONE_DESCRIPTION_ADJACENCY">
			<Text>Liền kề:  Thưởng [ICON_Production] Sản phẩm cho mỗi Mỏ hoặc Mỏ Đá liền kề. Thưởng ít [ICON_Production] Sản phẩm cho mỗi Đặc Khu liền kề.</Text>
		</Replace>
		<Replace Language="en_US" Tag="LOC_DISTRICT_COMMERCIAL_HUB_DESCRIPTION">
			<Text>Đặc Khu trong thành phố phục vụ thương mại.[NEWLINE][NEWLINE]+1 [ICON_TradeRoute] Tuyến đường thương mại nếu thành phố này chưa có Khu Cảng Biển.</Text>
		</Replace>
		<Replace Language="en_US" Tag="LOC_DISTRICT_COMMERCIAL_HUB_DESCRIPTION_ADJACENCY">
			<Text>Liền kề: Thưởng nhiều [ICON_Gold] Vàng cho mỗi khu hải cảng liền kề, hoặc ô đất có chứa sông. Thưởng ít [ICON_Gold] Vàng cho mỗi Đặc Khu liền kề.</Text>
		</Replace>
		<Replace Language="en_US" Tag="LOC_DISTRICT_AQUEDUCT_DESCRIPTION">
			<Text>Đặc Khu này cung cấp nước sạch từ Sông, Hồ, Ốc đảo hoặc Núi liền kề. Các thành phố chưa có nước sạch sẽ có 6 [ICON_Housing] Nhà ở. Các thành phố đã có nước sạch sẽ có +2 [ICON_Housing] Nhà ở. Phải xây gần thành phố trung tâm.</Text>
		</Replace>
		<Replace Language="en_US" Tag="LOC_DISTRICT_AERODROME_DESCRIPTION">
			<Text>Một Đặc Khu cho phép xây dựng và chứa máy bay. Không thể xây trên đồi.</Text>
		</Replace>
		<Replace Language="en_US" Tag="LOC_DISTRICT_SPACEPORT_DESCRIPTION">
			<Text>Là Đặc Khu yêu cầu để xây dựng dự án Chiến thắng Khoa Học. Bao gồm Phóng vệ tinh từ trái đất, Đáp xuống mặt trăng, Nhà ở trên sao Hỏa, Thực vật trên sao Hỏa, và Lò phản ứng trên sao Hỏa. Không thể xây trên đồi.</Text>
		</Replace>
		<Replace Language="en_US" Tag="LOC_DISTRICT_ACROPOLIS_DESCRIPTION">
			<Text>Đặc Khu đặc biệt của Hy Lạp. Thay thế khu nghệ thuật và phí xây dựng rẻ hơn. Thưởng 1 [ICON_Envoy] Phái đoàn khi hoàn thành.[NEWLINE][NEWLINE]+1 [ICON_Culture] Văn minh cho liền kề Thành phố trung tâm. +1 [ICON_Culture] Văn minh cho mỗi kỳ quan và đặc khu liền kề. Chỉ có thể xây trên Đồi.</Text>
		</Replace>
		<Replace Language="en_US" Tag="LOC_DISTRICT_ACROPOLIS_DESCRIPTION_ADJACENCY">
			<Text>Liền kề: Thưởng [ICON_Culture] Văn minh cho thành phố trung tâm liền kề. Thưởng [ICON_Culture] Văn minh cho mỗi kỳ quan và Đặc Khu liền kề. Chỉ có thể xây trên đồi.</Text>
		</Replace>
		<Replace Language="en_US" Tag="LOC_DISTRICT_BATH_DESCRIPTION">
			<Text>Đặc Khu đặc biệt của La Mã cho phát triển thành phố. Thay thế Khu thủy lợi và phí xây dựng rẻ hơn.[NEWLINE][NEWLINE]Nó cung cấp cho thành phố này nước sạch từ Sông, Hồ, Ốc đảo hoặc Núi liền kề. Các thành phố chưa có nước sạch sẽ có 6 [ICON_Housing] Nhà ở. Các thành phố đã có nước sạch sẽ có +2 [ICON_Housing] Nhà ở. Phải xây cạnh thành phố trung tâm. Trong cả hai trường hợp, Nhà tắm La Mã đều thưởng thêm +2 [ICON_Housing] Nhà ở và +1 [ICON_Amenities] Tiện nghi.</Text>
		</Replace>
		<Replace Language="en_US" Tag="LOC_DISTRICT_HANSA_DESCRIPTION">
			<Text>Đặc Khu đặc biệt của Đức cho hoạt động công nghiệp. Thay thế khu công nghiệp và phí xây dựng rẻ hơn.[NEWLINE][NEWLINE]+ 2[ICON_Production] Sản phẩm nếu liền kề Khu thương mại. +1 [ICON_Production] Sản phẩm cho mỗi tài nguyên liền kề. +1 [ICON_Production] Sản phẩm cho mỗi 2 ô đặc khu liền kề.</Text>
		</Replace>
		<Replace Language="en_US" Tag="LOC_DISTRICT_HANSA_DESCRIPTION_ADJACENCY">
			<Text>Liền kề:  Thưởng lớn [ICON_Production] Sản phẩm nếu gần Khu thương mại. Thưởng [ICON_Production] Sản phẩm cho mỗi tài nguyên liền kề. Thưởng ít [ICON_Production] Sản phẩm cho Đặc Khu liền kề.</Text>
		</Replace>
		<Replace Language="en_US" Tag="LOC_DISTRICT_LAVRA_DESCRIPTION">
			<Text>Đặc Khu đặc biệt của Nga cho hoạt động tôn giáo. Thay thế Thánh Địa và phí xây dựng rẻ hơn.[NEWLINE][NEWLINE]Mở rộng biên giới thêm một ô cho mỗi lần Vĩ nhân hoạt động trong thành phố này.</Text>
		</Replace>
		<Replace Language="en_US" Tag="LOC_DISTRICT_MBANZA_DESCRIPTION">
			<Text>Đặc Khu đặc biệt của Kongo chỉ có thể xây ở Rừng nhiệt đới hoặc Rừng. Thay thế Vùng ngoại ô nhưng có sớm, phí xây dựng rẻ hơn. +5 [ICON_Housing] Nhà ở , +2 [ICON_Food] Thực phẩm, và +4 [ICON_Gold] Vàng, regardless of Appeal.</Text>
		</Replace>
		<Replace Language="en_US" Tag="LOC_DISTRICT_STREET_CARNIVAL_DESCRIPTION">
			<Text>Đặc Khu đặc biệt của Brazil. Thay thế khu giải trí, và +2 [ICON_Amenities] Tiện nghi, và phí xây dựng rẻ hơn. Cũng mở hóa dự án Lễ hội Carnival, cho phép +1 [ICON_Amenities] Tiện nghi khi tiến hành và một loại điểm [ICON_GreatPerson] Vĩ nhân khi hoàn thành.</Text>
		</Replace>
		<Replace Language="en_US" Tag="LOC_DISTRICT_ROYAL_NAVY_DOCKYARD_DESCRIPTION">
			<Text>Đặc Khu đặc biệt của Anh cho hoạt động hải quân. Thay thế Khu hải cảng và phí xây dựng rẻ hơn. Loại bỏ điểm phạt [ICON_Movement] Di chuyển khi lên tàu và xuống tàu từ ô này. Phải xây trên bờ biển hoặc đất gần hồ.[NEWLINE][NEWLINE]+1 [ICON_Movement] Di chuyển cho tất cả đơn vị hải quân được xây dựng ở xưởng[NEWLINE]+2 [ICON_Gold] Vàng khi xây trên lục địa khác[NEWLINE]+1 [ICON_TradeRoute] Tuyến đường thương mại.</Text>
		</Replace>
		<Replace Language="en_US" Tag="LOC_DISTRICT_ROYAL_NAVY_DOCKYARD_DESCRIPTION_ADJACENCY">
			<Text>Liền kề: Thưởng nhiều [ICON_Gold] Vàng cho mỗi trung tâm thành phố liền kề. Thưởng [ICON_Gold] Vàng cho mỗi tài nguyên biển liền kề. Thưởng ít [ICON_Gold] Vàng cho Đặc Khu liền kề.</Text>
		</Replace>
		<Replace Language="en_US" Tag="LOC_DISTRICT_REQUIRE_DISTRICT_Adjacency">
			<Text>Phải liền kề Đặc Khu khác hoặc thành phố trung tâm.</Text>
		</Replace>
		<Replace Language="en_US" Tag="LOC_DISTRICT_REQUIRE_NOT_ADJACENT_TO_CITY">
			<Text>Không thể gần thành phố trung tâm.</Text>
		</Replace>
		<Replace Language="en_US" Tag="LOC_DISTRICT_MOUNTAINS_SCIENCE1">
			<Text>+{1_num} [ICON_Science] Khoa học từ {1_Num : plural 1?Núi; other?Núi;} liền kề.</Text>
		</Replace>
		<Replace Language="en_US" Tag="LOC_DISTRICT_MOUNTAINS_SCIENCE2">
			<Text>+{1_num} [ICON_Science] Khoa học từ {1_Num : plural 1?Núi; other?Núi;} liền kề.</Text>
		</Replace>
		<Replace Language="en_US" Tag="LOC_DISTRICT_MOUNTAINS_SCIENCE3">
			<Text>+{1_num} [ICON_Science] Khoa học từ {1_Num : plural 1?Núi; other?Núi;} liền kề.</Text>
		</Replace>
		<Replace Language="en_US" Tag="LOC_DISTRICT_MOUNTAINS_SCIENCE4">
			<Text>+{1_num} [ICON_Science] Khoa học từ {1_Num : plural 1?Núi; other?Núi;} liền kề.</Text>
		</Replace>
		<Replace Language="en_US" Tag="LOC_DISTRICT_MOUNTAINS_SCIENCE5">
			<Text>+{1_num} [ICON_Science] Khoa học từ {1_Num : plural 1?Núi; other?Núi;} liền kề.</Text>
		</Replace>
		<Replace Language="en_US" Tag="LOC_DISTRICT_FARM">
      		<Text>+{1_num} [ICON_Science] Khoa học từ trang trại liền kề {1_Num : plural 1?tile; other?tiles;}.</Text>
    	</Replace>
    	<Replace Language="en_US" Tag="LOC_DISTRICT_PLANTATION">
      		<Text>+{1_num} [ICON_Science] Khoa học từ đồn điền liền kề {1_Num : plural 1?tile; other?tiles;}.</Text>
    	</Replace>
		<Replace Language="en_US" Tag="LOC_DISTRICT_JUNGLE_SCIENCE">
			<Text>+{1_num} [ICON_Science] Khoa học từ các ô Rừng nhiệt đới liền kề.</Text>
		</Replace>
		<Replace Language="en_US" Tag="LOC_DISTRICT_JUNGLE_2_GOLD">
			<Text>+{1_num} [ICON_Gold] Vàng từ {1_Num : plural 1?Rừng nhiệt đới; other?Rừng nhiệt đới;} liền kề.</Text>
		</Replace>
		<Replace Language="en_US" Tag="LOC_DISTRICT_JUNGLE_2_FAITH">
			<Text>+{1_num} [ICON_Faith] Đức Tin từ {1_Num : plural 1?Rừng nhiệt đới; other?Rừng nhiệt đới;} liền kề.</Text>
		</Replace>
		<Replace Language="en_US" Tag="LOC_DISTRICT_JUNGLE_2_CULTURE">
			<Text>+{1_num} [ICON_Culture] Văn minh từ {1_Num : plural 1?Rừng nhiệt đới; other?Rừng nhiệt đới;} liền kề.</Text>
		</Replace>
		<Replace Language="en_US" Tag="LOC_DISTRICT_JUNGLE_2_SCIENCE">
			<Text>+{1_num} [ICON_Science] Khoa học từ {1_Num : plural 1?Rừng nhiệt đới; other?Rừng nhiệt đới;} liền kề.</Text>
		</Replace>
		<Replace Language="en_US" Tag="LOC_DISTRICT_DISTRICT_SCIENCE">
			<Text>+{1_num} [ICON_Science] Khoa học từ {1_Num : plural 1?Đặc Khu; other?Đặc Khu;} liền kề.</Text>
		</Replace>
		<Replace Language="en_US" Tag="LOC_DISTRICT_DISTRICT_1_SCIENCE">
			<Text>+{1_num} [ICON_Science] Khoa học từ {1_Num : plural 1?Đặc Khu; other?Đặc Khu;} liền kề.</Text>
		</Replace>
		<Replace Language="en_US" Tag="LOC_DISTRICT_NATURALWONDER_FAITH">
			<Text>+{1_num} [ICON_Faith] Đức Tin từ {1_Num : plural 1?kỳ quan thiên nhiên; other?kỳ quan thiên nhiên;} liền kề.</Text>
		</Replace>
		<Replace Language="en_US" Tag="LOC_DISTRICT_MOUNTAIN_FAITH1">
			<Text>+{1_num} [ICON_Faith] Đức Tin từ {1_Num : plural 1?Núi; other?Núi;} liền kề.</Text>
		</Replace>
		<Replace Language="en_US" Tag="LOC_DISTRICT_MOUNTAIN_FAITH2">
			<Text>+{1_num} [ICON_Faith] Đức Tin từ {1_Num : plural 1?Núi; other?Núi;} liền kề.</Text>
		</Replace>
		<Replace Language="en_US" Tag="LOC_DISTRICT_MOUNTAIN_FAITH3">
			<Text>+{1_num} [ICON_Faith] Đức Tin từ {1_Num : plural 1?Núi; other?Núi;} liền kề.</Text>
		</Replace>
		<Replace Language="en_US" Tag="LOC_DISTRICT_MOUNTAIN_FAITH4">
			<Text>+{1_num} [ICON_Faith] Đức Tin từ {1_Num : plural 1?Núi; other?Núi;} liền kề.</Text>
		</Replace>
		<Replace Language="en_US" Tag="LOC_DISTRICT_MOUNTAIN_FAITH5">
			<Text>+{1_num} [ICON_Faith] Đức Tin từ {1_Num : plural 1?Núi; other?Núi;} liền kề.</Text>
		</Replace>
		<Replace Language="en_US" Tag="LOC_DISTRICT_FOREST_FAITH">
			<Text>+{1_num} [ICON_Faith] Đức Tin từ các ô Rừng liền kề.</Text>
		</Replace>
		<Replace Language="en_US" Tag="LOC_DISTRICT_DISTRICT_FAITH">
			<Text>+{1_num} [ICON_Faith] Đức Tin từ Đặc Khu liền kề.</Text>
		</Replace>
		<Replace Language="en_US" Tag="LOC_DISTRICT_DISTRICT_1_FAITH">
			<Text>+{1_num} [ICON_Faith] Đức Tin từ Đặc Khu liền kề.</Text>
		</Replace>
		<Replace Language="en_US" Tag="LOC_DISTRICT_TUNDRA_FAITH">
			<Text>+{1_num} [ICON_Faith] Đức Tin từ {1_Num : plural 1?Đài nguyên; other?Đài nguyên;} liền kề.</Text>
		</Replace>
		<Replace Language="en_US" Tag="LOC_DISTRICT_DESERT_FAITH">
			<Text>+{1_num} [ICON_Faith] Đức Tin từ {1_Num : plural 1?Sa mạc; other?Sa mạc;} liền kề.</Text>
		</Replace>
		<Replace Language="en_US" Tag="LOC_DISTRICT_JUNGLE_FAITH">
			<Text>+{1_num} [ICON_Faith] Đức Tin từ {1_Num : plural 1?Rừng nhiệt đới; other?Rừng nhiệt đới;} liền kề.</Text>
		</Replace>
		<Replace Language="en_US" Tag="LOC_STAVE_CHURCH_FOREST_FAITH">
			<Text>+{1_num} [ICON_Faith] Đức Tin từ {1_Num : plural 1?Rừng; other?Rừng;} liền kề.</Text>
		</Replace>
		<Replace Language="en_US" Tag="LOC_DISTRICT_RIVER_GOLD">
			<Text>+{1_num} [ICON_Gold] Vàng từ sông liền kề.</Text>
		</Replace>
		<Replace Language="en_US" Tag="LOC_DISTRICT_HARBOR_GOLD">
			<Text>+{1_num} [ICON_Gold] Vàng từ Khu cảng biển liền kề.</Text>
		</Replace>
		<Replace Language="en_US" Tag="LOC_DISTRICT_ROYAL_NAVY_DOCKYARD_GOLD">
			<Text>+{1_num} [ICON_Gold] Vàng từ Xưởng đóng tàu hải quân Hoàng gia liền kề.</Text>
		</Replace>
		<Replace Language="en_US" Tag="LOC_DISTRICT_DISTRICT_GOLD">
			<Text>+{1_num} [ICON_Gold] Vàng từ {1_Num : plural 1?Đặc Khu; other?Đặc Khu;} liền kề.</Text>
		</Replace>
		<Replace Language="en_US" Tag="LOC_DISTRICT_CITY_CENTER_GOLD">
			<Text>+{1_num} [ICON_Gold] Vàng từ mỗi đặc khu liền kề trung tâm thành phố.</Text>
		</Replace>
		<Replace Language="en_US" Tag="LOC_DISTRICT_DISTRICT_1_GOLD">
			<Text>+{1_num} [ICON_Gold] Vàng từ {1_Num : plural 1?Đặc Khu; other?Đặc Khu;} liền kề.</Text>
		</Replace>
		<Replace Language="en_US" Tag="LOC_DISTRICT_SEARESOURCE_GOLD">
			<Text>+{1_num} [ICON_Gold] Vàng từ {1_Num : plural 1?tài nguyên biển; other?tài nguyên biển;} liền kề.</Text>
		</Replace>
		<Replace Language="en_US" Tag="LOC_DISTRICT_WONDER_CULTURE">
			<Text>+{1_num} [ICON_Culture] Văn minh từ {1_Num : plural 1?Kỳ quan; other?Kỳ quan;} liền kề.</Text>
		</Replace>
		<Replace Language="en_US" Tag="LOC_DISTRICT_DISTRICT_CULTURE">
			<Text>+{1_num} [ICON_Culture] Văn minh từ {1_Num : plural 1?Đặc Khu; other?Đặc Khu;} liền kề.</Text>
		</Replace>
		<Replace Language="en_US" Tag="LOC_DISTRICT_DISTRICT_1_CULTURE">
			<Text>+{1_num} [ICON_Culture] Văn minh từ {1_Num : plural 1?Đặc Khu; other?Đặc Khu;} liền kề.</Text>
		</Replace>
		<Replace Language="en_US" Tag="LOC_DISTRICT_DISTRICT_CULTURE_STANDARD">
			<Text>+{1_num} [ICON_Culture] Văn minh từ {1_Num : plural 1?Đặc Khu; other?Đặc Khu;} liền kề.</Text>
		</Replace>
		<Replace Language="en_US" Tag="LOC_DISTRICT_CULTURE_CITY_CENTER">
			<Text>+{1_num} [ICON_Culture] Văn minh từ thành phố trung tâm liền kề.</Text>
		</Replace>
		<Replace Language="en_US" Tag="LOC_DISTRICT_MINE_PRODUCTION">
			<Text>+{1_num} [ICON_Production] Sản phẩm từ {1_Num : plural 1?Mỏ; other?Mỏ;} liền kề.</Text>
		</Replace>
		<Replace Language="en_US" Tag="LOC_DISTRICT_QUARRY_PRODUCTION">
			<Text>+{1_num} [ICON_Production] Sản phẩm từ {1_Num : plural 1?mỏ đá; other?mỏ đá;} liền kề.</Text>
		</Replace>
		<Replace Language="en_US" Tag="LOC_DISTRICT_DISTRICT_PRODUCTION">
			<Text>+{1_num} [ICON_Production] Sản phẩm từ {1_Num : plural 1?Đặc Khu; other?Đặc Khu;} liền kề.</Text>
		</Replace>
		<Replace Language="en_US" Tag="LOC_DISTRICT_DISTRICT_1_PRODUCTION">
			<Text>+{1_num} [ICON_Production] Sản phẩm từ {1_Num : plural 1?Đặc Khu; other?Đặc Khu;} liền kề.</Text>
		</Replace>
		<Replace Language="en_US" Tag="LOC_DISTRICT_COMMERCIAL_HUB_PRODUCTION">
			<Text>+{1_num} [ICON_Production] Sản phẩm từ trung tâm thương lại liền kề.</Text>
		</Replace>
		<Replace Language="en_US" Tag="LOC_DISTRICT_RESOURCE_PRODUCTION">
			<Text>+{1_num} [ICON_Production] Sản phẩm từ {1_Num : plural 1?tài nguyên; other?tài nguyên;} liền kề.</Text>
		</Replace>
		<Replace Language="en_US" Tag="LOC_DISTRICT_APPEAL_SCIENCE">
			<Text>+{1_num} [ICON_Science] Khoa Học từ Sức Hấp Dẫn của ô đất.</Text>
		</Replace>
		<Replace Language="en_US" Tag="LOC_DISTRICT_APPEAL_CULTURE">
			<Text>+{1_num} [ICON_Culture] Văn Minh từ Sức Hấp Dẫn của ô đất.</Text>
		</Replace>
		<Replace Language="en_US" Tag="LOC_DISTRICT_APPEAL_PRODUCTION">
			<Text>+{1_num} [ICON_Production] Sản Phẩm từ Sức Hấp Dẫn của ô đất.</Text>
		</Replace>
		<Replace Language="en_US" Tag="LOC_DISTRICT_APPEAL_GOLD">
			<Text>+{1_num} [ICON_Gold] Vàng từ Sức Hấp Dẫn của ô đất.</Text>
		</Replace>
		<Replace Language="en_US" Tag="LOC_DISTRICT_APPEAL_FAITH">
			<Text>+{1_num} [ICON_Faith] Đức Tin từ Sức Hấp Dẫn của ô đất.</Text>
		</Replace>
		<Replace Language="en_US" Tag="LOC_DISTRICT_BLOCKED_IMPROVEMENT">
			<Text>[COLOR_RED]Công trình sẽ được gỡ bỏ khi xây Đặc Khu.[ENDCOLOR]</Text>
		</Replace>
		<Replace Language="en_US" Tag="LOC_DISTRICT_BLOCKED_FEATURE_TECH">
			<Text>[COLOR_RED]Cần {1_TechName} để loại bỏ {2_FeatureName} cho việc xây Đặc Khu ở đây.[ENDCOLOR]</Text>
		</Replace>
		<Replace Language="en_US" Tag="LOC_DISTRICT_OK_REMOVE_FEATURE">
			<Text>[COLOR_RED]Đặt Đặc Khu ở đây sẽ loại bỏ {1_FeatureName}.[ENDCOLOR]</Text>
		</Replace>
		<Replace Language="en_US" Tag="LOC_DISTRICT_BLOCKED_HARVEST_TECH">
			<Text>[COLOR_RED]Cần {1_TechName} để loại bỏ tài nguyên {2_ResourceName} cho việc xây Đặc Khu ở đây.[ENDCOLOR]</Text>
		</Replace>
		<Replace Language="en_US" Tag="LOC_DISTRICT_OK_HARVEST_RESOURCE">
			<Text>[COLOR_RED]Đặt Đặc Khu ở đây sẽ loại bỏ tài nguyên {1_ResourceName}.[ENDCOLOR]</Text>
		</Replace>
	</LocalizedText>
</GameData>
