<?xml version="1.0" encoding="utf-8"?>
<!-- edited with XMLSPY v2004 rel. 2 U (http://www.xmlspy.com) by Ed Beach (Firaxis Games) -->
<GameData>
	<LocalizedText>
		<Replace Language="en_US" Tag="LOC_ESPIONAGE_CONFIRMATION">
			<Text>{1_Name}[NEWLINE][NEWLINE]{2_Yield}[NEWLINE]{3_Header}[NEWLINE]{4_Success}[NEWLINE]{5_SuccessEscape}[NEWLINE]{6_Fail}[NEWLINE]{7_FailEscape}[NEWLINE]{8_Capture}[NEWLINE]{9_Killed}</Text>
		</Replace>
		<Replace Language="en_US" Tag="LOC_ESPIONAGE_MISSION_HEADER">
			<Text>CHỈ DẪN NHIỆM VỤ[NEWLINE][NEWLINE]Nhiệm Vụ: {1_Mission}[NEWLINE]Thời gian: {2_Num} lượt</Text>
		</Replace>
		<Replace Language="en_US" Tag="LOC_ESPIONAGE_OPERATION_YIELD">
			<Text>Hoàn thành sẽ được {1_Award}.[NEWLINE]</Text>
		</Replace>
		<Replace Language="en_US" Tag="LOC_ESPIONAGE_OPERATION_CHANCES">
			<Text>Kết quả có thể xảy ra:</Text>
		</Replace>
		<Replace Language="en_US" Tag="LOC_ESPIONAGE_SUCCESS">
			<Text>{1_Num}% thành công</Text>
		</Replace>
		<Replace Language="en_US" Tag="LOC_ESPIONAGE_SUCCESS_ESCAPE">
			<Text>{1_Num}% thành công nếu thoát khỏi thành phố</Text>
		</Replace>
		<Replace Language="en_US" Tag="LOC_ESPIONAGE_FAILURE">
			<Text>{1_Num}% thất bại</Text>
		</Replace>
		<Replace Language="en_US" Tag="LOC_ESPIONAGE_FAILURE_ESCAPE">
			<Text>{1_Num}% thất bại và phải thoát khỏi thành phố</Text>
		</Replace>
		<Replace Language="en_US" Tag="LOC_ESPIONAGE_CAPTURED">
			<Text>[COLOR_RED]{1_Num}%[ENDCOLOR] gián điệp bị bắt</Text>
		</Replace>
		<Replace Language="en_US" Tag="LOC_ESPIONAGE_KILLED">
			<Text>[COLOR_RED]{1_Num}%[ENDCOLOR] gián điệp bị giết</Text>
		</Replace>
		<Replace Language="en_US" Tag="LOC_ESPIONAGE_START_MISSION">
			<Text>Chấp nhận</Text>
		</Replace>
		<Replace Language="en_US" Tag="LOC_ESPIONAGE_ABORT_MISSION">
			<Text>Hủy bỏ</Text>
		</Replace>
		<Replace Language="en_US" Tag="LOC_ESPIONAGE_HEIST_REWARD">
			<Text>một Thành Tựu Vĩ Đại từ Đặc Khu</Text>
		</Replace>
		<Replace Language="en_US" Tag="LOC_ESPIONAGE_PARTISAN_REWARD">
			<Text>một cuộc nổi dậy của băng đảng lính du kích</Text>
		</Replace>
		<Replace Language="en_US" Tag="LOC_ESPIONAGE_SABOTAGE_REWARD">
			<Text>cướp tất cả kiến trúc trong khu công nghiệp</Text>
		</Replace>
		<Replace Language="en_US" Tag="LOC_ESPIONAGE_SIPHON_REWARD">
			<Text>lượng [ICON_Gold] Vàng đầu ra của các thành phố cho {1_Num} lượt tiếp theo</Text>
		</Replace>
		<Replace Language="en_US" Tag="LOC_ESPIONAGE_ROCKETRY_REWARD">
			<Text>cướp Trạm không gian</Text>
		</Replace>
		<Replace Language="en_US" Tag="LOC_ESPIONAGE_TECH_REWARD">
			<Text>một thúc đẩy công nghệ</Text>
		</Replace>
		<Replace Language="en_US" Tag="LOC_ESPIONAGE_GAIN_SOURCES">
			<Text>CHỈ DẪN NHIỆM VỤ[NEWLINE][NEWLINE]Nhiệm Vụ: Tăng Hiểu Biết[NEWLINE]Thời Gian: {1_Num} Lượt[NEWLINE][NEWLINE]Khi Gián Điệp dành thời gian để tìm kiếm các thông tin liên lạc địa phương thì nhiệm vụ này sẽ tự động thành công. Nó sẽ cả thiện cơ hội thành công của tất cả nhiệm vụ mà gián điệp hoạt động trong thành phố này tại {2_Duration} lượt tiếp theo.</Text>
		</Replace>
		<Replace Language="en_US" Tag="LOC_ESPIONAGE_LISTENING_POST">
			<Text>CHỈ DẪN NHIỆM VỤ[NEWLINE][NEWLINE]Nhiệm Vụ: Nội Gián[NEWLINE]Thời Gian: {1_Num} Lượt[NEWLINE][NEWLINE]Nhiệm vụ này sẽ tự động hoàn thành. Trong khi thực hiện nó sẽ cải thiện tầm nhìn ngoại giao trên nền văn minh này thêm 1 level.</Text>
		</Replace>
		<Replace Language="en_US" Tag="LOC_ESPIONAGE_ESCAPE_PANEL_HEADER">
			<Text>TRUY ĐUỔI</Text>
		</Replace>
		<Replace Language="en_US" Tag="LOC_ESPIONAGE_ESCAPE_CITY_HEADER">
			<Text>trong {1_CityName}</Text>
		</Replace>
		<Replace Language="en_US" Tag="LOC_ESPIONAGE_ESCAPE_AGENT_LABEL">
			<Text>Đặc Vụ:</Text>
		</Replace>
		<Replace Language="en_US" Tag="LOC_ESPIONAGE_NO_LOOT">
			<Text>Không</Text>
		</Replace>
		<Replace Language="en_US" Tag="LOC_ESPIONAGE_ESCAPE_LOOT_LABEL">
			<Text>Cướp:</Text>
		</Replace>
		<Replace Language="en_US" Tag="LOC_ESPIONAGE_ESCAPE_BOOST_LOOT">
			<Text>{1_TechName} bí mật</Text>
		</Replace>
		<Replace Language="en_US" Tag="LOC_ESPIONAGE_ESCAPE_PURSUIT_LABEL">
			<Text>Truy đuổi bởi:</Text>
		</Replace>
		<Replace Language="en_US" Tag="LOC_ESPIONAGE_ESCAPE_PURSUIT_POLICE">
			<Text>Cảnh Sát</Text>
		</Replace>
		<Replace Language="en_US" Tag="LOC_ESPIONAGE_ESCAPE_PURSUIT_COUNTERSPY">
			<Text>Cảnh sát và đặc vụ {1_Counterspy}</Text>
		</Replace>
		<Replace Language="en_US" Tag="LOC_ESPIONAGE_ESCAPE_CHOICE_HEADER">
			<Text>Lựa chọn đặc vụ của bạn với hành động trốn thoát:</Text>
		</Replace>
		<Replace Language="en_US" Tag="LOC_ESPIONAGE_ESCAPE_CHOICE_1">
			<Text>Máy bay</Text>
		</Replace>
		<Replace Language="en_US" Tag="LOC_ESPIONAGE_ESCAPE_CHOICE_2">
			<Text>Thuyền</Text>
		</Replace>
		<Replace Language="en_US" Tag="LOC_ESPIONAGE_ESCAPE_CHOICE_3">
			<Text>Xe cộ</Text>
		</Replace>
		<Replace Language="en_US" Tag="LOC_ESPIONAGE_ESCAPE_CHOICE_4">
			<Text>Chân</Text>
		</Replace>
		<Replace Language="en_US" Tag="LOC_ESPIONAGE_ESCAPE_NO_DISTRICT">
			<Text>Không có {1_DistrictName} trong thành phố</Text>
		</Replace>
		<Replace Language="en_US" Tag="LOC_ESPIONAGE_ESCAPE_TURNS">
			<Text>Lượt để trở về: {1_Turns}</Text>
		</Replace>
		<Replace Language="en_US" Tag="LOC_ESPIONAGE_ESCAPE_TOOLTIP">
			<Text>Chọn đường thoát ra khỏi thành phố cho đặc vụ của bạn. Cảnh sát có nhiều khả năng tuần tra các lối thoát nhanh như Khu hàng không hoặc Khu cảng biển. Trốn bằng chân luôn là lựa chọn an toàn nhất.</Text>
		</Replace>
		<Replace Language="en_US" Tag="LOC_ESPIONAGE_LEVEL_1_NAME">
			<Text>Gián điệp mới</Text>
		</Replace>
		<Replace Language="en_US" Tag="LOC_ESPIONAGE_LEVEL_2_NAME">
			<Text>Đặc vụ</Text>
		</Replace>
		<Replace Language="en_US" Tag="LOC_ESPIONAGE_LEVEL_3_NAME">
			<Text>Đặc vụ mật</Text>
		</Replace>
		<Replace Language="en_US" Tag="LOC_ESPIONAGE_LEVEL_4_NAME">
			<Text>Bậc thầy</Text>
		</Replace>
		<Replace Language="en_US" Tag="LOC_ESPIONAGE_SIPHON_ESTIMATE">
			<Text>+{1_Amount} [ICON_Gold]</Text>
		</Replace>
		<Replace Language="en_US" Tag="LOC_ESPIONAGE_STEAL_TECH_ESTIMATE">
			<Text>Đánh cắp {1_Amount} thúc đẩy bao gồm {2_TechName}.</Text>
		</Replace>
		<!-- ==================== Espionage Text ==================== -->
		<Replace Language="en_US" Tag="LOC_ESPIONAGEPANEL_PANEL_HEADER">
			<Text>Các gián điệp cho {1_CivName}</Text>
		</Replace>
		<Replace Language="en_US" Tag="LOC_ESPIONAGEPANEL_PANEL_NAME">
			<Text>TÊN GIÁN ĐIỆP</Text>
		</Replace>
		<Replace Language="en_US" Tag="LOC_ESPIONAGEPANEL_PANEL_LEVEL">
			<Text>LEVEL</Text>
		</Replace>
		<Replace Language="en_US" Tag="LOC_ESPIONAGEPANEL_PANEL_PROMOTION">
			<Text>HUÂN CHƯƠNG</Text>
		</Replace>
		<Replace Language="en_US" Tag="LOC_ESPIONAGEPANEL_PANEL_CITY">
			<Text>THÀNH PHỐ</Text>
		</Replace>
		<Replace Language="en_US" Tag="LOC_ESPIONAGEPANEL_PANEL_MISSION">
			<Text>NHIỆM VỤ</Text>
		</Replace>
		<Replace Language="en_US" Tag="LOC_ESPIONAGEPANEL_PANEL_TURNS">
			<Text>LƯỢT CÒN LẠI</Text>
		</Replace>
		<Replace Language="en_US" Tag="LOC_ESPIONAGEPANEL_NO_MISSION">
			<Text>không</Text>
		</Replace>
		<!-- ==================== EspionageChooser ==================== -->
		<Replace Language="en_US" Tag="LOC_ESPIONAGECHOOSER_PANEL_HEADER">
			<Text>GỬI GIÁN ĐIỆP</Text>
		</Replace>
		<Replace Language="en_US" Tag="LOC_ESPIONAGECHOOSER_SELECT_A_CITY">
			<Text>Chọn một thành phố để hoạt động gián điệp.</Text>
		</Replace>
		<Replace Language="en_US" Tag="LOC_ESPIONAGECHOOSER_POSSIBLE_MISSIONS">
			<Text>NHIỆM VỤ CÓ THỂ:</Text>
		</Replace>
		<Replace Language="en_US" Tag="LOC_ESPIONAGECHOOSER_CONFIRM_PLACEMENT">
			<Text>XÁC NHẬN</Text>
		</Replace>
		<Replace Language="en_US" Tag="LOC_ESPIONAGECHOOSER_CANCEL">
			<Text>HỦY</Text>
		</Replace>
		<Replace Language="en_US" Tag="LOC_ESPIONAGECHOOSER_CHOOSE_MISSION">
			<Text>CHỌN NHIỆM VỤ</Text>
		</Replace>
		<Replace Language="en_US" Tag="LOC_ESPIONAGECHOOSER_GAIN_SOURCES_ACTIVE">
			<Text>Kích hoạt Tăng Hiểu Biết! ({1_Turns}[Icon_Turn])</Text>
		</Replace>
		<Replace Language="en_US" Tag="LOC_ESPIONAGECHOOSER_SUCCESS_BOOSTED">
			<Text>Thúc đẩy nhiệm vụ hoàn thành</Text>
		</Replace>
		<Replace Language="en_US" Tag="LOC_ESPIONAGECHOOSER_NO_BOOST_ACTIVE">
			<Text>Kích hoạt không thúc đẩy</Text>
		</Replace>
		<Replace Language="en_US" Tag="LOC_ESPIONAGECHOOSER_TRAVEL_TIME_TOOLTIP">
			<Text>{1_TravelTime} lượt để tới thành phố[NEWLINE]{2_EstablishTime} lượt để thiếp lập trong thành phố</Text>
		</Replace>
		<!-- ==================== Spy Operation Details ==================== -->
		<Replace Language="en_US" Tag="LOC_SPYMISSIONDETAILS_UNITOPERATION_SPY_LISTENING_POST">
			<Text>Tăng [ICON_VisLimited] Tầm Nhìn Ngoại Giao lên 1 cấp.</Text>
		</Replace>
		<Replace Language="en_US" Tag="LOC_SPYMISSIONDETAILS_UNITOPERATION_SPY_GAIN_SOURCES">
			<Text>Gián điệp sẽ hoạt động cao hơn ở {1_Levels} level cho {2_Turns} lượt.</Text>
		</Replace>
		<Replace Language="en_US" Tag="LOC_SPYMISSIONDETAILS_UNITOPERATION_SPY_GREAT_WORK_HEIST">
			<Text>Đánh cắp {1_GreatWorkName} từ thành phố này</Text>
		</Replace>
		<Replace Language="en_US" Tag="LOC_SPYMISSIONDETAILS_UNITOPERATION_SPY_SABOTAGE_PRODUCTION">
			<Text>Phá hoại sản phẩm của tất cả kiến trúc trong khu Công nghiệp.</Text>
		</Replace>
		<Replace Language="en_US" Tag="LOC_SPYMISSIONDETAILS_UNITOPERATION_SPY_SIPHON_FUNDS">
			<Text>Bòn rút ngân quỹ của {1_CityName} trong thời gian làm nhiệm vụ. ({2_GoldString})</Text>
		</Replace>
		<Replace Language="en_US" Tag="LOC_SPYMISSIONDETAILS_UNITOPERATION_SPY_DISRUPT_ROCKETRY">
			<Text>Vô hiệu hóa Trạm không gian trong thành phố.</Text>
		</Replace>
		<Replace Language="en_US" Tag="LOC_SPYMISSIONDETAILS_UNITOPERATION_SPY_RECRUIT_PARTISANS">
			<Text>Tạo lính du kích bên trong thành phố.</Text>
		</Replace>
		<Replace Language="en_US" Tag="LOC_SPYMISSIONDETAILS_UNITOPERATION_SPY_STEAL_TECH_BOOST">
			<Text>Đánh cắp một thúc đẩy công nghệ.</Text>
		</Replace>
		<Replace Language="en_US" Tag="LOC_ESPIONAGECHOOSER_COUNTERSPY">
			<Text>Bảo vệ {1_District} (và tất cả Đặc Khu lân cận) khỏi gián điệp địch.</Text>
		</Replace>
		<!-- ==================== EspionagePopup ==================== -->
		<Replace Language="en_US" Tag="LOC_ESPIONAGEPOPUP_MISSION_BRIEFING">
			<Text>NHIỆM VỤ: {1_MissionName}</Text>
		</Replace>
		<Replace Language="en_US" Tag="LOC_ESPIONAGEPOPUP_CURRENT_MISSION">
			<Text>NHIỆM VỤ HIỆN TẠI: {1_MissionName}</Text>
		</Replace>
		<Replace Language="en_US" Tag="LOC_ESPIONAGEPOPUP_MISSION_OBJECTIVE">
			<Text>MỤC TIÊU</Text>
		</Replace>
		<Replace Language="en_US" Tag="LOC_ESPIONAGEPOPUP_MISSION_DETAILS">
      		<Text>CHI TIẾT NHIỆM VỤ</Text>
    	</Replace>
		<Replace Language="en_US" Tag="LOC_ESPIONAGEPOPUP_MISSION_OUTCOME">
		  	<Text>KẾT QUẢ </Text>
		</Replace>
		<Replace Language="en_US" Tag="LOC_ESPIONAGEPOPUP_SUCCESS">
		  	<Text>THÀNH CÔNG!</Text>
		</Replace>
		<Replace Language="en_US" Tag="LOC_ESPIONAGEPOPUP_FAILURE">
		  	<Text>THẤT BẠI</Text>
		</Replace>
		<Replace Language="en_US" Tag="LOC_ESPIONAGEPOPUP_MISSION_DURATION">
			<Text>THỜI GIAN</Text>
		</Replace>
		<Replace Language="en_US" Tag="LOC_ESPIONAGEPOPUP_TURNS">
			<Text>{1_NumberOfTurns} lượt</Text>
		</Replace>
		<Replace Language="en_US" Tag="LOC_ESPIONAGEPOPUP_TURNS_REMAINING">
			<Text>hơn {1_RemainingTurns} lượt</Text>
		</Replace>
		<Replace Language="en_US" Tag="LOC_ESPIONAGEPOPUP_POSSIBLE_OUTCOMES">
			<Text>KẾT QUẢ CÓ THỂ</Text>
		</Replace>
		<Replace Language="en_US" Tag="LOC_ESPIONAGEPOPUP_OUTCOME_DETAILS">
			<Text>Dự án trí thông minh của chúng tôi dự đoán các xác suất sau đây:</Text>
		</Replace>
		<Replace Language="en_US" Tag="LOC_ESPIONAGEPOPUP_SUCCESS_OUTCOME_CHANCE">
			<Text>cơ hội thành công</Text>
		</Replace>
		<Replace Language="en_US" Tag="LOC_ESPIONAGEPOPUP_FAILURE_OUTCOME_CHANCE">
			<Text>nhiệm vụ thất bại</Text>
		</Replace>
		<Replace Language="en_US" Tag="LOC_ESPIONAGEPOPUP_CAPTUREDORKILLED_OUTCOME_CHANCE">
			<Text>khả năng bị bắt hoặc giết</Text>
		</Replace>
		<Replace Language="en_US" Tag="LOC_ESPIONAGEPOPUP_DISCOVERED_WARNING">
			<Text>Nếu gián điệp {1_TargetName} sẽ mất sự tôn trọng giữa hai bên</Text>
		</Replace>
		<Replace Language="en_US" Tag="LOC_ESPIONAGEPOPUP_TARGET">
			<Text>MỤC TIÊU</Text>
		</Replace>
		<Replace Language="en_US" Tag="LOC_ESPIONAGEPOPUP_ACCEPT_MISSION">
			<Text>CHẤP NHẬN</Text>
		</Replace>
		<Replace Language="en_US" Tag="LOC_ESPIONAGEPOPUP_RENEW_MISSION">
      		<Text>THAY MỚI NHIỆM VỤ</Text>
    	</Replace>
		<Replace Language="en_US" Tag="LOC_ESPIONAGEPOPUP_ABORT_MISSION">
			<Text>HỦY NHIỆM VỤ!</Text>
		</Replace>
		<Replace Language="en_US" Tag="LOC_ESPIONAGEPOPUP_CANCEL">
			<Text>HỦY</Text>
		</Replace>
		<Replace Language="en_US" Tag="LOC_ESPIONAGEPOPUP_GAIN_SOURCES_OUTCOME">
			<Text>Điều này giúp tăng cơ hội của bất kỳ nhiệm vụ tiếp theo nào trong thành phố này. Không có nguy hiểm nào tới gián điệp của bạn.</Text>
		</Replace>
		<Replace Language="en_US" Tag="LOC_ESPIONAGEPOPUP_SUCCESSBUTTON">
		  	<Text>OK</Text>
		</Replace>
		<Replace Language="en_US" Tag="LOC_ESPIONAGEPOPUP_FAILUREBUTTON">
		  	<Text>TÔI THẤY.</Text>
		</Replace>
		<Replace Language="en_US" Tag="LOC_ESPIONAGEPOPUP_REWARDS">
		  	<Text>THƯỞNG</Text>
		</Replace>
		<Replace Language="en_US" Tag="LOC_ESPIONAGEPOPUP_PROMOTIONREADY">
		  	<Text>Huân chương cho {1_NextRank}</Text>
		</Replace>
		<Replace Language="en_US" Tag="LOC_ESPIONAGEPOPUP_AGENTREADYFORPROMOTION">
			<Text>Đặc vụ đã sẵn sàng nhận huân chương. Sử dụng để lựa chọn phần thưởng đặc biệt. {1_SpyName} sẽ có thêm cơ hội thành công trong các hoạt động tình báo trong tương lai.</Text>
		</Replace>
		<Replace Language="en_US" Tag="LOC_ESPIONAGEPOPUP_LOOTREWARD_TITLE">
		  	<Text>Đánh cắp {1_LootName}</Text>
		</Replace>
		<Replace Language="en_US" Tag="LOC_ESPIONAGEPOPUP_LOOTREWARD_DESCRIPTION">
		  	<Text>Thành công có được {1_LootName}.</Text>
		</Replace>
		<Replace Language="en_US" Tag="LOC_ESPIONAGEPOPUP_CONSEQUENCES">
		  	<Text>HẬU QUẢ</Text>
		</Replace>
		<Replace Language="en_US" Tag="LOC_ESPIONAGEPOPUP_RELATIONSHIP_DAMAGED_TITLE">
		  	<Text>Mối quan hệ bị ảnh hưởng</Text>
		</Replace>
		<Replace Language="en_US" Tag="LOC_ESPIONAGEPOPUP_RELATIONSHIP_DAMAGED_DESC">
		  	<Text>Đối thủ không còn tôn trọng chúng ta.</Text>
		</Replace>
		<Replace Language="en_US" Tag="LOC_ESPIONAGEPOPUP_AGENT_CAPTURED_TITLE">
		  	<Text>Đặc vụ bị bắt</Text>
		</Replace>
		<Replace Language="en_US" Tag="LOC_ESPIONAGEPOPUP_AGENT_CAPTURED_DESC">
		  	<Text>{1_AgentName} đã bị bắt trong thành phố của {2_CityName}. Bạn có thể cố thương lượng để họ thả đặc vụ ra.</Text>
		</Replace>
		<Replace Language="en_US" Tag="LOC_ESPIONAGEPOPUP_AGENT_KILLED_TITLE">
		  	<Text>Đặc vụ đã bị giết</Text>
		</Replace>
		<Replace Language="en_US" Tag="LOC_ESPIONAGEPOPUP_AGENT_KILLED_DESC">
		  	<Text>{1_AgentName} đã bị giết bên trong thành phố của {2_CityName}.</Text>
		</Replace>
		<!-- ==================== EspionageOverview ==================== -->
		<Replace Language="en_US" Tag="LOC_ESPIONAGEOVERVIEW_OPERATIVES_HEADER">
			<Text>Đặc vụ</Text>
		</Replace>
		<Replace Language="en_US" Tag="LOC_ESPIONAGEOVERVIEW_OPERATIVES_SUBHEADER">
			<Text>ĐẶC VỤ ({1_NumberOfSpies}/{2_SpyCapacity})</Text>
		</Replace>
		<Replace Language="en_US" Tag="LOC_ESPIONAGEOVERVIEW_AWAITING_ASSIGNMENT">
			<Text>Đang chờ nhiệm vụ...</Text>
		</Replace>
		<Replace Language="en_US" Tag="LOC_ESPIONAGEOVERVIEW_MORE_TURNS">
			<Text>còn {1_RemainingTurns} lượt</Text>
		</Replace>
		<Replace Language="en_US" Tag="LOC_ESPIONAGEOVERVIEW_CITY_ACTIVITY_HEADER">
			<Text>Hoạt động thành phố</Text>
		</Replace>
		<Replace Language="en_US" Tag="LOC_ESPIONAGEOVERVIEW_CITY_ACTIVITY_SUBHEADER">
			<Text>HOẠT ĐỘNG THÀNH PHỐ</Text>
		</Replace>
		<Replace Language="en_US" Tag="LOC_ESPIONAGEOVERVIEW_CITY">
			<Text>Thành phố</Text>
		</Replace>
		<Replace Language="en_US" Tag="LOC_ESPIONAGEOVERVIEW_TRANSIT_TO">
			<Text>Trong chuyến đi đến {1_DestinationName}</Text>
		</Replace>
		<Replace Language="en_US" Tag="LOC_ESPIONAGEOVERVIEW_CAPTURED">
			<Text>Bị bắt bởi</Text>
		</Replace>
		<Replace Language="en_US" Tag="LOC_ESPIONAGEOVERVIEW_ASK_FOR_TRADE">
			<Text>Đàm phán thả người</Text>
		</Replace>
		<Replace Language="en_US" Tag="LOC_ESPIONAGEOVERVIEW_TRAVELING">
			<Text>Đang đi</Text>
		</Replace>
		<Replace Language="en_US" Tag="LOC_ESPIONAGE_NO_GREAT_WORK_TO_STEAL">
			<Text>Không có thành tựu vĩ đại để đánh cắp</Text>
		</Replace>
		<Replace Language="en_US" Tag="LOC_ESPIONAGE_NO_TECH_BOOST_TO_STEAL">
			<Text>Không có thúc đẩy công nghệ để đánh cắp</Text>
		</Replace>
		<Replace Language="en_US" Tag="LOC_ESPIONAGEOVERVIEW_MISSION_HISTORY_HEADER">
			<Text>Lịch sử nhiệm vụ</Text>
		</Replace>
		<Replace Language="en_US" Tag="LOC_ESPIONAGEOVERVIEW_MISSION_HISTORY_SUBHEADER">
			<Text>LỊCH SỬ NHIỆM VỤ</Text>
		</Replace>
		<Replace Language="en_US" Tag="LOC_ESPIONAGEOVERVIEW_CAPTURED_SPIES">
			<Text>GIÁM ĐIỆP BỊ BẮT:</Text>
		</Replace>
		<Replace Language="en_US" Tag="LOC_ESPIONAGEOVERVIEW_OFFER_TRADE">
			<Text>Giao dịch</Text>
		</Replace>
		<Replace Language="en_US" Tag="LOC_ESPIONAGEOVERVIEW_VIEW_CITY">
			<Text>Xem thành phố này.</Text>
		</Replace>
		<Replace Language="en_US" Tag="LOC_ESPIONAGEOVERVIEW_TURNS_AGO">
		  	<Text>còn {1_RemainingTurns} {1_RemainingTurns : plural 1?lượt; other?lượt;}</Text>
		</Replace>
		<Replace Language="en_US" Tag="LOC_ESPIONAGEOVERVIEW_MISSIONOUTCOME">
		  	<Text>Kết quả nhiệm vụ:</Text>
		</Replace>
		<Replace Language="en_US" Tag="LOC_ESPIONAGEOVERVIEW_TARGETACQUIRED">
		  	<Text>Mua tiêu đạt được</Text>
		</Replace>
		<Replace Language="en_US" Tag="LOC_ESPIONAGEOVERVIEW_FAILURE">
		  	<Text>Thất bại</Text>
		</Replace>
		<Replace Language="en_US" Tag="LOC_ESPIONAGEOVERVIEW_SUCCESS">
		  	<Text>Thành công</Text>
		</Replace>
		<Replace Language="en_US" Tag="LOC_ESPIONAGEOVERVIEW_SPYCAUGHT">
		  	<Text>Gián điệp bị bắt!</Text>
		</Replace>
		<Replace Language="en_US" Tag="LOC_ESPIONAGEOVERVIEW_SPYKILLED">
		  	<Text>Gián điệp bị giết!</Text>
		</Replace>
		<Replace Language="en_US" Tag="LOC_ESPIONAGEOVERVIEW_SPYAPPREHENDED">
		  	<Text>Gián điệp đã bị phát hiện</Text>
		</Replace>
    	<Replace Language="en_US" Tag="LOC_ESPIONAGEOVERVIEW_MISSIONOUTCOME_SUCCESS_COUNTERSPY">
      		<Text>Nhiệm vụ giám sát {1_CityName} để hoàn thành hoạt động của kẻ thù mà không phát hiện bất kỳ gián điệp nào.</Text>
    	</Replace>
		<Replace Language="en_US" Tag="LOC_ESPIONAGEOVERVIEW_MISSIONOUTCOME_SUCCESS_UNDETECTED">
		  	<Text>Nhiệm vụ trong thành phố của {1_CityName} thành công và gián điệp không bị phát hiện.</Text>
		</Replace>
    	<Replace Language="en_US" Tag="LOC_ESPIONAGEOVERVIEW_MISSIONOUTCOME_SUCCESS_UNDETECTED_STOLELOOT">
		  	<Text>Đánh cắp {1_LootName} từ thành phố của {2_CityName} không bị phát hiện.</Text>
		</Replace>
		<Replace Language="en_US" Tag="LOC_ESPIONAGEOVERVIEW_MISSIONOUTCOME_SUCCESS_DETECTED_STOLELOOT">
		  	<Text>Đánh cắp {1_LootName} sau khi trốn tránh khỏi bị phát hiện tại thành phố của {2_CityName}.</Text>
		</Replace>
		<Replace Language="en_US" Tag="LOC_ESPIONAGEOVERVIEW_MISSIONOUTCOME_SUCCESS_DETECTED_ESCAPED">
		  	<Text>Nhiệm vụ trong thành phố của {1_CityName} thành công và gián điệp trốn thoát được sau khi bị phát hiện.</Text>
		</Replace>
		<Replace Language="en_US" Tag="LOC_ESPIONAGEOVERVIEW_MISSIONOUTCOME_SUCCESS_DETECTED_CAPTURED">
		  	<Text>Nhiệm vụ trong thành phố của {1_CityName} thành công nhưng gián điệp bị bắt sau khi bị phát hiện.</Text>
		</Replace>
		<Replace Language="en_US" Tag="LOC_ESPIONAGEOVERVIEW_MISSIONOUTCOME_SUCCESS_DETECTED_CAPTURED_STOLELOOT">
      		<Text>Nhiệm vụ đánh cắp {1_Loot} đã thành công ở thành phố {2_CityName} nhưng điệp viên đã bị bắt sau khi bị phát hiện.</Text>
    	</Replace>
		<Replace Language="en_US" Tag="LOC_ESPIONAGEOVERVIEW_MISSIONOUTCOME_SUCCESS_DETECTED_KILLED">
			<Text>Nhiệm vụ trong thành phố của {1_CityName} thành công nhưng gián điệp bị giết sau khi bị phát hiện.</Text>
		</Replace>
		<Replace Language="en_US" Tag="LOC_ESPIONAGEOVERVIEW_MISSIONOUTCOME_SUCCESS_DETECTED_KILLED_STOLELOOT">
      		<Text>Nhiệm vụ đánh cắp {1_Loot} đã thành công ở thành phố {2_CityName} nhưng điệp viên đã bị giết sau khi bị phát hiện.</Text>
    	</Replace>
		<Replace Language="en_US" Tag="LOC_ESPIONAGEOVERVIEW_MISSIONOUTCOME_FAILURE_UNDETECTED">
		  <Text>Nhiệm vụ trong thành phố của {1_CityName} thất bại và gián điệp không bị phát hiện.</Text>
		</Replace>
		<Replace Language="en_US" Tag="LOC_ESPIONAGEOVERVIEW_MISSIONOUTCOME_FAILURE_UNDETECTED_STOLELOOT">
      		<Text>Nhiệm vụ đánh cắp {1_Loot} đã thất bại ở thành phố {2_CityName} nhưng gián điệp không bị phát hiện.</Text>
    	</Replace>
		<Replace Language="en_US" Tag="LOC_ESPIONAGEOVERVIEW_MISSIONOUTCOME_FAILURE_DETECTED_ESCAPED">
		  <Text>Nhiệm vụ trong thành phố của {1_CityName} thất bại và gián điệp trốn thoát được sau khi bị phát hiện.</Text>
		</Replace>
		<Replace Language="en_US" Tag="LOC_ESPIONAGEOVERVIEW_MISSIONOUTCOME_FAILURE_DETECTED_ESCAPED_STOLELOOT">
      		<Text>Nhiệm vụ đánh cắp {1_Loot} đã thất bại ở thành phố {2_CityName} nhưng điệp viên đã trốn tránh thành công sau khi bị phát hiện.</Text>
		</Replace>
		<Replace Language="en_US" Tag="LOC_ESPIONAGEOVERVIEW_MISSIONOUTCOME_FAILURE_DETECTED_CAPTURED">
			<Text>Nhiệm vụ thất bại ở thành phố {1_CityName} và điệp viên đã bị bắt sau khi bị phát hiện.</Text>
		</Replace>
		<Replace Language="en_US" Tag="LOC_ESPIONAGEOVERVIEW_MISSIONOUTCOME_FAILURE_DETECTED_CAPTURED_STOLELOOT">
			<Text>Nhiệm vụ đánh cắp {1_Loot} đã thất bại ở thành phố {2_CityName} và điệp viên đã bị bắt sau khi bị phát hiện.</Text>
		</Replace>
		<Replace Language="en_US" Tag="LOC_ESPIONAGEOVERVIEW_MISSIONOUTCOME_FAILURE_DETECTED_KILLED">
			<Text>Nhiệm vụ thất bại ở thành phố {1_CityName} và điệp viên đã bị giết sau khi bị phát hiện.</Text>
		</Replace>
		<Replace Language="en_US" Tag="LOC_ESPIONAGEOVERVIEW_MISSIONOUTCOME_FAILURE_DETECTED_KILLED_STOLELOOT">
			<Text>Nhiệm vụ đánh cắp {1_Loot} đã thất bại ở thành phố {2_CityName} và điệp viên đã bị giết sau khi bị phát hiện.</Text>
		</Replace>
		<Replace Language="en_US" Tag="LOC_ESPIONAGEOVERVIEW_MISSIONOUTCOME_GOLD">
			<Text>[ICON_Gold] {1_AmountOfGold} Vàng</Text>
		</Replace>
		<Replace Language="en_US" Tag="LOC_ESPIONAGEOVERVIEW_MISSIONOUTCOME_NO_GOLD">
			<Text>[ICON_Gold] Vàng</Text>
		</Replace>
		<Replace Language="en_US" Tag="LOC_ESPIONAGEOVERVIEW_MISSIONOUTCOME_KILLED">
			<Text>Gián điệp đã bị giết trong một nhiệm vụ ở thành phố {1_CityName}.</Text>
		</Replace>
		<Replace Language="en_US" Tag="LOC_ESPIONAGEOVERVIEW_MISSIONOUTCOME_KILLED_STOLELOOT">
			<Text>Gián điệp đã bị giết trong một nhiệm vụ đánh cắp {1_Loot} trong thành phố {2_CityName}.</Text>
		</Replace>
		<Replace Language="en_US" Tag="LOC_ESPIONAGEOVERVIEW_MISSIONOUTCOME_CAPTURED">
			<Text>Gián điệp đã bị bắt trong một nhiệm vụ ở thành phố {1_CityName}.</Text>
		</Replace>
		<Replace Language="en_US" Tag="LOC_ESPIONAGEOVERVIEW_MISSIONOUTCOME_CAPTURED_STOLELOOT">
			<Text>Gián điệp đã bị bắt trong một nhiệm vụ đánh cắp {1_Loot} trong thành phố {2_CityName}.</Text>
		</Replace>
		<Replace Language="en_US" Tag="LOC_ESPIONAGEOVERVIEW_NOMISSIONHISTORY">
			<Text>Không có nhiệm vụ gián điệp gần đây</Text>
		</Replace>
		<!-- ==================== Speculative text for temporary Captured Spies tab (which would become part of Mission History) ==================== -->
		<Replace Language="en_US" Tag="LOC_ESPIONAGEOVERVIEW_CAPTURED_SPIES_HEADER">
			<Text>Điệp viên bị bắt</Text>
		</Replace>
		<Replace Language="en_US" Tag="LOC_ESPIONAGEOVERVIEW_CAPTURED_SPIES_SUBHEADER">
			<Text>ĐIỆP VIÊN BỊ BẮT</Text>
		</Replace>
		<!-- ==================== UnitPanel - Espionage ==================== -->
		<Replace Language="en_US" Tag="LOC_UNITPANEL_ESPIONAGE_LOCATED_IN">
			<Text>Đặt ở</Text>
		</Replace>
		<Replace Language="en_US" Tag="LOC_UNITPANEL_ESPIONAGE_MORE_TURNS">
			<Text>Còn {1_RemainingTurns} lượt</Text>
		</Replace>
		<Replace Language="en_US" Tag="LOC_UNITPANEL_ESPIONAGE_AWAITING_ASSIGNMENT">
			<Text>Đang chờ chuyển...</Text>
		</Replace>
		<Replace Language="en_US" Tag="LOC_UNITPANEL_ESPIONAGE_SPY_RANK">
			<Text>{1_RankName} (Cấp độ {2_RankLevel})</Text>
		</Replace>
		<Replace Language="en_US" Tag="LOC_UNITPANEL_ESPIONAGE_CANCEL_MISSION">
			<Text>Hủy nhiệm vụ</Text>
		</Replace>
		<Replace Language="en_US" Tag="LOC_UNITPANEL_ESPIONAGE_CHOOSE_MISSION">
			<Text>Chọn nhiệm vụ</Text>
		</Replace>
		<Replace Language="en_US" Tag="LOC_ESPIONAGE_SPY_TRADE_DISABLED_AT_WAR">
			<Text>[COLOR_RED]Hiện không có khả năng giao thương cho {1_SpyName}. Bạn đang chiến tranh với {2_CivName}.</Text>
		</Replace>
		<Replace Language="en_US" Tag="LOC_ESPIONAGE_NO_OPERATIVES">
      		<Text>Tạo một điệp viên ở một trong những thành phố của bạn để xem tình trạng của nó ở đây.</Text>
    	</Replace>
    	<Replace Language="en_US" Tag="LOC_ESPIONAGE_NO_CITIES">
      		<Text>Xây dựng một thành phố của riêng bạn hoặc khám phá thành phố của nền văn minh khác để xem hoạt động gián điệp của nó ở đây.</Text>
    	</Replace>
    	<Replace Language="en_US" Tag="LOC_ESPIONAGE_NO_HISTORY">
      		<Text>Chạy các nhiệm vụ gián điệp để xem lịch sử nhiệm vụ của bạn ở đây.</Text>
    	</Replace>
	</LocalizedText>
</GameData>
