<?xml version="1.0" encoding="utf-8"?>
<GameData>
    <LocalizedText>
        <Replace Language="en_US" Tag="LOC_EXPANSION1_MOD_TITLE">
            <Text>Bản mở rộng: Trỗi dậy và Sụp đổ</Text>
        </Replace>
        <Replace Language="en_US" Tag="LOC_EXPANSION1_MOD_TEASER">
            <Text>Một bản mở rộng với Thời kỳ vĩ đại, Trung thành, Thống đốc, Trường hợp khẩn cấp, các nền văn minh và lãnh đạo mới, nhiều và nhiều thứ khác nữa!</Text>
        </Replace>
        <Replace Language="en_US" Tag="LOC_EXPANSION1_MOD_DESCRIPTION">
            <Text>Đây là game đang sử dụng bản mở rộng Trỗi dậy và Sụp đổi, bao gồm Thời kỳ vĩ đại, Trung thành, Thống đốc, Trường hợp khẩn cấp. Liệu bạn có thể dẫn dắt người dân hướng tới một Thời kỳ vĩ đại của sự thịnh vượng? Hay đế chế sẽ phải đối mặt với thách thức của một Thời kỳ đen tối?</Text>
        </Replace>
    </LocalizedText>
</GameData>
