<?xml version="1.0" encoding="utf-8"?>
<GameData>
	<LocalizedText>
		<Replace Language="en_US" Tag="LOC_HOF_GRAPH_CITY_BUILDINGS">
			<Text>Kiến trúc thành phố</Text>
		</Replace>
		<Replace Language="en_US" Tag="LOC_HOF_GRAPH_CITY_CULTURE">
			<Text>Văn hóa thành phố</Text>
		</Replace>
		<Replace Language="en_US" Tag="LOC_HOF_GRAPH_CITY_DISTRICTS">
			<Text>Đặc khu thành phố</Text>
		</Replace>
		<Replace Language="en_US" Tag="LOC_HOF_GRAPH_CITY_FAITH">
			<Text>Đức tin thành phố</Text>
		</Replace>
		<Replace Language="en_US" Tag="LOC_HOF_GRAPH_CITY_FOOD">
			<Text>Thức phẩm thành phố</Text>
		</Replace>
		<Replace Language="en_US" Tag="LOC_HOF_GRAPH_CITY_GOLD">
			<Text>Vàng thành phố</Text>
		</Replace>
		<Replace Language="en_US" Tag="LOC_HOF_GRAPH_CITY_POPULATION">
			<Text>Dân số thành phố</Text>
		</Replace>
		<Replace Language="en_US" Tag="LOC_HOF_GRAPH_CITY_PRODUCTION">
			<Text>Sản xuất thành phố</Text>
		</Replace>
		<Replace Language="en_US" Tag="LOC_HOF_GRAPH_CITY_SCIENCE">
			<Text>Khoa học thành phố</Text>
		</Replace>
		<Replace Language="en_US" Tag="LOC_HOF_GRAPH_CITY_TOURISM">
			<Text>Du lịch thành phố</Text>
		</Replace>
		<Replace Language="en_US" Tag="LOC_HOF_GRAPH_CITY_WONDERS">
			<Text>Kỳ quan thành phố</Text>
		</Replace>
		<Replace Language="en_US" Tag="LOC_HOF_GRAPH_PLAYER_BARBARIAN_CAMPS">
			<Text>Trại dã man bị xóa bỏ</Text>
		</Replace>
		<Replace Language="en_US" Tag="LOC_HOF_GRAPH_PLAYER_BARBARIAN_KILLS">
			<Text>Người dã man bị giết</Text>
		</Replace>
		<Replace Language="en_US" Tag="LOC_HOF_GRAPH_PLAYER_BUILDINGS">
			<Text>Kiến trúc xây dựng</Text>
		</Replace>
		<Replace Language="en_US" Tag="LOC_HOF_GRAPH_PLAYER_CITIES_CAPTURED">
			<Text>Thành phố bị khống chế</Text>
		</Replace>
		<Replace Language="en_US" Tag="LOC_HOF_GRAPH_PLAYER_CITIES_FOUNDED">
			<Text>Thành phố được thành lập</Text>
		</Replace>
		<Replace Language="en_US" Tag="LOC_HOF_GRAPH_PLAYER_CITIES_LOST">
			<Text>Thành phố bị mất</Text>
		</Replace>
		<Replace Language="en_US" Tag="LOC_HOF_GRAPH_PLAYER_CIVICS">
			<Text>Civics Acquired</Text>
		</Replace>
		<Replace Language="en_US" Tag="LOC_HOF_GRAPH_PLAYER_COMBATS">
			<Text>Số lượng kết hợp</Text>
		</Replace>
		<Replace Language="en_US" Tag="LOC_HOF_GRAPH_PLAYER_CULTURE">
			<Text>Văn hóa người chơi</Text>
		</Replace>
		<Replace Language="en_US" Tag="LOC_HOF_GRAPH_PLAYER_DISTRICTS">
			<Text>Đặc khu Xây dựng</Text>
		</Replace>
		<Replace Language="en_US" Tag="LOC_HOF_GRAPH_PLAYER_FAITH">
			<Text>Đức tin Người chơi</Text>
		</Replace>
		<Replace Language="en_US" Tag="LOC_HOF_GRAPH_PLAYER_GOLD">
			<Text>Vàng Người chơi</Text>
		</Replace>
		<Replace Language="en_US" Tag="LOC_HOF_GRAPH_PLAYER_GOODY_HUTS">
			<Text>Phát hiện làng bộ lạc</Text>
		</Replace>
		<Replace Language="en_US" Tag="LOC_HOF_GRAPH_PLAYER_GREAT_PEOPLE">
			<Text>Vĩ nhân kiếm được</Text>
		</Replace>
		<Replace Language="en_US" Tag="LOC_HOF_GRAPH_PLAYER_NATURAL_WONDERS">
			<Text>Khám phá những kỳ quan thiên nhiên</Text>
		</Replace>
		<Replace Language="en_US" Tag="LOC_HOF_GRAPH_PLAYER_NUKES">
			<Text>Phóng Hạt nhân</Text>
		</Replace>
		<Replace Language="en_US" Tag="LOC_HOF_GRAPH_PLAYER_SCIENCE">
			<Text>Khoa học Người chơi</Text>
		</Replace>
		<Replace Language="en_US" Tag="LOC_HOF_GRAPH_PLAYER_SCORE">
			<Text>Điểm Người chơi</Text>
		</Replace>
		<Replace Language="en_US" Tag="LOC_HOF_GRAPH_PLAYER_TECHS">
			<Text>Công nghệ có được</Text>
		</Replace>
		<Replace Language="en_US" Tag="LOC_HOF_GRAPH_PLAYER_UNITS_KILLED">
			<Text>Đơn vị giết chết</Text>
		</Replace>
		<Replace Language="en_US" Tag="LOC_HOF_GRAPH_PLAYER_UNITS_LOST">
			<Text>Đơn vị bị mất</Text>
		</Replace>
		<Replace Language="en_US" Tag="LOC_HOF_GRAPH_PLAYER_WARS_DECLARED">
			<Text>Tuyên bố Chiến tranh</Text>
		</Replace>
		<Replace Language="en_US" Tag="LOC_HOF_GRAPH_PLAYER_WARS_RECEIVED">
			<Text>Chấp nhận Chiến tranh</Text>
		</Replace>
		<Replace Language="en_US" Tag="LOC_HOF_GRAPH_PLAYER_WONDERS">
			<Text>Kỳ quan xây dựng</Text>
		</Replace>
		<Replace Language="en_US" Tag="LOC_HOF_GRAPH_RELIGION_BELIEFS">
			<Text>Tín ngưỡng tôn giáo</Text>
		</Replace>
		<Replace Language="en_US" Tag="LOC_HOF_GRAPH_RELIGION_CITIES">
			<Text>Thành phố tôn giáo</Text>
		</Replace>
		<Replace Language="en_US" Tag="LOC_HOF_GRAPH_RELIGION_FOLLOWERS">
			<Text>Tín đồ tôn giáo</Text>
		</Replace>
		<Replace Language="en_US" Tag="LOC_HOF_REPORTS_CITY_STATUS">
			<Text>Tình trạng thành phố</Text>
		</Replace>
		<Replace Language="en_US" Tag="LOC_HOF_REPORTS_CITY_STATUS_BUILDINGS">
			<Text>Các kiến trúc</Text>
		</Replace>
		<Replace Language="en_US" Tag="LOC_HOF_REPORTS_CITY_STATUS_DISTRICTS">
			<Text>Đặc khu</Text>
		</Replace>
		<Replace Language="en_US" Tag="LOC_HOF_REPORTS_CITY_STATUS_INITIAL_COLUMN">
			<Text>Thành phố</Text>
		</Replace>
		<Replace Language="en_US" Tag="LOC_HOF_REPORTS_CITY_STATUS_POPULATION">
			<Text>Dân số</Text>
		</Replace>
		<Replace Language="en_US" Tag="LOC_HOF_REPORTS_CITY_STATUS_TURN_FOUNDED">
			<Text>Thành lập</Text>
		</Replace>
		<Replace Language="en_US" Tag="LOC_HOF_REPORTS_CITY_STATUS_WONDERS">
			<Text>Kỳ quan</Text>
		</Replace>
		<Replace Language="en_US" Tag="LOC_HOF_REPORTS_CITY_YIELDS">
			<Text>Năng suất thành phố</Text>
		</Replace>
		<Replace Language="en_US" Tag="LOC_HOF_REPORTS_CITY_YIELDS_CULTURE">
			<Text>Văn hóa</Text>
		</Replace>
		<Replace Language="en_US" Tag="LOC_HOF_REPORTS_CITY_YIELDS_FAITH">
			<Text>Đức tin</Text>
		</Replace>
		<Replace Language="en_US" Tag="LOC_HOF_REPORTS_CITY_YIELDS_FOOD">
			<Text>Thực phẩm</Text>
		</Replace>
		<Replace Language="en_US" Tag="LOC_HOF_REPORTS_CITY_YIELDS_GOLD">
			<Text>Vàng</Text>
		</Replace>
		<Replace Language="en_US" Tag="LOC_HOF_REPORTS_CITY_YIELDS_INITIAL_COLUMN">
			<Text>Thành phố</Text>
		</Replace>
		<Replace Language="en_US" Tag="LOC_HOF_REPORTS_CITY_YIELDS_PRODUCTION">
			<Text>Sản xuất</Text>
		</Replace>
		<Replace Language="en_US" Tag="LOC_HOF_REPORTS_CITY_YIELDS_SCIENCE">
			<Text>Khoa học</Text>
		</Replace>
		<Replace Language="en_US" Tag="LOC_HOF_REPORTS_CITY_YIELDS_TOURISM">
			<Text>Du lịch</Text>
		</Replace>
		<Replace Language="en_US" Tag="LOC_HOF_REPORTS_GOVERNMENTS">
			<Text>Chính phủ</Text>
		</Replace>
		<Replace Language="en_US" Tag="LOC_HOF_REPORTS_GOVERNMENTS_INITIAL_COLUMN">
			<Text>Chính quyền</Text>
		</Replace>
		<Replace Language="en_US" Tag="LOC_HOF_REPORTS_GOVERNMENTS_TURNS_ACTIVE">
			<Text>Bật hoạt động</Text>
		</Replace>
		<Replace Language="en_US" Tag="LOC_HOF_REPORTS_RELIGIONS">
			<Text>Tôn giáo</Text>
		</Replace>
		<Replace Language="en_US" Tag="LOC_HOF_REPORTS_RELIGIONS_BELIEFS">
			<Text>Đức tin</Text>
		</Replace>
		<Replace Language="en_US" Tag="LOC_HOF_REPORTS_RELIGIONS_CITIES">
			<Text>Các thành phố</Text>
		</Replace>
		<Replace Language="en_US" Tag="LOC_HOF_REPORTS_RELIGIONS_FOLLOWERS">
			<Text>Người theo dõi</Text>
		</Replace>
		<Replace Language="en_US" Tag="LOC_HOF_REPORTS_RELIGIONS_FOUNDER">
			<Text>Người sáng lập</Text>
		</Replace>
		<Replace Language="en_US" Tag="LOC_HOF_REPORTS_RELIGIONS_HOLY_CITY">
			<Text>Thành phố linh thiêng</Text>
		</Replace>
		<Replace Language="en_US" Tag="LOC_HOF_REPORTS_RELIGIONS_INITIAL_COLUMN">
			<Text>Tôn giáo</Text>
		</Replace>
		<Replace Language="en_US" Tag="LOC_HOF_REPORTS_RELIGIONS_TURN_FOUNDED">
			<Text>Thành lập</Text>
		</Replace>
		<Replace Language="en_US" Tag="LOC_HOF_REPORTS_UNITS">
			<Text>Các đơn vị</Text>
		</Replace>
		<Replace Language="en_US" Tag="LOC_HOF_REPORTS_UNITS_INITIAL_COLUMN">
			<Text>Đơn vị</Text>
		</Replace>
		<Replace Language="en_US" Tag="LOC_HOF_REPORTS_UNITS_KILLS">
			<Text>Giết chết</Text>
		</Replace>
		<Replace Language="en_US" Tag="LOC_HOF_REPORTS_UNITS_LOST">
			<Text>Mất</Text>
		</Replace>
		<Replace Language="en_US" Tag="LOC_HOF_REPORTS_UNITS_TRAINED">
			<Text>Đào tạo</Text>
		</Replace>
		<Replace Language="en_US" Tag="LOC_HOF_STAT_BARBARIANS_KILLED">
			<Text>Người dã man bị giết chết</Text>
		</Replace>
		<Replace Language="en_US" Tag="LOC_HOF_STAT_BARBARIAN_CAMPS">
			<Text>Trại dã man bị xóa bỏ</Text>
		</Replace>
		<Replace Language="en_US" Tag="LOC_HOF_STAT_CITIES_CAPTURED">
			<Text>Cities Conquered</Text>
		</Replace>
		<Replace Language="en_US" Tag="LOC_HOF_STAT_CITIES_FOUNDED">
			<Text>Cities Founded</Text>
		</Replace>
		<Replace Language="en_US" Tag="LOC_HOF_STAT_CITIES_LOST">
			<Text>Cities Lost</Text>
		</Replace>
		<Replace Language="en_US" Tag="LOC_HOF_STAT_CIVICS">
			<Text>Civics Acquired</Text>
		</Replace>
		<Replace Language="en_US" Tag="LOC_HOF_STAT_CIVIC_BOOSTS">
			<Text>Civics Boosted</Text>
		</Replace>
		<Replace Language="en_US" Tag="LOC_HOF_STAT_COMBATS">
			<Text>Battles Fought</Text>
		</Replace>
		<Replace Language="en_US" Tag="LOC_HOF_STAT_FAVORITE_GOVERNMENT">
			<Text>Chính phủ yêu thích</Text>
		</Replace>
		<Replace Language="en_US" Tag="LOC_HOF_STAT_FAVORITE_GOVERNMENT_ANNOTATION">
			<Text>Active for a combined {Amount: plural 1?{Amount} turn;other?{Amount} turns;}.</Text>
		</Replace>
		<Replace Language="en_US" Tag="LOC_HOF_STAT_FAVORITE_UNIT">
			<Text>Đơn vị yêu thích</Text>
		</Replace>
		<Replace Language="en_US" Tag="LOC_HOF_STAT_FAVORITE_UNIT_ANNOTATION">
			<Text>{Amount: plural 1?{Amount} unit;other?{Amount} units;} đào tạo</Text>
		</Replace>
		<Replace Language="en_US" Tag="LOC_HOF_STAT_GOODY_HUTS">
			<Text>Phát hiện làng bộ lạc</Text>
		</Replace>
		<Replace Language="en_US" Tag="LOC_HOF_STAT_GOVERNMENT">
			<Text>Chính quyền</Text>
		</Replace>
		<Replace Language="en_US" Tag="LOC_HOF_STAT_GREAT_PEOPLE">
			<Text>Vĩ nhân kiếm được</Text>
		</Replace>
		<Replace Language="en_US" Tag="LOC_HOF_STAT_LARGEST_CITY">
			<Text>Thành phố lớn nhất</Text>
		</Replace>
		<Replace Language="en_US" Tag="LOC_HOF_STAT_LARGEST_CITY_ANNOTATION">
			<Text>{Amount: plural 1?{Amount} citizen;other?{Amount} citizens;}</Text>
		</Replace>
		<Replace Language="en_US" Tag="LOC_HOF_STAT_NATURAL_WONDERS">
			<Text>Khám phá những kỳ quan thiên nhiên</Text>
		</Replace>
		<Replace Language="en_US" Tag="LOC_HOF_STAT_NUKES">
			<Text>Phóng Tên lửa hạt nhân</Text>
		</Replace>
		<Replace Language="en_US" Tag="LOC_HOF_STAT_POPULAR_RELIGION">
			<Text>Tôn giáo được theo dõi nhiều nhất</Text>
		</Replace>
		<Replace Language="en_US" Tag="LOC_HOF_STAT_POPULAR_RELIGION_ANNOTATION">
			<Text>{Amount: plural 1?{Amount} follower;other?{Amount} followers;}.</Text>
		</Replace>
		<Replace Language="en_US" Tag="LOC_HOF_STAT_RELGIONS_FOUNDED">
			<Text>Các tôn giáo thành lập</Text>
		</Replace>
		<Replace Language="en_US" Tag="LOC_HOF_STAT_STRONGEST_UNIT">
			<Text>Đơn vị mạnh nhất</Text>
		</Replace>
		<Replace Language="en_US" Tag="LOC_HOF_STAT_STRONGEST_UNIT_ANNOTATION">
			<Text>Killed {Amount: plural 1?{Amount} unit;other?{Amount} units;}.</Text>
		</Replace>
		<Replace Language="en_US" Tag="LOC_HOF_STAT_TECHS">
			<Text>Techs Acquired</Text>
		</Replace>
		<Replace Language="en_US" Tag="LOC_HOF_STAT_TECH_BOOSTS">
			<Text>Công nghệ tăng cường</Text>
		</Replace>
		<Replace Language="en_US" Tag="LOC_HOF_STAT_UNITS_KILLED">
			<Text>Đơn vị giết chết</Text>
		</Replace>
		<Replace Language="en_US" Tag="LOC_HOF_STAT_UNITS_LOST">
			<Text>Đơn vị bị mất</Text>
		</Replace>
		<Replace Language="en_US" Tag="LOC_HOF_STAT_UNITS_TRAINED">
			<Text>Đơn vị được đào tạo</Text>
		</Replace>
		<Replace Language="en_US" Tag="LOC_HOF_STAT_WARS_DECLARED">
			<Text>Tuyên bố Chiến tranh </Text>
		</Replace>
		<Replace Language="en_US" Tag="LOC_HOF_STAT_WARS_RECEIVED">
			<Text>Chấp nhận Chiến tranh</Text>
		</Replace>
		<Replace Language="en_US" Tag="LOC_HOF_STAT_WEAKEST_UNIT">
			<Text>Đơn vị yếu nhất</Text>
		</Replace>
		<Replace Language="en_US" Tag="LOC_HOF_STAT_WEAKEST_UNIT_ANNOTATION">
			<Text>{Amount: plural 1?{Amount} unit;other?{Amount} units;} mất đi.</Text>
		</Replace>
		<Replace Language="en_US" Tag="LOC_HOF_STAT_WONDERS">
			<Text>Kỳ quan được xây dựng</Text>
		</Replace>
	</LocalizedText>
</GameData>
