<?xml version="1.0" encoding="utf-8"?>
<!-- edited with XMLSPY v2004 rel. 2 U (http://www.xmlspy.com) by Anton Strenger (Firaxis Games) -->
<GameData>
	<LocalizedText>
		<!-- UI -->
		<Replace Language="en_US" Tag="LOC_GREATPERSON_ACTION_NAME_DEFAULT">
			<Text>Kích hoạt hiệu ứng</Text>
		</Replace>
		<Replace Language="en_US" Tag="LOC_GREATPERSON_ACTION_NAME_CREATE_GREAT_WORK">
			<Text>Tạo thành tựu vĩ đại</Text>
		</Replace>
		<Replace Language="en_US" Tag="LOC_GREATPERSON_ACTION_NAME_FOUND_RELIGION">
			<Text>Sáng lập tôn giáo</Text>
		</Replace>
		<Replace Language="en_US" Tag="LOC_GREATPERSON_ACTION_NAME_RETIRE">
			<Text>Về hưu</Text>
		</Replace>
		<Replace Language="en_US" Tag="LOC_GREATPERSON_ACTION_CHARGES">
			<Text>{1_ChargeAmount} {1_ChargeAmount : plural 1?lần; other?lần;}</Text>
		</Replace>
		<Replace Language="en_US" Tag="LOC_GREATPERSON_ACTION_USAGE_FOUND_RELIGION">
			<Text>Kích hoạt ở Thánh Địa hoặc Bãi đá Stonehenge.</Text>
		</Replace>
		<Replace Language="en_US" Tag="LOC_GREATPERSON_ACTION_USAGE_CREATE_GREAT_WORK">
			<Text>Kích hoạt ở Đặc Khu hoặc kỳ quan còn trống slot Thành tựu vĩ đại.</Text>
		</Replace>
		<Replace Language="en_US" Tag="LOC_GREATPERSON_ACTION_USAGE_ON_UNOWNED_TILE">
			<Text>Kích hoạt trên ô đất không có chủ sở hữu.</Text>
		</Replace>
		<Replace Language="en_US" Tag="LOC_GREATPERSON_ACTION_USAGE_DOES_NOT_NEED_OWNED_TILE">
			<Text>Có thể kích hoạt ngay cả trên ô đất bạn không sở hữu.</Text>
		</Replace>
		<Replace Language="en_US" Tag="LOC_GREATPERSON_ACTION_USAGE_ON_OWNED_TILE">
			<Text>Kích hoạt trên ô đất của bạn.</Text>
		</Replace>
		<Replace Language="en_US" Tag="LOC_GREATPERSON_ACTION_USAGE_ADJACENT_BARBARIAN_UNIT">
			<Text>Kích hoạt bên cạnh quân man di.</Text>
		</Replace>
		<Replace Language="en_US" Tag="LOC_GREATPERSON_ACTION_USAGE_ADJACENT_MOUNTAIN">
			<Text>Kích hoạt bên cạnh núi.</Text>
		</Replace>
		<Replace Language="en_US" Tag="LOC_GREATPERSON_ACTION_USAGE_ADJACENT_TO_OWNED_TILE">
			<Text>Kích hoạt bên cạnh ô đất của bạn.</Text>
		</Replace>
		<Replace Language="en_US" Tag="LOC_GREATPERSON_ACTION_USAGE_CITY_GREAT_WORK_OBJECT">
			<Text>Kích hoạt bên trong thành phố với thành tự vĩ đại {{1_GreatWorkObjectTypeName} &lt;&lt; {2_IconString}}.</Text>
		</Replace>
		<Replace Language="en_US" Tag="LOC_GREATPERSON_ACTION_USAGE_ON_COMPLETED_DISTRICT">
			<Text>Kích hoạt tại {1_DistrictName}.</Text>
		</Replace>
		<Replace Language="en_US" Tag="LOC_GREATPERSON_ACTION_USAGE_ON_INCOMPLETE_SPACE_RACE_PROJECT">
			<Text>Kích hoạt trên dự án Chạy đua vào không gian đang xây dựng.</Text>
		</Replace>
		<Replace Language="en_US" Tag="LOC_GREATPERSON_ACTION_USAGE_ON_INCOMPLETE_WONDER">
			<Text>Kích hoạt trên kỳ quan đang được xây dựng.</Text>
		</Replace>
		<Replace Language="en_US" Tag="LOC_GREATPERSON_ACTION_USAGE_ON_MILITARY_LAND_UNIT">
			<Text>Kích hoạt trên một đơn vị quân đội mặt đất.</Text>
		</Replace>
		<Replace Language="en_US" Tag="LOC_GREATPERSON_ACTION_USAGE_ON_MILITARY_SEA_UNIT">
			<Text>Kích hoạt trên một đơn vị hải quân.</Text>
		</Replace>
		<Replace Language="en_US" Tag="LOC_GREATPERSON_ACTION_USAGE_ON_MILITARY_AIR_UNIT">
			<Text>Kích hoạt trên một đơn vị không quân.</Text>
		</Replace>
		<Replace Language="en_US" Tag="LOC_GREATPERSON_ACTION_USAGE_NO_MILITARY_UNIT">
			<Text>Kích hoạt trên một ô với đơn vị dân sự.</Text>
		</Replace>
		<Replace Language="en_US" Tag="LOC_GREATPERSON_ACTION_USAGE_ON_MILITARY_LAND_UNIT_WITHIN_RANGE">
      		<Text>Kích hoạt trên một đơn vị đất quân sự trong các ô {1_Distance}.</Text>
    	</Replace>
		<Replace Language="en_US" Tag="LOC_GREATPERSON_ACTION_USAGE_ON_OR_ADJACENT_TO_FEATURE">
			<Text>Kích hoạt trên hoặc bên cạnh ô {1_FeatureName}.</Text>
		</Replace>
		<Replace Language="en_US" Tag="LOC_GREATPERSON_ACTION_USAGE_ON_OR_ADJACENT_TO_NATURAL_WONDER">
			<Text>Kích hoạt trên hoặc bên cạnh kỳ quan thiên nhiên.</Text>
		</Replace>
		<Replace Language="en_US" Tag="LOC_GREATPERSON_ACTION_USAGE_ON_UNIT_STANDARD_MILITARY_FORMATION">
			<Text>Kích hoạt trên đơn vị quân sự mà đó không phải là Trung đội hay Đại đội.</Text>
		</Replace>
		<Replace Language="en_US" Tag="LOC_GREATPERSON_ACTION_USAGE_ON_UNIT_CORPS_MILITARY_FORMATION">
			<Text>Kích hoạt trên một đơn vị Trung đội.</Text>
		</Replace>
		<Replace Language="en_US" Tag="LOC_GREATPERSON_ACTION_USAGE_ON_UNIT_ARMY_MILITARY_FORMATION">
			<Text>Kích hoạt trên một đơn vị Đại đội.</Text>
		</Replace>
		<Replace Language="en_US" Tag="LOC_GREATPERSON_ACTION_USAGE_ON_UNIT_STANDARD_MILITARY_FORMATION_SEA">
			<Text>Kích hoạt trên một đơn vị quân đội mà không phải là Hải đoàn hoặc Hạm đội.</Text>
		</Replace>
		<Replace Language="en_US" Tag="LOC_GREATPERSON_ACTION_USAGE_ON_UNIT_CORPS_MILITARY_FORMATION_SEA">
			<Text>Kích hoạt trên một đơn vị Hải đoàn.</Text>
		</Replace>
		<Replace Language="en_US" Tag="LOC_GREATPERSON_ACTION_USAGE_ON_UNIT_ARMY_MILITARY_FORMATION_SEA">
			<Text>Kích hoạt trên một đơn vị Hạm đội.</Text>
		</Replace>
		<Replace Language="en_US" Tag="LOC_GREATPERSON_ACTION_USAGE_ON_LUXURY_RESOURCE">
			<Text>Kích hoạt trên một tài nguyên quý.</Text>
		</Replace>
		<Replace Language="en_US" Tag="LOC_GREATPERSON_ACTION_USAGE_ANYWHERE">
			<Text>Kích hoạt trên ô đất bất kỳ.</Text>
		</Replace>
		<Replace Language="en_US" Tag="LOC_GREATPERSON_ACTION_USAGE_OPEN_PLAYER_RELIC_SLOT">
		  <Text>Phải có mở một slot [ICON_GreatWork_Relic] Di tích ở một trong những thành phố của bạn.</Text>
		</Replace>
		<Replace Language="en_US" Tag="LOC_GREATPERSON_ACTION_USAGE_ON_MISSING_BUILDING">
		  <Text>Thành phố phải chưa có kiến trúc {1_BuildingName}.</Text>
		</Replace>
		<Replace Language="en_US" Tag="LOC_GREATPERSON_ACTION_USAGE_GOLD_COST">
			<Text>Chi phí hành động {1_GoldAmount} [ICON_Gold] Vàng.</Text>
		</Replace>
		<Replace Language="en_US" Tag="LOC_GREATPERSON_ACTION_EFFECT_FOUND_RELIGION">
			<Text>Sáng lập một tôn giáo, và đưa thành phố này làm Thành Phố Thánh.</Text>
		</Replace>
		<Replace Language="en_US" Tag="LOC_GREATPERSON_ACTION_EFFECT_GREAT_WORK_OBJECT">
			<Text>{1_GreatWorkName} ({2_GreatWorkObjectIconString} {3_GreatWorkObjectName}).</Text>
		</Replace>
		<Replace Language="en_US" Tag="LOC_GREATPERSON_PASSIVE_NAME_DEFAULT">
			<Text>Hiệu ứng nội tại</Text>
		</Replace>
		<!-- Shared by Multiple Classes -->
		<Replace Language="en_US" Tag="LOC_GREATPERSON_GOLD">
			<Text>Nhận {Amount} {YieldType} ngay lập tức.</Text>
		</Replace>
		<Replace Language="en_US" Tag="LOC_GREATPERSON_COMPUTERSTECHBOOST">
			<Text>Thúc đẩy công nghệ Máy tính.</Text>
		</Replace>
		<Replace Language="en_US" Tag="LOC_GREATPERSON_1MODERNTECHBOOST">
			<Text>Triggers the [ICON_TechBoosted] Eureka moment for {Amount} random {Amount : plural 1?technology; other?technologies;} from the Modern era.</Text>
		</Replace>
		<!-- Generals -->
		<Replace Language="en_US" Tag="LOC_GREATPERSON_COMBAT_STRENGTH_AOE_LAND_MODIFIER">
			<Text>+5 [ICON_Strength] Sức mạnh từ Đại Tướng Quân.</Text>
		</Replace>
		<Replace Language="en_US" Tag="LOC_GREATPERSON_COMBAT_STRENGTH_AOE_SEA_MODIFIER">
			<Text>+5 [ICON_Strength] Sức mạnh từ Đại Đô Đốc.</Text>
		</Replace>
		<Replace Language="en_US" Tag="LOC_ABILITY_GREAT_GENERAL_MOVEMENT_DESCRIPTION">
			<Text>+1 [ICON_Movement] Di chuyển từ Đại Tướng Quâ.</Text>
		</Replace>
		<Replace Language="en_US" Tag="LOC_ABILITY_GREAT_ADMIRAL_MOVEMENT_DESCRIPTION">
			<Text>+1 [ICON_Movement] Di chuyển từ Đại Đô Đốc.</Text>
		</Replace>
		<Replace Language="en_US" Tag="LOC_GREATPERSON_COMBAT_STRENGTH_AOE_CLASSICAL_LAND">
			<Text>+5 [ICON_Strength] Sức mạnh và +1 [ICON_Movement] Di chuyển cho các đơn vị mặt đất thời kỳ Cổ đại và Trung cổ trong vòng 2 ô.</Text>
		</Replace>
		<Replace Language="en_US" Tag="LOC_GREATPERSON_COMBAT_STRENGTH_AOE_MEDIEVAL_LAND">
			<Text>+5 [ICON_Strength] Sức mạnh và +1 [ICON_Movement] Di chuyển cho các đơn vị mặt đất thời kỳ Trung cổ và Phục hưng trong vòng 2 ô.</Text>
		</Replace>
		<Replace Language="en_US" Tag="LOC_GREATPERSON_COMBAT_STRENGTH_AOE_RENAISSANCE_LAND">
			<Text>+5 [ICON_Strength] Sức mạnh và +1 [ICON_Movement] Di chuyển cho các đơn vị mặt đất thời kỳ Phục hưng và Công nghiệp trong vòng 2 ô.</Text>
		</Replace>
		<Replace Language="en_US" Tag="LOC_GREATPERSON_COMBAT_STRENGTH_AOE_INDUSTRIAL_LAND">
			<Text>+5 [ICON_Strength] Sức mạnh và +1 [ICON_Movement] Di chuyển cho các đơn vị mặt đất thời kỳ Công nghiệp và Hiện đại trong vòng 2 ô.</Text>
		</Replace>
		<Replace Language="en_US" Tag="LOC_GREATPERSON_COMBAT_STRENGTH_AOE_MODERN_LAND">
			<Text>+5 [ICON_Strength] Sức mạnh và +1 [ICON_Movement] Di chuyển cho các đơn vị mặt đất thời kỳ Hiện đại và Nguyên tử trong vòng 2 ô.</Text>
		</Replace>
		<Replace Language="en_US" Tag="LOC_GREATPERSON_COMBAT_STRENGTH_AOE_ATOMIC_LAND">
			<Text>+5 [ICON_Strength] Sức mạnh và +1 [ICON_Movement] Di chuyển cho các đơn vị mặt đất thời kỳ Nguyên tử và Thông tin trong vòng 2 ô.</Text>
		</Replace>
		<Replace Language="en_US" Tag="LOC_GREATPERSON_COMBAT_STRENGTH_AOE_INFORMATION_LAND">
			<Text>+5 [ICON_Strength] Sức mạnh và +1 [ICON_Movement] Di chuyển cho các đơn vị mặt đất thời kỳ Thông tin trong vòng 2 ô.</Text>
		</Replace>
		<Replace Language="en_US" Tag="LOC_GREATPERSON_BOUDICA_ACTIVE">
			<Text>Điều khiển đơn vị quân man di liền kề.</Text>
		</Replace>
		<Replace Language="en_US" Tag="LOC_GREATPERSON_HANNIBAL_BARCA_ACTIVE">
			<Text>Nhận 1 huân chương cho một đơn vị quân sự mặt đất.</Text>
		</Replace>
		<Replace Language="en_US" Tag="LOC_GREATPERSON_AETHELFLAED_ACTIVE">
			<Text>Ngay lập tức có đơn vị Hiệp sĩ.</Text>
		</Replace>
		<Replace Language="en_US" Tag="LOC_GREATPERSON_EL_CID_ACTIVE">
			<Text>Tạo một Trung Đội cho đơn vị quân sự mặt đất.</Text>
		</Replace>
		<Replace Language="en_US" Tag="LOC_GREATPERSON_GENGHIS_KHAN_ACTIVE">
			<Text>Nhận 1 huân chương và +25% EXP cho một đơn vị quân sự mặt đất.</Text>
		</Replace>
		<Replace Language="en_US" Tag="LOC_GREATPERSON_GUSTAVUS_ADOLPHUS_ACTIVE">
			<Text>Ngay lập tức có đơn vị Đại Pháo với 1 huân chương.</Text>
		</Replace>
		<Replace Language="en_US" Tag="LOC_GREATPERSON_JOAN_OF_ARC_ACTIVE">
			<Text>Tạo một [ICON_GreatWork_Relic] di tích.</Text>
		</Replace>
		<Replace Language="en_US" Tag="LOC_GREATPERSON_ANA_NZINGA_ACTIVE">
			<Text>Nhận {Amount} [ICON_Envoy] {Amount : plural 1?Phái đoàn; other?Phái đoàn;}.</Text>
		</Replace>
		<Replace Language="en_US" Tag="LOC_GREATPERSON_NAPOLEON_BONAPARTE_ACTIVE">
			<Text>Tạo một Đại đội cho đơn vị quân sự mặt đất</Text>
		</Replace>
		<Replace Language="en_US" Tag="LOC_GREATPERSON_RANI_LAKSHMIBAI_ACTIVE">
			<Text>Ngay lập tức có đơn vị Kỵ binh với 1 huân chương.</Text>
		</Replace>
		<Replace Language="en_US" Tag="LOC_GREATPERSON_SIMON_BOLIVAR_ACTIVE">
			<Text>Nhận {Amount} [ICON_Envoy] {Amount : plural 1?Phái đoàn; other?Phái đoàn;}.</Text>
		</Replace>
		<Replace Language="en_US" Tag="LOC_GREATPERSON_JOHN_MONASH_ACTIVE">
			<Text>Nhận 1 huân chương và +75% EXP cho một đơn vị quân sự mặt đất.</Text>
		</Replace>
		<Replace Language="en_US" Tag="LOC_GREATPERSON_MARINA_RASKOVA_ACTIVE">
			<Text>Đặc Khu trên ô này +1 slot đơn vị không quân.</Text>
		</Replace>
		<Replace Language="en_US" Tag="LOC_GREATPERSON_SAMORI_TURE_ACTIVE">
			<Text>Ngay lập tức có đơn vị Bộ binh với 1 huân chương.</Text>
		</Replace>
		<Replace Language="en_US" Tag="LOC_GREATPERSON_DWIGHT_EISENHOWER_ACTIVE">
			<Text>+5% [ICON_Production] Sản phẩm đối với đơn vị quân sự.</Text>
		</Replace>
		<Replace Language="en_US" Tag="LOC_GREATPERSON_GEORGY_ZHUKOV_ACTIVE">
			<Text>+50% hỗ trợ thọc sườn cho tất cả đơn vị mặt đất.</Text>
		</Replace>
		<Replace Language="en_US" Tag="LOC_GREATPERSON_SUDIRMAN_ACTIVE">
			<Text>Nhận 1 huân chương và +100% EXP cho một đơn vị quân sự mặt đất.</Text>
		</Replace>
		<Replace Language="en_US" Tag="LOC_GREATPERSON_DOUGLAS_MACARTHUR_ACTIVE">
			<Text>Ngay lập tức có đơn vị Xe Tăng với 1 huân chương.</Text>
		</Replace>
		<Replace Language="en_US" Tag="LOC_GREATPERSON_AHMAD_SHAH_MASSOUD_ACTIVE">
			<Text>Ngay lập tức có đơn vị Chống tăng hiện đại với 1 huân chương.</Text>
		</Replace>
		<Replace Language="en_US" Tag="LOC_GREATPERSON_VIJAYA_WIMALARATNE_ACTIVE">
			<Text>Nhận 1 huân chương và +100% EXP cho một đơn vị quân sự mặt đất.</Text>
		</Replace>
		<!-- Admirals -->
		<Replace Language="en_US" Tag="LOC_GREATPERSON_COMBAT_STRENGTH_AOE_CLASSICAL_SEA">
			<Text>+5 [ICON_Strength] Sức mạnh và +1 [ICON_Movement] Di chuyển cho các đơn vị mặt đất thời Cổ đại và Trung cổ trong vòng 2 ô.</Text>
		</Replace>
		<Replace Language="en_US" Tag="LOC_GREATPERSON_COMBAT_STRENGTH_AOE_MEDIEVAL_SEA">
			<Text>+5 [ICON_Strength] Sức mạnh và +1 [ICON_Movement] Di chuyển cho các đơn vị mặt đất thời Trung cổ và Phục hưng trong vòng 2 ô.</Text>
		</Replace>
		<Replace Language="en_US" Tag="LOC_GREATPERSON_COMBAT_STRENGTH_AOE_RENAISSANCE_SEA">
			<Text>+5 [ICON_Strength] Sức mạnh và +1 [ICON_Movement] Di chuyển cho các đơn vị mặt đất thời Phục hưng và Công nghiệp trong vòng 2 ô..</Text>
		</Replace>
		<Replace Language="en_US" Tag="LOC_GREATPERSON_COMBAT_STRENGTH_AOE_INDUSTRIAL_SEA">
			<Text>+5 [ICON_Strength] Sức mạnh và +1 [ICON_Movement] Di chuyển cho các đơn vị mặt đất thời Công nghiệp và Hiện đại trong vòng 2 ô.</Text>
		</Replace>
		<Replace Language="en_US" Tag="LOC_GREATPERSON_COMBAT_STRENGTH_AOE_MODERN_SEA">
			<Text>+5 [ICON_Strength] Sức mạnh và +1 [ICON_Movement] Di chuyển cho các đơn vị mặt đất thời Hiện đại và Nguyên tử trong vòng 2 ô.</Text>
		</Replace>
		<Replace Language="en_US" Tag="LOC_GREATPERSON_COMBAT_STRENGTH_AOE_ATOMIC_SEA">
			<Text>+5 [ICON_Strength] Sức mạnh và +1 [ICON_Movement] Di chuyển cho các đơn vị mặt đất thời Nguyên tử và Thông tin trong vòng 2 ô.</Text>
		</Replace>
		<Replace Language="en_US" Tag="LOC_GREATPERSON_COMBAT_STRENGTH_AOE_INFORMATION_SEA">
			<Text>+5 [ICON_Strength] Sức mạnh và +1 [ICON_Movement] Di chuyển cho các đơn vị mặt đất thời Thông tin trong vòng 2 ô.</Text>
		</Replace>
		<Replace Language="en_US" Tag="LOC_GREATPERSON_ARTEMISIA_ACTIVE">
			<Text>Nhận 1 huân chương cho một đơn vị hải quân.</Text>
		</Replace>
		<Replace Language="en_US" Tag="LOC_GREATPERSON_GAIUS_DUILIUS_ACTIVE">
			<Text>Tạo một Hải đoàn của một đơn vị hải quân.</Text>
		</Replace>
		<Replace Language="en_US" Tag="LOC_GREATPERSON_THEMISTOCLES_ACTIVE">
			<Text>Ngay lập tức có đơn vị Thuyền mái chèo.</Text>
		</Replace>
		<Replace Language="en_US" Tag="LOC_GREATPERSON_LEIF_ERIKSON_ACTIVE">
			<Text>Cho phép tất cả đơn vị hải quân di chuyển trên biển mà không cần công nghệ.</Text>
		</Replace>
		<Replace Language="en_US" Tag="LOC_GREATPERSON_RAJENDRA_CHOLA_ACTIVE">
			<Text>Nhận 50 [ICON_Gold] Vàng (trên tốc độ thường). Đơn vị hải quân có thêm +40% khi cướp [ICON_TradeRoute] Tuyến đường thương mại.</Text>
		</Replace>
		<Replace Language="en_US" Tag="LOC_GREATPERSON_ZHENG_HE_ACTIVE">
			<Text>Nhận {Amount} [ICON_Envoy] {Amount : plural 1?Phái đoàn; other?Phái đoàn;}.</Text>
		</Replace>
		<Replace Language="en_US" Tag="LOC_GREATPERSON_FRANCIS_DRAKE_ACTIVE">
			<Text>Nhận 75 [ICON_Gold] Vàng (trên tốc độ thường). Đơn vị hải quân có thêm +50% khi cướp [ICON_TradeRoute] Tuyến đường thương mại.</Text>
		</Replace>
		<Replace Language="en_US" Tag="LOC_GREATPERSON_SANTA_CRUZ_ACTIVE">
			<Text>Tạo một Hạm đội của một đơn vị hải quân.</Text>
		</Replace>
		<Replace Language="en_US" Tag="LOC_GREATPERSON_YI_SUN_SIN_ACTIVE">
			<Text>Ngay lập tức có đơn vị Tàu bọc thép với 1 huân chương.</Text>
		</Replace>
		<Replace Language="en_US" Tag="LOC_GREATPERSON_CHING_SHIH_ACTIVE">
			<Text>Nhận 100 [ICON_Gold] Vàng (trên tốc độ thường). Đơn vị hải quân có thêm +60% khi cướp [ICON_TradeRoute] Tuyến đường thương mại.</Text>
		</Replace>
		<Replace Language="en_US" Tag="LOC_GREATPERSON_HORATIO_NELSON_ACTIVE">
			<Text>+50% cho hỗ trợ thọc sườn cho tất cả đơn vị hải quân.</Text>
		</Replace>
		<Replace Language="en_US" Tag="LOC_GREATPERSON_LASKARINA_BOUBOULINA_ACTIVE">
			<Text>Nhận 1 huân chương và +50% EXP cho một đơn vị hải quân.</Text>
		</Replace>
		<Replace Language="en_US" Tag="LOC_GREATPERSON_FRANZ_VON_HIPPER_ACTIVE">
			<Text>Ngay lập tức có đơn vị Chiến Hạm với 1 huân chương.</Text>
		</Replace>
		<Replace Language="en_US" Tag="LOC_GREATPERSON_JOAQUIM_MARQUES_LISBOA_ACTIVE">
			<Text>Tích lũy ít hơn 25% chiến tranh dai dẳng.</Text>
		</Replace>
		<Replace Language="en_US" Tag="LOC_GREATPERSON_TOGO_HEIHACHIRO_ACTIVE">
			<Text>Nhận 1 huân chương và +75% EXP cho một đơn vị hải quân.</Text>
		</Replace>
		<Replace Language="en_US" Tag="LOC_GREATPERSON_CHESTER_NIMITZ_ACTIVE">
			<Text>+20% [ICON_Production] Sản phẩm đối với đơn vị loại Hải tặc.</Text>
		</Replace>
		<Replace Language="en_US" Tag="LOC_GREATPERSON_GRACE_HOPPER_ACTIVE">
			<Text>Tự có khoảng khắc [ICON_TechBoosted] Eureka cho {Amount} {Amount : plural 1?công nghệ; other?công nghệ;} ngẫu nhiên từ thời Nguyên tử và Thông tin.</Text>
		</Replace>
		<Replace Language="en_US" Tag="LOC_GREATPERSON_SERGEY_GORSHKOV_ACTIVE">
			<Text>Nhận 1 huân chương và +100% EXP cho một đơn vị hải quân.</Text>
		</Replace>
		<Replace Language="en_US" Tag="LOC_GREATPERSON_CLANCY_FERNANDO_ACTIVE">
			<Text>Nhận 1 huân chương và +200% EXP cho một đơn vị hải quân.</Text>
		</Replace>
		<!-- Engineers -->
		<Replace Language="en_US" Tag="LOC_GREATPERSON_EXTRA_DISTRICT_CAPACITY">
			<Text>Cho phép xây thêm một Đặc Khu có giới hạn dân số nhiều hơn.</Text>
		</Replace>
		<Replace Language="en_US" Tag="LOC_GREATPERSON_PRINTINGTECHBOOST">
			<Text>Thúc đẩy [ICON_TechBoosted] công nghệ In ấn.</Text>
		</Replace>
		<Replace Language="en_US" Tag="LOC_GREATPERSON_GRANT_PRODUCTION_IN_CITY_MEDIEVAL">
			<Text>Trợ cấp {Amount} [ICON_Production] Sản phẩm đối với kiến trúc kỳ quan.</Text>
		</Replace>
		<Replace Language="en_US" Tag="LOC_GREATPERSON_JAMES_OF_ST_GEORGE_ACTIVE">
			<Text>Ngay lập tức xây tường xa xưa và cổ đại trong thành phố.</Text>
		</Replace>
		<Replace Language="en_US" Tag="LOC_GREATPERSON_GRANT_PRODUCTION_IN_CITY_RENAISSANCE">
			<Text>Hỗ trợ {Amount} [ICON_Production] Sản phẩm đối với kiến trúc kỳ quan.</Text>
		</Replace>
		<Replace Language="en_US" Tag="LOC_GREATPERSON_WORKSHOP_CULTURE">
			<Text>Xưởng +{Amount} [ICON_Culture] Văn minh.</Text>
		</Replace>
		<Replace Language="en_US" Tag="LOC_GREATPERSON_CITY_HOUSING_SMALL">
			<Text>+{Amount} [ICON_Housing] Nhà ở cho thành phố này.</Text>
		</Replace>
		<Replace Language="en_US" Tag="LOC_GREATPERSON_CITY_AMENITIES_SMALL">
			<Text>+{Amount} [ICON_Amenities] {Amount : plural 1?Tiện nghi; other?Tiện nghi;} cho thành phố này.</Text>
		</Replace>
		<Replace Language="en_US" Tag="LOC_GREATPERSON_GRANT_PRODUCTION_IN_CITY_INDUSTRIAL">
			<Text>Hỗ trợ {Amount} [ICON_Production] Sản phẩm đối với kiến trúc kỳ quan.</Text>
		</Replace>
		<Replace Language="en_US" Tag="LOC_GREATPERSON_JAMES_WATT_ACTIVE">
			<Text>Ngay lập tức xây Nhà máy và Xưởng trong Đặc Khu. Nhà máy +2 [ICON_Production] Sản phẩm.</Text>
		</Replace>
		<Replace Language="en_US" Tag="LOC_GREATPERSON_CITY_APPEAL_SMALL">
			<Text>Thành phố này +{Amount} Sức Hấp Dẫn cho mỗi ô đất sở hữu.</Text>
		</Replace>
		<Replace Language="en_US" Tag="LOC_GREATPERSON_EXTRA_REGIONAL_BUILDING_RANGE">
			<Text>Các kiến trúc trong Đặc Khu đạt xa hơn {Amount} {Amount : plural 1?ô; other?ô;}.</Text>
		</Replace>
		<Replace Language="en_US" Tag="LOC_GREATPERSON_EXTRA_REGIONAL_BUILDING_PRODUCTION">
			<Text>Các kiến trúc trong Đặc Khu này +{Amount} [ICON_Production] Sản phẩm.</Text>
		</Replace>
		<Replace Language="en_US" Tag="LOC_GREATPERSON_SPACE_RACE_PRODUCTION_RATE_SMALL">
			<Text>+{Amount}% [ICON_Production] Sản phẩm đối với dự án Chạy đua không gian.</Text>
		</Replace>
		<Replace Language="en_US" Tag="LOC_GREATPERSON_ROCKETRYTECHBOOST">
			<Text>Thúc đẩy công nghệ Phản lực học.</Text>
		</Replace>
		<Replace Language="en_US" Tag="LOC_GREATPERSON_CITY_HOUSING_MEDIUM">
			<Text>+{Amount} [ICON_Housing] Nhà ở cho thành phố này.</Text>
		</Replace>
		<Replace Language="en_US" Tag="LOC_GREATPERSON_CITY_HOUSING_LARGE">
			<Text>+{Amount} [ICON_Housing] Nhà ở cho thành phố này.</Text>
		</Replace>
		<Replace Language="en_US" Tag="LOC_GREATPERSON_CITY_AMENITIES_LARGE">
			<Text>+{Amount} [ICON_Amenities] {Amount : plural 1?tiện nghi; other?tiện nghi;} cho thành phố này.</Text>
		</Replace>
		<Replace Language="en_US" Tag="LOC_GREATPERSON_GRANT_PRODUCTION_IN_CITY_EARLY_SPACE_RACE">
			<Text>Hỗ trợ {Amount} [ICON_Production] Sản phẩm đối với dự án Chạy đua không gian.</Text>
		</Replace>
		<Replace Language="en_US" Tag="LOC_GREATPERSON_CITY_APPEAL_LARGE">
			<Text>Thành phố này +{Amount} Sức Hấp Dẫn cho bất kỳ ô đất nào sở hữu.</Text>
		</Replace>
		<Replace Language="en_US" Tag="LOC_GREATPERSON_EXTRA_REGIONAL_BUILDING_ENTERTAINMENT">
			<Text>Các kiến trúc trong Đặc Khu này +{Amount} [ICON_Amenities] {Amount : plural 1?tiện nghi; other?tiện nghi;}.</Text>
		</Replace>
		<Replace Language="en_US" Tag="LOC_GREATPERSON_GRANT_PRODUCTION_IN_CITY_INFORMATION">
			<Text>Hỗ trợ {Amount} [ICON_Production] Sản phẩm đối với kiến trúc kỳ quan.</Text>
		</Replace>
		<!-- Merchants -->
		<Replace Language="en_US" Tag="LOC_GREATPERSON_GRANT_PLOT_RESOURCE">
			<Text>Hỗ trợ {Amount} sao chép cho tài nguyên quý trên ô đất của [ICON_Capital] Thủ Đô.</Text>
		</Replace>
		<Replace Language="en_US" Tag="LOC_GREATPERSON_FAITH_SMALL">
			<Text>Nhận {Amount} [ICON_Faith] Đức Tin.</Text>
		</Replace>
		<Replace Language="en_US" Tag="LOC_GREATPERSON_GRANT_PLOT">
			<Text>Ô đất gần thành phố của bạn nhất sẽ thuộc lãnh thổ.</Text>
		</Replace>
		<Replace Language="en_US" Tag="LOC_GREATPERSON_GOLD_TINY">
			<Text>Nhận {Amount : number #} [ICON_Gold] Vàng.</Text>
		</Replace>
		<Replace Language="en_US" Tag="LOC_GREATPERSON_ZHANG_QIAN_ACTIVE">
			<Text>Tăng [ICON_TradeRoute] Tuyến đường thương mại thêm 1. [ICON_TradeRoute] Tuyến đường thương mại nước ngoài tới thành phố này +2 [ICON_Gold] Vàng cho cả 2 thành phố.</Text>
		</Replace>
		<Replace Language="en_US" Tag="LOC_GREATPERSON_MARCO_POLO_ACTIVE">
			<Text>Nhận một đơn vị Thương gia trong thành phố này, và tăng [ICON_TradeRoute] Tuyến đường thương mại thêm 1. [ICON_TradeRoute] Tuyến đường thương mại nước ngoài tới thành phố này cung cấp +2 [ICON_Gold] Vàng cho cả 2 thành phố.</Text>
		</Replace>
		<Replace Language="en_US" Tag="LOC_GREATPERSON_GOLD_TO_INCOMING_FOREIGN_ROUTES">
			<Text>Thành phố này cung cấp +{Amount} [ICON_Gold] Vàng cho [ICON_TradeRoute] Tuyến đường thương mại nước ngoài đến.</Text>
		</Replace>
		<Replace Language="en_US" Tag="LOC_GREATPERSON_GOLD_FROM_INCOMING_FOREIGN_ROUTES">
			<Text>Thành phố này nhận +{Amount} [ICON_Gold] Vàng từ [ICON_TradeRoute] Tuyến đường thương mại nước ngoài.</Text>
		</Replace>
		<Replace Language="en_US" Tag="LOC_GREATPERSON_FREE_TRADER_UNIT">
			<Text>Nhận một đơn vị Thương gia miễn phí trong thành phố này.</Text>
		</Replace>
		<Replace Language="en_US" Tag="LOC_GREATPERSON_EXTRA_TRADE_ROUTE_CAPACITY">
			<Text>Tăng [ICON_TradeRoute] Tuyến đường thương mại thêm {Amount}.</Text>
		</Replace>
		<Replace Language="en_US" Tag="LOC_GREATPERSON_GOLD_SMALL">
			<Text>Nhận {Amount : number #} [ICON_Gold] Vàng.</Text>
		</Replace>
		<Replace Language="en_US" Tag="LOC_GREATPERSON_INFLUENCE_TOKENS_SMALL">
			<Text>Nhận {Amount} [ICON_Envoy] {Amount : plural 1?Phái đoàn; other?Phái đoàn;}.</Text>
		</Replace>
		<Replace Language="en_US" Tag="LOC_GREATPERSON_GIOVANNI_DE_MEDICI_ACTIVE">
			<Text>Ngay lập tức xây Ngân hàng hoặc Chợ trong Đặc Khu này. Ngân hàng có 2 slot Thành tựu vĩ đại, có thể chứa bất kỳ thứ gì.</Text>
		</Replace>
		<Replace Language="en_US" Tag="LOC_GREATPERSON_MARKET">
			<Text>Ngay lập tức xây Chợ trong Đặc Khu này.</Text>
		</Replace>
		<Replace Language="en_US" Tag="LOC_GREATPERSON_BANK">
			<Text>Ngay lập tức xây Ngân hàng trong Đặc Khu này.</Text>
		</Replace>
		<Replace Language="en_US" Tag="LOC_GREATPERSON_BANK_GREAT_WORK_SLOTS">
			<Text>Ngân hàng này thêm {Amount} slot Thành tựu vĩ đại và có thể giữ bất kỳ thứ gì ngoại trừ [ICON_GreatWork_Relic] Di tích.</Text>
		</Replace>
		<Replace Language="en_US" Tag="LOC_GREATPERSON_GOLD_MEDIUM">
			<Text>Nhận {Amount} [ICON_Gold] Vàng.</Text>
		</Replace>
		<Replace Language="en_US" Tag="LOC_GREATPERSON_INFLUENCE_TOKENS_MEDIUM">
			<Text>Nhận {Amount} [ICON_Envoy] {Amount : plural 1?Phái đoàn; other?Phái đoàn;}.</Text>
		</Replace>
		<Replace Language="en_US" Tag="LOC_GREATPERSON_DOMESTIC_ROUTE_GOLD_PER_SPECIALTY_DISTRICT">
			<Text>[ICON_TradeRoute] Tuyến đường thương mại của bạn tới những thành phố của bạn nhận +{Amount} [ICON_Gold] Vàng cho mỗi Đặc Khu đặc biệt ở đích đến.</Text>
		</Replace>
		<Replace Language="en_US" Tag="LOC_GREATPERSON_ECONOMIC_POLICY_SLOT">
			<Text>+1 slot Chính sách kinh tế trong chính phủ bất kỳ.</Text>
		</Replace>
		<Replace Language="en_US" Tag="LOC_GREATPERSON_GRANT_JEANS">
			<Text>Nhận {Amount} [ICON_RESOURCE_JEANS] Quần Jean, một tài nguyên quý được sản xuất duy nhất cung cấp +4 [ICON_Amenities] Tiện nghi.</Text>
		</Replace>
		<Replace Language="en_US" Tag="LOC_GREATPERSON_GOLD_LARGE">
			<Text>Nhận {Amount : number #} [ICON_Gold] Vàng.</Text>
		</Replace>
		<Replace Language="en_US" Tag="LOC_GREATPERSON_GRANT_PERFUME">
			<Text>Nhận {Amount} [ICON_RESOURCE_PERFUME] Nước hoa, một tài nguyên quý được sản xuất duy nhất cung cấp +6 [ICON_Amenities] Tiện nghi.</Text>
		</Replace>
		<Replace Language="en_US" Tag="LOC_GREATPERSON_JOHN_ROCKEFELLER_ACTIVE">
			<Text>Nhận 1 [ICON_RESOURCE_OIL] Dầu, một tài nguyên chiến lược. [ICON_TradeRoute] Tuyến đường thương mại nhận +2 [ICON_Gold] Vàng cho mỗi tài nguyên chiến lược được khai thác ở thành phố đích.</Text>
		</Replace>
		<Replace Language="en_US" Tag="LOC_GREATPERSON_GRANT_OIL">
			<Text>Nhận {Amount} [ICON_RESOURCE_OIL] Dầu, một tài nguyên chiến lược.</Text>
		</Replace>
		<Replace Language="en_US" Tag="LOC_GREATPERSON_DOMESTIC_ROUTE_GOLD_PER_STRATEGIC">
			<Text>[ICON_TradeRoute] Tuyến đường thương mại nhận +{Amount} [ICON_Gold] Vàng cho mỗi tài nguyên chiến lược được khai thác bởi thành phố đích đến.</Text>
		</Replace>
		<Replace Language="en_US" Tag="LOC_GREATPERSON_TRADE_ROUTE_TOURISM_MODIFIER">
			<Text>+{Amount}% tỷ lệ [ICON_Tourism] Du lịch đối với nền văn minh khác mà bạn có [ICON_TradeRoute] Tuyến đường thương mại tới đó.</Text>
		</Replace>
		<Replace Language="en_US" Tag="LOC_GREATPERSON_GRANT_COSMETICS">
			<Text>Nhận {Amount} [ICON_RESOURCE_COSMETICS] Mỹ phẩm, một tài nguyên quý được sản xuất duy nhất cung cấp +4 [ICON_Amenities] Tiện nghi.</Text>
		</Replace>
		<Replace Language="en_US" Tag="LOC_GREATPERSON_DIPLO_VISIBILITY">
			<Text>+{Amount} {Amount : plural 1?level; other?level;} cho tầm nhìn ngoại giao với tất cả nền văn minh khác.</Text>
		</Replace>
		<Replace Language="en_US" Tag="LOC_GREATPERSON_GRANT_TOYS">
			<Text>Nhận {Amount} [ICON_RESOURCE_TOYS] Đồ chơi, một tài nguyên quý được sản xuất duy nhất cung cấp +4 [ICON_Amenities] Tiện nghi.</Text>
		</Replace>
		<Replace Language="en_US" Tag="LOC_GREATPERSON_INDUSTRIAL_ZONE_TOURISM">
			<Text>Khu công nghiệp cung cấp +{Amount} [ICON_Tourism] Du lịch.</Text>
		</Replace>
		<Replace Language="en_US" Tag="LOC_GREATPERSON_CAMPUS_TOURISM">
			<Text>Khu tri thức cung cấp +{Amount} [ICON_Tourism] Du lịch.</Text>
		</Replace>
		<!-- Scientists -->
		<Replace Language="en_US" Tag="LOC_GREATPERSON_3CLASSICALMEDIEVALTECHBOOSTS">
			<Text>Thúc đẩy {Amount} công nghệ ngẫu nhiên thuộc thời Cổ đại hoặc Trung cổ.</Text>
		</Replace>
		<Replace Language="en_US" Tag="LOC_GREATPERSON_EUCLID_ACTIVE">
			<Text>Thúc đẩy công nghệ Toán học và một công nghệ ngẫu nhiên thời Trung cổ.</Text>
		</Replace>
		<Replace Language="en_US" Tag="LOC_GREATPERSON_1MEDIEVALTECHBOOST">
			<Text>Thúc đẩy {Amount} công nghệ ngẫu nhiên thuộc thời Trung cổ.</Text>
		</Replace>
		<Replace Language="en_US" Tag="LOC_GREATPERSON_MATHTECHBOOST">
			<Text>Thúc đẩy công nghệ Toán học.</Text>
		</Replace>
		<Replace Language="en_US" Tag="LOC_GREATPERSON_LIBRARY">
			<Text>Xây tức thì một thư viện trong thành phố.</Text>
		</Replace>
		<Replace Language="en_US" Tag="LOC_GREATPERSON_LIBRARY_FREE_MAINTENANCE">
			<Text>+{Amount} [ICON_Gold] Vàng.</Text>
		</Replace>
		<Replace Language="en_US" Tag="LOC_GREATPERSON_UNIVERSITY">
			<Text>Xây tức thì trường đại học trong thành phố.</Text>
		</Replace>
		<Replace Language="en_US" Tag="LOC_GREATPERSON_UNIVERSITY_FREE_MAINTENANCE">
			<Text>+{Amount} [ICON_Gold] Vàng.</Text>
		</Replace>
		<Replace Language="en_US" Tag="LOC_GREATPERSON_1MEDIEVALRENAISSANCETECHBOOST">
			<Text>Thúc đẩy {Amount} công nghệ ngẫu nhiên thuộc thời Trung cổ hoặc Phục hưng.</Text>
		</Replace>
		<Replace Language="en_US" Tag="LOC_GREATPERSON_HOLY_SITE_ADJACENCY_AS_SCIENCE">
			<Text>[ICON_Faith] Đức Tin của Thánh Địa liền kề nhận [ICON_Science] Khoa học bằng như vậy.</Text>
		</Replace>
		<Replace Language="en_US" Tag="LOC_GREATPERSON_FAITH">
			<Text>Nhận {Amount} [ICON_Faith] Đức Tin.</Text>
		</Replace>
		<Replace Language="en_US" Tag="LOC_GREATPERSON_OMAR_KHAYYAM_ACTIVE">
			<Text>Thúc đẩy 2 công nghệ và 1 Hành chính thuộc thời Trung cổ hoặc Phục hưng.</Text>
		</Replace>
		<Replace Language="en_US" Tag="LOC_GREATPERSON_2MEDIEVALRENAISSANCETECHBOOSTS">
			<Text>Thúc đẩy {Amount} công nghệ ngẫu nhiên thuộc thời Trung cổ hoặc Phục hưng.</Text>
		</Replace>
		<Replace Language="en_US" Tag="LOC_GREATPERSON_1MEDIEVALRENAISSANCECIVICBOOST">
			<Text>Thúc đẩy 1 Hành chính thuộc thời Trung cổ hoặc Phục hưng.</Text>
		</Replace>
		<Replace Language="en_US" Tag="LOC_GREATPERSON_GALILEO_GALILEI_ACTIVE">
			<Text>Nhận 250 [ICON_Science] Khoa học (ở tốc độ bình thường) cho mỗi Núi liền kề.</Text>
		</Replace>
		<Replace Language="en_US" Tag="LOC_GREATPERSON_RESEARCH_LAB">
			<Text>Lập tức xây Viện nghiên cứu trong Đặc Khu.</Text>
		</Replace>
		<Replace Language="en_US" Tag="LOC_GREATPERSON_RESEARCH_LAB_FREE_MAINTENANCE">
			<Text>+{Amount} [ICON_Gold] Vàng.</Text>
		</Replace>
		<Replace Language="en_US" Tag="LOC_GREATPERSON_ISAAC_NEWTON_ACTIVE">
			<Text>Lập tức xây trường đại học và thư viện trong Đặc Khu. Các trường đại học cung cấp +2 [ICON_Science] Khoa học.</Text>
		</Replace>
		<Replace Language="en_US" Tag="LOC_GREATPERSON_3RENAISSANCEINDUSTRIALTECHBOOSTS">
			<Text>Thúc đẩy {Amount} công nghệ ngẫu nhiên thuộc thời Phục hưng hoặc Công nghiệp.</Text>
		</Replace>
		<Replace Language="en_US" Tag="LOC_GREATPERSON_GREAT_PERSON_FREE_POINTS">
			<Text>Áp dụng {Amount} điểm [ICON_GreatPerson] Vĩ nhân miễn phí đối với tất cả chiêu mộ Vĩ nhân hiện tại và tương lai.</Text>
		</Replace>
		<Replace Language="en_US" Tag="LOC_GREATPERSON_CHARLES_DARWIN_ACTIVE">
			<Text>Nhận 500 [ICON_Science] Khoa học (ở tốc độ thường) cho mỗi kỳ quan thiên nhiên ở đây hoặc liền kề.</Text>
		</Replace>
		<Replace Language="en_US" Tag="LOC_GREATPERSON_DMITRI_MENDELEEV_ACTIVE">
			<Text>Thúc đẩy công nghệ Hóa học và 1 công nghệ từ thời Công nghiệp.</Text>
		</Replace>
		<Replace Language="en_US" Tag="LOC_GREATPERSON_ALAN_TURING_ACTIVE">
			<Text>Thúc đẩy công nghệ Máy tính và 1 công nghệ từ thời Hiện đại.</Text>
		</Replace>
		<Replace Language="en_US" Tag="LOC_GREATPERSON_1INDUSTRIALTECHBOOST">
			<Text>Thúc đẩy {Amount} công nghệ ngẫu nhiên thuộc thời Công nghiệp.</Text>
		</Replace>
		<Replace Language="en_US" Tag="LOC_GREATPERSON_CHEMISTRYTECHBOOST">
			<Text>Thúc đẩy công nghệ Hóa học.</Text>
		</Replace>
		<Replace Language="en_US" Tag="LOC_GREATPERSON_LIBRARIES_SCIENCE">
			<Text>Thư viện +{Amount} [ICON_Science] Khoa học.</Text>
		</Replace>
		<Replace Language="en_US" Tag="LOC_GREATPERSON_UNIVERSITIES_SMALL_SCIENCE">
			<Text>Các trường đại học +{Amount} [ICON_Science] Khoa học.</Text>
		</Replace>
		<Replace Language="en_US" Tag="LOC_GREATPERSON_UNIVERSITIES_BIG_SCIENCE">
			<Text>Các trường đại học +{Amount} [ICON_Science] Khoa học.</Text>
		</Replace>
		<Replace Language="en_US" Tag="LOC_GREATPERSON_1MODERNATOMICTECHBOOST">
			<Text>Thúc đẩy {Amount} công nghệ ngẫu nhiên thuộc thời Hiện đại hoặc Nguyên tử.</Text>
		</Replace>
		<Replace Language="en_US" Tag="LOC_GREATPERSON_REVEAL_OIL">
			<Text>Tiết lộ [ICON_RESOURCE_OIL] Dầu mà không cần công nghệ bình thường.</Text>
		</Replace>
		<Replace Language="en_US" Tag="LOC_GREATPERSON_2INDUSTRIALMODERNTECHBOOSTS">
			<Text>Thúc đẩy {Amount} công nghệ ngẫu nhiên thuộc thời Công nghiệp hoặc hiện đại.</Text>
		</Replace>
		<Replace Language="en_US" Tag="LOC_GREATPERSON_ADJACENT_RAINFOREST_SCIENCE">
			<Text>Nhận {Amount} [ICON_Science] Khoa học cho mỗi Rừng nhiệt đới ở đây hoặc liền kề.</Text>
		</Replace>
		<Replace Language="en_US" Tag="LOC_GREATPERSON_ARTIFACT_TOURISM_MODIFIER">
			<Text>[ICON_GreatWork_Artifact] Cổ vật trong tất cả thành phố của bạn tạo ra {ScalingFactor}% [ICON_Tourism] Du lịch bình thường của họ.</Text>
		</Replace>
		<Replace Language="en_US" Tag="LOC_GREATPERSON_ARTIFACT_SCIENCE">
			<Text>Nhận {Amount} [ICON_Science] Khoa học cho mỗi [ICON_GreatWork_Artifact] Cổ vật trong thành phố này.</Text>
		</Replace>
		<Replace Language="en_US" Tag="LOC_GREATPERSON_3ATOMICINFORMATIONTECHBOOSTS">
			<Text>Thúc đẩy {Amount} công nghệ ngẫu nhiên thuộc thời Nguyên tử hoặc Thông tin.</Text>
		</Replace>
		<Replace Language="en_US" Tag="LOC_GREATPERSON_ALLINFORMATIONTECHBOOSTS">
			<Text>Thúc đẩy tất cả công nghệ từ thời Thông tin.</Text>
		</Replace>
		<Replace Language="en_US" Tag="LOC_GREATPERSON_GRANT_PRODUCTION_IN_CITY_LATE_SPACE_RACE">
			<Text>Nhận {Amount} [ICON_Production] Sản phẩm đối với xây dựng dự án Chạy đua không gian.</Text>
		</Replace>
		<Replace Language="en_US" Tag="LOC_GREATPERSON_SPACE_RACE_PRODUCTION_RATE_LARGE">
			<Text>+{Amount}% [ICON_Production] Sản phẩm đối với dự án Chạy đua không gian.</Text>
		</Replace>
		<Replace Language="en_US" Tag="LOC_GREATPERSON_ABU_AL_QASIM_AL_ZAHRAWI_ACTIVE">
			<Text>Đơn vị bị thương có thể hồi +5 HP mỗi lượt.</Text>
		</Replace>
	</LocalizedText>
</GameData>
