<?xml version="1.0" encoding="utf-8"?>
<!-- edited with XMLSPY v2004 rel. 2 U (http://www.xmlspy.com) by matthew beach (Firaxis Games) -->
<GameData>
	<LocalizedText>
		<!--Improvements Description-->
		<Replace Language="en_US" Tag="LOC_IMPROVEMENT_BARBARIAN_CAMP_DESCRIPTION">
			<Text>Sinh ra thêm quân man di. Nhận thêm [ICON_Gold] Vàng nếu nó bị phá hủy. -1 Sức hấp dẫn.</Text>
		</Replace>
		<Replace Language="en_US" Tag="LOC_IMPROVEMENT_BEACH_RESORT_DESCRIPTION">
			<Text>Thợ xây đã có thể xây Khu nghỉ dưỡng ven biển.[NEWLINE][NEWLINE]Cung cấp [ICON_Tourism] Du khách bằng với Sức Hấp Dẫn của ô đất. Chỉ có thể xây trên Bờ biển sa mạc, Bờ biển Bờ biển đồng bằng, hoặc Bờ biển đồng cỏ. Sức hấp dẫn tối thiểu là Ngây Ngất.</Text>
		</Replace>
		<Replace Language="en_US" Tag="LOC_IMPROVEMENT_FARM_DESCRIPTION">
			<Text>Thợ xây đã có thể xây Nông Trại.[NEWLINE][NEWLINE]+1 [ICON_Food] Thực phẩm. Chỉ có thể xây trên Đồng bằng hoặc Đồng cỏ.[NEWLINE][NEWLINE]Xây các Nông Trại gần nhau được thưởng Nhà ở.</Text>
		</Replace>
		<Replace Language="en_US" Tag="LOC_IMPROVEMENT_MINE_DESCRIPTION">
			<Text>Thợ xây đã có thể xây Mỏ.[NEWLINE][NEWLINE]+1 [ICON_Production] Sản phẩm. -1 Sức hấp dẫn. Có thể xây trên Đồi hoặc tài nguyên hợp lệ.[NEWLINE][NEWLINE]Nếu xây trên tài nguyên quý hoặc chiến lược, thành phố có thể sử dụng tài nguyên này.</Text>
		</Replace>
		<Replace Language="en_US" Tag="LOC_IMPROVEMENT_QUARRY_DESCRIPTION">
			<Text>Thợ xây đã có thể xây Mỏ đá.[NEWLINE][NEWLINE]+1 [ICON_Production] Sản phẩm. -1 Sức hấp dẫn. Chỉ có thể xây trên tài nguyên hợp lệ.[NEWLINE][NEWLINE]Nếu xây trên tài nguyên quý, thành phố có thể sử dụng tài nguyên này.</Text>
		</Replace>
		<Replace Language="en_US" Tag="LOC_IMPROVEMENT_FISHING_BOATS_DESCRIPTION">
			<Text>Thợ xây đã có thể xây Thuyền đánh cá.[NEWLINE][NEWLINE]+1 [ICON_Food] Thực phẩm. Chỉ có thể xây trên tài nguyên hợp lệ.[NEWLINE][NEWLINE]Nếu xây trên tài nguyên quý, thành phố có thể sử dụng tài nguyên này.</Text>
		</Replace>
		<Replace Language="en_US" Tag="LOC_IMPROVEMENT_PASTURE_DESCRIPTION">
			<Text>Thợ xây đã có thể xây Bãi Chăn.[NEWLINE][NEWLINE]+1 [ICON_Production] Sản phẩm. Chỉ có thể xây trên tài nguyên hợp lệ.[NEWLINE][NEWLINE]Nếu xây trên tài nguyên chiến thuật, thành phố có thể sử dụng tài nguyên này.</Text>
		</Replace>
		<Replace Language="en_US" Tag="LOC_IMPROVEMENT_PLANTATION_DESCRIPTION">
			<Text>Thợ xây đã có thể xây Đồn Điền.[NEWLINE][NEWLINE]+2 [ICON_Gold] Vàng. Chỉ có thể xây trên tài nguyên hợp lệ.[NEWLINE][NEWLINE]Nếu xây trên tài nguyên quý, thành phố có thể sử dụng tài nguyên này.</Text>
		</Replace>
		<Replace Language="en_US" Tag="LOC_IMPROVEMENT_CAMP_DESCRIPTION">
			<Text>Thợ xây đã có thể xây Trại.[NEWLINE][NEWLINE]+1 [ICON_Gold] Vàng. Chỉ có thể xây trên tài nguyên hợp lệ.[NEWLINE][NEWLINE]Nếu xây trên tài nguyên quý, thành phố có thể sử dụng tài nguyên này.</Text>
		</Replace>
		<Replace Language="en_US" Tag="LOC_IMPROVEMENT_LUMBER_MILL_DESCRIPTION">
			<Text>Thợ xây đã có thể xây Xưởng gỗ.[NEWLINE][NEWLINE]+1 [ICON_Production] Sản phẩm. +1 [ICON_Production] Sản phẩm nếu gần sông. Chỉ có thể xây trên Rừng.</Text>
		</Replace>
		<Replace Language="en_US" Tag="LOC_IMPROVEMENT_OIL_WELL_DESCRIPTION">
			<Text>Thợ xây đã có thể xây Giếng dầu.[NEWLINE][NEWLINE]-1 Sức hấp dẫn. Chỉ có thể xây trên [ICON_RESOURCE_OIL] Dầu.</Text>
		</Replace>
		<Replace Language="en_US" Tag="LOC_IMPROVEMENT_OFFSHORE_OIL_RIG_DESCRIPTION">
			<Text>Thợ xây đã có thể xây Giàn khoan dầu.[NEWLINE][NEWLINE]-1 Sức hấp dẫn. Chỉ có thể xây trên [ICON_RESOURCE_OIL] Dầu.</Text>
		</Replace>
		<Replace Language="en_US" Tag="LOC_IMPROVEMENT_FORT_DESCRIPTION">
			<Text>Đơn vị chiếm giữ nhận +4 [ICON_Strength] Phòng thủ, và tự động gán 2 lượt của Cố Thủ.</Text>
		</Replace>
		<Replace Language="en_US" Tag="LOC_IMPROVEMENT_AIRSTRIP_DESCRIPTION">
			<Text>Mở khóa Kỹ sư quân đội để xây Đường băng.[NEWLINE][NEWLINE]Có thể hỗ trợ 3 đơn vị không quân. Chỉ có thể xây trên địa hình phẳng. -1 Sức hấp dẫn.</Text>
		</Replace>
		<!--Unique Improvements Description-->
		<Replace Language="en_US" Tag="LOC_IMPROVEMENT_CHATEAU_DESCRIPTION">
			<Text>Thợ xây mở khóa Chateau, kiến trúc đặc biệt của Pháp.[NEWLINE][NEWLINE]+2 [ICON_Culture] Văn minh. +1 Sức hấp dẫn. +2 [ICON_Culture] Văn minh nếu gần kỳ quan. +1 [ICON_Gold] Vàng nếu gần tài nguyên quý. Chỉ có thể xây gần kề sông.</Text>
		</Replace>
		<Replace Language="en_US" Tag="LOC_IMPROVEMENT_COLOSSAL_HEAD_DESCRIPTION">
			<Text>Thợ xây mở khóa Đầu khổng lồ.[NEWLINE][NEWLINE]+2 [ICON_Faith] Đức Tin. +1 [ICON_Faith] Đức Tin cho mỗi 2 Rừng nhiệt đới hoặc Rừng liền kề. Không thể xây trên Tuyết hoặc Đồi Tuyết.</Text>
		</Replace>
		<Replace Language="en_US" Tag="LOC_IMPROVEMENT_GREAT_WALL_DESCRIPTION">
			<Text>Thợ xây mở khóa Vạn Lý Trường Thành, kiến trúc riêng của Trung Quốc.[NEWLINE][NEWLINE]Tăng điểm [ICON_Strength] Phòng thủ. Thưởng [ICON_Gold] Vàng nếu gần đoạn khác. Thêm [ICON_Culture] Văn minh và [ICON_Tourism] Du lịch cũng như thông qua Cây Công nghệ cho đoạn kề. Phải xây một đường dọc theo biên giới.</Text>
		</Replace>
		<Replace Language="en_US" Tag="LOC_IMPROVEMENT_KURGAN_DESCRIPTION">
			<Text>Thợ xây đã có thể xây Nấm mồ, kiến trúc đặc biệt của Scythia.[NEWLINE][NEWLINE]+1 [ICON_Faith] Đức Tin. +1 [ICON_Gold] Vàng. +1 [ICON_Faith] Đức Tin cho mỗi Bãi Chăn liền kề. Không thể xây trên đồi.</Text>
		</Replace>
		<Replace Language="en_US" Tag="LOC_IMPROVEMENT_MISSION_DESCRIPTION">
			<Text>Thợ xây đã có thể xây Kiến trúc truyền giáo, kiến trúc đặc biệt của Tây Ban Nha.[NEWLINE][NEWLINE]+2 [ICON_Faith] Đức Tin. +2 [ICON_Faith] Đức Tin nếu trên vùng đất khác lục địa có [ICON_Capital] Thủ Đô của bạn. +2 [ICON_Science] Khoa học nếu xây gần Khu tri thức.</Text>
		</Replace>
		<Replace Language="en_US" Tag="LOC_IMPROVEMENT_ROMAN_FORT_DESCRIPTION">
			<Text>Mở khóa Lính Lê Dương La Mã xể xây Pháo đài La Mã, kiến trúc đặc biệt của La Mã.[NEWLINE][NEWLINE]Đơn vị chiếm giữ nhận +4 [ICON_Strength] Phòng thủ, và tự động gán 2 lượt cho Cố Thủ.</Text>
		</Replace>
		<Replace Language="en_US" Tag="LOC_IMPROVEMENT_SPHINX_DESCRIPTION">
			<Text>Thợ xây đã có thể xây Tượng Nhân Sư, kiến trúc đặc biệt của Ai Cập.[NEWLINE][NEWLINE]+1 [ICON_Faith] Đức Tin và +1 [ICON_Culture] Văn minh. +1 Sức Hấp Dẫn. +2 [ICON_Faith] Đức Tin nếu gần kỳ quan. Chỉ có thể xây cạnh một Tượng Nhân Sư khác. Có thể xây trên Vùng lũ.</Text>
		</Replace>
		<Replace Language="en_US" Tag="LOC_IMPROVEMENT_STEPWELL_DESCRIPTION">
			<Text>Thợ xây đã có thể xây Giếng bậc thang, kiến trúc đặc biệt của Ấn Độ.[NEWLINE][NEWLINE]1 [ICON_Food] Thực phẩm và +1 [ICON_Housing] Nhà ở. +1 [ICON_Faith] Đức Tin nếu gần Thánh Địa. +1 [ICON_Food] Thực phẩm nếu gần Nông Trại. Không thể xây trên Đồi hoặc gần một Giếng bậc thang khác.</Text>
		</Replace>
		<Replace Language="en_US" Tag="LOC_IMPROVEMENT_ZIGGURAT_DESCRIPTION">
			<Text>Thợ xây đã có thể xây Đài chiêm tinh Ziggurat, kiến trúc đặc biệt của Sumeria.[NEWLINE][NEWLINE]+2 [ICON_Science] Khoa học. +1 [ICON_Culture] Văn minh nếu gần sông. Không thể xây trên đồi.</Text>
		</Replace>
		<!--Goody Huts -->
		<Replace Language="en_US" Tag="LOC_GOODYHUT_CULTURE_RELIC_DESCRIPTION">
			<Text>[COLOR_FLOAT_CULTURE]{1_Relic} Di tích đã được thưởng[ENDCOLOR]</Text>
		</Replace>
		<Replace Language="en_US" Tag="LOC_GOODYHUT_LARGE_GOLD_DESCRIPTION">
			<Text>[COLOR_FLOAT_GOLD]+{1_Num} [ICON_Gold][ENDCOLOR]</Text>
		</Replace>
		<Replace Language="en_US" Tag="LOC_GOODYHUT_MEDIUM_GOLD_DESCRIPTION">
			<Text>[COLOR_FLOAT_GOLD]+{1_Num} [ICON_Gold][ENDCOLOR]</Text>
		</Replace>
		<Replace Language="en_US" Tag="LOC_GOODYHUT_SMALL_GOLD_DESCRIPTION">
			<Text>[COLOR_FLOAT_GOLD]+{1_Num} [ICON_Gold][ENDCOLOR]</Text>
		</Replace>
		<Replace Language="en_US" Tag="LOC_GOODYHUT_LARGE_FAITH_DESCRIPTION">
			<Text>+{1_Num} [ICON_Faith]</Text>
		</Replace>
		<Replace Language="en_US" Tag="LOC_GOODYHUT_MEDIUM_FAITH_DESCRIPTION">
			<Text>+{1_Num} [ICON_Faith]</Text>
		</Replace>
		<Replace Language="en_US" Tag="LOC_GOODYHUT_SMALL_FAITH_DESCRIPTION">
			<Text>+{1_Num} [ICON_Faith]</Text>
		</Replace>
		<Replace Language="en_US" Tag="LOC_GOODYHUT_MILITARY_GRANT_UNIT_DESCRIPTION">
			<Text>[COLOR_FLOAT_MILITARY]Bạn đã nhận một đơn vị dò đường.[ENDCOLOR]</Text>
		</Replace>
		<Replace Language="en_US" Tag="LOC_GOODYHUT_MILITARY_GRANT_UPGRADE_DESCRIPTION">
			<Text>[COLOR_FLOAT_MILITARY]Đơn vị của bạn đã được nâng cấp.[ENDCOLOR]</Text>
		</Replace>
		<Replace Language="en_US" Tag="LOC_GOODYHUT_MILITARY_GRANT_EXPERIENCE_DESCRIPTION">
			<Text>[COLOR_FLOAT_MILITARY]Đơn vị của bạn đã kiếm được EXP.[ENDCOLOR]</Text>
		</Replace>
		<Replace Language="en_US" Tag="LOC_GOODYHUT_MILITARY_HEAL_DESCRIPTION">
			<Text>[COLOR_FLOAT_MILITARY]Đơn vị của bạn đã được hồi sức.[ENDCOLOR]</Text>
		</Replace>
		<Replace Language="en_US" Tag="LOC_GOODYHUT_SCIENCE_ONE_TECH_DESCRIPTION">
			<Text>[COLOR_FLOAT_SCIENCE]Một công nghệ miễn phí.[ENDCOLOR]</Text>
		</Replace>
		<Replace Language="en_US" Tag="LOC_GOODYHUT_SURVIVORS_ADD_POP_DESCRIPTION">
			<Text>+{1_Num} dân cư mới</Text>
		</Replace>
		<Replace Language="en_US" Tag="LOC_GOODYHUT_SURVIVORS_GRANT_UNIT_DESCRIPTION">
			<Text>Bạn đã nhận {1_Num}  {1_Num: plural 1?{2_Unit} đơn vị; other?{2_Unit} đơn vị;}.</Text>
		</Replace>
		<!--Barbarian Camps -->
		<Replace Language="en_US" Tag="LOC_BARB_CAMP_DISPERSAL_DESCRIPTION">
			<Text>[COLOR_FLOAT_GOLD]+{1_Num} [ICON_Gold][ENDCOLOR]</Text>
		</Replace>
		<Replace Language="en_US" Tag="LOC_BARB_CAMP_DISPERSAL_DESCRIPTION_FAITH">
			<Text>[COLOR_FLOAT_FAITH]+{1_Num} [ICON_Faith][ENDCOLOR]</Text>
		</Replace>
		<!--Nuclear -->
		<Replace Language="en_US" Tag="LOC_IMPROVEMENT_MISSILE_SILO_DESCRIPTION">
			<Text>Mở khóa Kỹ sư quân đội xây Silo Tên Lửa.[NEWLINE][NEWLINE]Được dùng để phóng thiết bị hạt nhân hoặc nhiệt hạch.</Text>
		</Replace>
	</LocalizedText>
</GameData>
