<?xml version="1.0" encoding="utf-8"?>
<GameData>
	<LocalizedText>
		<Replace Language="en_US" Tag="LOC_INDONESIA_KHMER_MOD_TITLE">
			<Text>DLC: Nền văn minh Khmer và Indonesia</Text>
		</Replace>
		<Replace Language="en_US" Tag="LOC_INDONESIA_KHMER_MOD_TEASER">
			<Text>Nền văn minh và lãnh đạo mới - Dyah Gitarja của Indonesia và Jayavarman VII của Khmer</Text>
		</Replace>
		<Replace Language="en_US" Tag="LOC_INDONESIA_KHMER_MOD_DESCRIPTION">
			<Text>Chứa 2 nền văn minh, 2 lãnh đạo, 1 kỳ quan thế giới, 1 kỳ quan thiên nhiên và 2 bản đồ mới.</Text>
		</Replace>
		<Replace Language="en_US" Tag="LOC_MOD_INDONESIA_KHMER_SCENARIO_TITLE">
			<Text>Kịch bản: Đường tới niết bàn</Text>
		</Replace>
		<Replace Language="en_US" Tag="LOC_MOD_INDONESIA_KHMER_SCENARIO_TEASER">
			<Text>Truyền bá tôn giáo lan rộng khắp Đông Á.</Text>
		</Replace>
		<Replace Language="en_US" Tag="LOC_MOD_INDONESIA_KHMER_SCENARIO_DESCRIPTION">
			<Text>Những vùng đất quanh Ấn Độ Dương phát triển với nhiều người theo nhiều tôn giáo. Thần linh đã chọn bạn để mang ánh sáng đến những vùng đất này. Đức tin của bạn sẽ trải qua thách thức? Bạn có thể thuyết giáo người dân Đông Nam Á theo tôn giáo của bạn không</Text>
		</Replace>
	</LocalizedText>
</GameData>
