<?xml version="1.0" encoding="utf-8"?>
<GameData>
	<LocalizedText>
		<Replace Language="en_US" Tag="LOC_MACEDONIA_PERSIA_MOD_TITLE">
			<Text>DLC: Nền văn minh Persia - Ba Tư và Macedon</Text>
		</Replace>
		<Replace Language="en_US" Tag="LOC_MACEDONIA_PERSIA_MOD_TEASER">
			<Text>Các nền văn minh mới và Người lãnh đạo - Alexander Đại Đế của Macedon và Cyrus của Persia</Text>
		</Replace>
		<Replace Language="en_US" Tag="LOC_MACEDONIA_PERSIA_MOD_DESCRIPTION">
			<Text>Chứa 2 nền văn minh mới, 2 lãnh đạo, và 2 kỳ quan thế giới mới.</Text>
		</Replace>
		<Replace Language="en_US" Tag="LOC_MOD_ALEXANDER_SCENARIO_TITLE">
			<Text>Kịch bản: Cuộc chinh phục của Alexander</Text>
		</Replace>
		<Replace Language="en_US" Tag="LOC_MOD_ALEXANDER_SCENARIO_TEASER">
			<Text>Bạn có thể chinh phục được một đế chế xứng đáng với Alexander Đại Đế? Không được vượt quá 60 Lượt.</Text>
		</Replace>
		<Replace Language="en_US" Tag="LOC_MOD_ALEXANDER_SCENARIO_DESCRIPTION">
			<Text>Trong kịch bản chơi đơn này, bạn phải chạy đua mở rộng đế chế để xứng đáng với danh hiệu "Alexander Đại Đế". Kịch bản này đề cao chiến đấu, mở rộng lãnh thổ và tính toán sử dụng Đại Tướng nào phục vụ cho bạn.[NEWLINE][NEWLINE]Để chiến thắng, chinh phục mọi thành phố trên bản đồ trong số lượt xác định theo từng độ khó:[NEWLINE][NEWLINE]Dân di cư: 60 lượt[NEWLINE]Trưởng nhóm hoặc Thủ lĩnh: 55 lượt[NEWLINE]Hoàng tử hoặc Vua: 50 lượt[NEWLINE]Hoàng đế hoặc Bất tử: 45 lượt[NEWLINE]Thần thánh: 37 lượt</Text>
		</Replace>
	</LocalizedText>
</GameData>