<?xml version="1.0" encoding="utf-8"?>
<GameData>
    <LocalizedText>
        <!-- Modifier Object Text - Used in GameCore -->
        <Replace Language="en_US" Tag="LOC_MODIFIER_OBJECT_BUILDING">
            <Text>Kiến trúc|Các Kiến trúc</Text>
        <Plurality>1|2</Plurality>
        </Replace>
        <Replace Language="en_US" Tag="LOC_MODIFIER_OBJECT_CITY">
            <Text>Thành phố|Các Thành phố</Text>
        <Plurality>1|2</Plurality>
        </Replace>
        <Replace Language="en_US" Tag="LOC_MODIFIER_OBJECT_DISTRICT">
            <Text>Đặc khu|Các Đặc khu</Text>
        <Plurality>1|2</Plurality>
        </Replace>
        <Replace Language="en_US" Tag="LOC_MODIFIER_OBJECT_GOVERNMENT">
            <Text>Chính phủ|Các Chính phủ</Text>
        <Plurality>1|2</Plurality>
        </Replace>
        <Replace Language="en_US" Tag="LOC_MODIFIER_OBJECT_PLAYER">
            <Text>Người chơi|Nhiều Người chơi</Text>
        <Plurality>1|2</Plurality>
        </Replace>
        <Replace Language="en_US" Tag="LOC_MODIFIER_OBJECT_PLAYER_CAPTURED_UNIT">
            <Text>Player Captured unit|Player Captured units</Text>
        <Plurality>1|2</Plurality>
        </Replace>
        <Replace Language="en_US" Tag="LOC_MODIFIER_OBJECT_POLICY">
            <Text>Chính sách|Các Chính sách</Text>
        <Plurality>1|2</Plurality>
        </Replace>
        <Replace Language="en_US" Tag="LOC_MODIFIER_OBJECT_TEAM">
            <Text>Đội|Các Đội</Text>
        <Plurality>1|2</Plurality>
        </Replace>
        <Replace Language="en_US" Tag="LOC_MODIFIER_OBJECT_TECHNOLOGY">
            <Text>Công nghệ|Những Công nghệ</Text>
        <Plurality>1|2</Plurality>
        </Replace>
        <Replace Language="en_US" Tag="LOC_MODIFIER_OBJECT_UNIT">
            <Text>Đơn vị|Các Đơn vị</Text>
        <Plurality>1|2</Plurality>
        </Replace>
        <Replace Language="en_US" Tag="LOC_MODIFIER_OBJECT_UNIT_PROMOTION">
            <Text>Huân chương đơn vị|Huân chương đơn vị</Text>
        <Plurality>1|2</Plurality>
        </Replace>
    </LocalizedText>
</GameData>