<?xml version="1.0" encoding="utf-8"?>
<!-- edited with XMLSPY v2004 rel. 2 U (http://www.xmlspy.com) by Ed Beach (Firaxis Games) -->
<GameData>
	<LocalizedText>
		<Replace Language="en_US" Tag="LOC_NUBIA_MOD_TITLE">
			<Text>DLC: Nền văn minh Nubia</Text>
		</Replace>
		<Replace Language="en_US" Tag="LOC_NUBIA_MOD_TEASER">
			<Text>Nền văn minh và lãnh đạo mới - Nữ hoàng Amanitore của Nubia</Text>
		</Replace>
		<Replace Language="en_US" Tag="LOC_NUBIA_MOD_DESCRIPTION">
			<Text>Chứa một nền văn minh, lãnh đạo và một kỳ quan thế giới mới.</Text>
		</Replace>
		<Replace Language="en_US" Tag="LOC_MOD_NUBIA_SCENARIO_TITLE">
			<Text>Kịch bản: Quà tặng của sông Nile</Text>
		</Replace>
		<Replace Language="en_US" Tag="LOC_MOD_NUBIA_SCENARIO_TEASER">
			<Text>Màn trình diễn của hai người chơi dọc theo sông Nile giữa Ai Cập và Nubia. Không vượt quá 125 lượt.</Text>
		</Replace>
		<Replace Language="en_US" Tag="LOC_MOD_NUBIA_SCENARIO_DESCRIPTION">
			<Text>Ai là người hoàn thành 7 đền thờ cho thần Amun trước khi hết 125 lượt</Text>
		</Replace>
	</LocalizedText>
</GameData>
