<?xml version="1.0" encoding="utf-8"?>
<GameData>
	<LocalizedText>
		<Replace Language="en_US" Tag="LOC_GAMESUMMARY_TITLE">
			<Text>Hall of Fame</Text>
		</Replace>
		<Replace Language="en_US" Tag="LOC_GAMESUMMARY_OVERVIEW">
			<Text>Tổng quat</Text>
		</Replace>
		<Replace Language="en_US" Tag="LOC_GAMESUMMARY_HISTORY">
			<Text>Lịch sử</Text>
		</Replace>
		<Replace Language="en_US" Tag="LOC_GAMESUMMARY_MAP">
			<Text>Bản đồ</Text>
		</Replace>
		<Replace Language="en_US" Tag="LOC_GAMESUMMARY_GRAPHS">
			<Text>Đồ thị</Text>
		</Replace>
		<Replace Language="en_US" Tag="LOC_GAMESUMMARY_REPORTS">
			<Text>Báo cáo</Text>
		</Replace>
		<Replace Language="en_US" Tag="LOC_GAMESUMMARY_VICTORY">
			<Text>CHIẾN THẮNG!</Text>
		</Replace>
		<Replace Language="en_US" Tag="LOC_GAMESUMMARY_DEFEAT">
			<Text>[COLOR_RED]THẤT BẠI[ENDCOLOR]</Text>
		</Replace>
		<Replace Language="en_US" Tag="LOC_GAMESUMMARY_YOU">
			<Text>Bạn</Text>
		</Replace>
		<Replace Language="en_US" Tag="LOC_GAMESUMMARY_NOBODY_WON">
			<Text>Không ai thắng</Text>
		</Replace>
		<Replace Language="en_US" Tag="LOC_GAMESUMMARY_TURNS">
			<Text>[ICON_TURN] {1_Turns} lượt</Text>
		</Replace>
		<Replace Language="en_US" Tag="LOC_GAMESUMMARY_ERA_STARTED">
			<Text>Bắt đầu vào {1_EraName}</Text>
		</Replace>
		<Replace Language="en_US" Tag="LOC_GAMESUMMARY_LAST_PLAYED">
			<Text>Lần chơi cuối {1_Time: datetime short}</Text>
		</Replace>
		<Replace Language="en_US" Tag="LOC_GAMESUMMARY_CONTEXT">
			<Text>{1_PlayerName}</Text>
		</Replace>
		<Replace Language="en_US" Tag="LOC_GAMESUMMARY_CONTEXT_GLOBAL">
			<Text>Nhìn chung</Text>
		</Replace>
		<Replace Language="en_US" Tag="LOC_GAMESUMMARY_CONTEXT_LOCAL">
			<Text>{1_PlayerName} (Bạn)</Text>
		</Replace>
		<Replace Language="en_US" Tag="LOC_GAMESUMMARY_CONTEXT_LOCAL_WINNER">
			<Text>{1_PlayerName} (Bạn - Người chiến thắng)</Text>
		</Replace>
		<Replace Language="en_US" Tag="LOC_GAMESUMMARY_CONTEXT_WINNER">
			<Text>{1_PlayerName} (Người chiến thắng)</Text>
		</Replace>
		<Replace Language="en_US" Tag="LOC_GAMESUMMARY_VICTORYPROGRESS_COUNT">
			<Text>Đạt được {1_Count} lần.</Text>
		</Replace>
		<Replace Language="en_US" Tag="LOC_GAMESUMMARY_VICTORYPROGRESS_LEADER">
			<Text>Gần đây nhất đạt được là {1_LeaderName}.</Text>
		</Replace>
		<Replace Language="en_US" Tag="LOC_GAMESUMMARY_LEADERPROGRESS_PLAYCOUNT">
			<Text>Đã chơi các trò chơi {1_Num}.</Text>
		</Replace>
		<Replace Language="en_US" Tag="LOC_GAMESUMMARY_LEADERPROGRESS_WINCOUNT">
			<Text>Đã thắng {1_NumVictories} trong số các trò chơi {2_NumPlayed}.</Text>
		</Replace>
		<Replace Language="en_US" Tag="LOC_GAMESUMMARY_LEADERPROGRESS_VICTORY">
			<Text>Gần đây nhất đã giành được {1_Victory}.</Text>
		</Replace>
		<Replace Language="en_US" Tag="LOC_GAMESUMMARY_UNKNOWN">
			<Text>không xác định</Text>
		</Replace>	
		<Replace Language="en_US" Tag="LOC_GAMESUMMARY_HIGHLIGHTS">
			<Text>Điểm nổi bật</Text>
		</Replace>
		<Replace Language="en_US" Tag="LOC_GAMESUMMARY_PLAYERS">
			<Text>Người chơi</Text>
		</Replace>
		<Replace Language="en_US" Tag="LOC_GAMESUMMARY_VICTORYPROGRESS">
			<Text>Tiến bộ chiến thắng</Text>
		</Replace>
		<Replace Language="en_US" Tag="LOC_GAMESUMMARY_LEADERPROGRESS">
			<Text>Lãnh đạo tiến bộ</Text>
		</Replace>	
		<Replace Language="en_US" Tag="LOC_GAMESUMMARY_HISTORY_SCORE">
			<Text>Điểm</Text>
		</Replace>
		<Replace Language="en_US" Tag="LOC_GAMESUMMARY_HISTORY_YOU">
			<Text>Bạn</Text>
		</Replace>
		<Replace Language="en_US" Tag="LOC_GAMESUMMARY_HISTORY_RESULTS">
			<Text>Các kết quả</Text>
		</Replace>
		<Replace Language="en_US" Tag="LOC_GAMESUMMARY_HISTORY_VICTORY">
			<Text>Chiến thắng</Text>
		</Replace>
		<Replace Language="en_US" Tag="LOC_GAMESUMMARY_HISTORY_SETTINGS">
			<Text>Cài đặt</Text>
		</Replace>
		<Replace Language="en_US" Tag="LOC_GAMESUMMARY_VIEWDETAILS">
			<Text>Chi tiết trò chơi</Text>
		</Replace>
		<Replace Language="en_US" Tag="LOC_GAMESUMMARY_DELETE_GAME">
			<Text>Xóa trò chơi</Text>
		</Replace>
		<Replace Language="en_US" Tag="LOC_GAMESUMMARY_DELETE_GAME_PROMPT">
			<Text>Bạn có chắc chắn muốn xóa trò chơi này?</Text>
		</Replace>
		<Replace Language="en_US" Tag="LOC_GAMESUMMARY_DELETE_GAME_TOOLTIP">
			<Text>Điều này sẽ xóa trò chơi khỏi Hall of Fame và sẽ điều chỉnh mọi thống kê liên quan và tiến trình lãnh đạo/chiến thắng.</Text>
		</Replace>
		<Replace Language="en_US" Tag="LOC_GAMESUMMARY_LOADCONFIGURATION">
			<Text>Tải cấu hình</Text>
		</Replace>
		<Replace Language="en_US" Tag="LOC_GAMESUMMARY_NOREPORTDATA">
			<Text>Không có dữ liệu báo cáo</Text>
		</Replace>
		<Replace Language="en_US" Tag="LOC_GAMESUMMARY_NOGRAPHDATA">
			<Text>Không có dữ liệu đồ thị</Text>
		</Replace>
		<Replace Language="en_US" Tag="LOC_GAMESUMMARY_CATEGORY_GENERAL">
			<Text>Chung</Text>
		</Replace>
		<Replace Language="en_US" Tag="LOC_GAMESUMMARY_CATEGORY_COMBAT">
			<Text>Chiến đấu</Text>
		</Replace>
		<Replace Language="en_US" Tag="LOC_GAMESUMMARY_CATEGORY_PROSPERITY">
			<Text>Sự phồn thịnh</Text>
		</Replace>
		<Replace Language="en_US" Tag="LOC_GAMESUMMARY_CATEGORY_DIPLOMACY">
			<Text>Ngoại giao</Text>
		</Replace>
		<Replace Language="en_US" Tag="LOC_GAMESUMMARY_CATEGORY_DISCOVERY">
			<Text>Khám phá</Text>
		</Replace>
		<Replace Language="en_US" Tag="LOC_GAMESUMMARY_CATEGORY_RELIGION">
			<Text>Tôn giáo</Text>
		</Replace>
		<Replace Language="en_US" Tag="LOC_GAMESUMMARY_CATEGORY_EXTRA">
			<Text>Thêm</Text>
		</Replace>
	</LocalizedText>
</GameData>
