<?xml version="1.0" encoding="utf-8"?>
<GameData>
	<LocalizedText>
		<Replace Language="en_US" Tag="LOC_ALEXANDER_SCENARIO_NAME">
			<Text>Cuộc chinh phục của Alexander</Text>
		</Replace>
		<Replace Language="en_US" Tag="LOC_ALEXANDER_SCENARIO_TOOLTIP">
			<Text>Bạn có thể chinh phục được một đế chế xứng đáng với Alexander Đại Đế? Không được vượt quá 60 Lượt.</Text>
		</Replace>
		<Replace Language="en_US" Tag="LOC_ALEXANDER_SCENARIO_DESCRIPTION">
			<Text>Trong kịch bản chơi đơn này, bạn phải chạy đua để mở rộng đế chế xứng đáng với danh hiệu "Alexander Đại Đế". Kịch bản này đề cao tính chiến đấu, mở rộng lãnh thổ và tính toán sử dụng Đại Tướng nào phục vụ cho bạn.[NEWLINE][NEWLINE]Để chiến thắng, chinh phục mọi thành phố trên bản đồ trong số lượt xác định theo từng độ khó:[NEWLINE][NEWLINE]Dân di cư: 60 lượt[NEWLINE]Trưởng nhóm hoặc Thủ lĩnh: 55 lượt[NEWLINE]Hoàng tử hoặc Vua: 50 lượt[NEWLINE]Hoàng đế hoặc Bất tử: 45 lượt[NEWLINE]Thần thánh: 37 lượt</Text>
		</Replace>
		<Replace Language="en_US" Tag="LOC_MOD_ALEXANDERSCENARIO_MAP_NAME">
			<Text>Thế giới của Alexander</Text>
		</Replace>
		<Replace Language="en_US" Tag="LOC_MOD_ALEXANDERSCENARIO_MAP_DESCRIPTION">
			<Text>Từ Hy Lạp đến Ai Cập đến Ấn Độ.</Text>
		</Replace>
		<Replace Language="en_US" Tag="LOC_MOD_ALEXANDER_SCENARIO_DARIUS_III_NAME">
			<Text>Darius III</Text>
		</Replace>
		<Replace Language="en_US" Tag="LOC_MOD_ALEXANDER_SCENARIO_MACEDON_TRAIT_NAME">
			<Text>Các thành phố được lấy tên</Text>
		</Replace>
		<Replace Language="en_US" Tag="LOC_MOD_ALEXANDER_SCENARIO_MACEDON_TRAIT_DESCRIPTION">
			<Text>Dân di cư nhận được +1 [ICON_Movement] Di chuyển. Tất cả các thành phố bắt đầu với 2 [ICON_Citizen] Dân cư và Kho thóc. Giảm thời gian bắt đầu [ICON_Production] Sản xuất cho các Khu quân sự có Doanh trại Basilikoi.</Text>
		</Replace>
		<Replace Language="en_US" Tag="LOC_MOD_ALEXANDER_SCENARIO_PERSIA_TRAIT_NAME">
			<Text>Đồng minh</Text>
		</Replace>
		<Replace Language="en_US" Tag="LOC_MOD_ALEXANDER_SCENARIO_PERSIA_TRAIT_DESCRIPTION">
			<Text>Bắt đầu trò chơi với bá chủ của Athens, Markanda, và Patala.</Text>
		</Replace>
		<Replace Language="en_US" Tag="LOC_MOD_ALEXANDER_SCENARIO_DARIUS_III_TRAIT_NAME">
			<Text>Dịch vụ bưu thiếp tiêu chuẩn</Text>
		</Replace>
		<Replace Language="en_US" Tag="LOC_MOD_ALEXANDER_SCENARIO_DARIUS_III_TRAIT_DESCRIPTION">
			<Text>Thợ xây có thể xây thêm một công trình.</Text>
		</Replace>
		<Replace Language="en_US" Tag="LOC_MOD_ALEXANDER_SCENARIO_UNIT_SETTLER_TRAIT_NAME">
			<Text>Đơn vị đặc biệt của Macedon: Dân di cư</Text>
		</Replace>
		<Replace Language="en_US" Tag="LOC_ALEXANDER_ENDGAME_RANKING_LEADER_QUOTE">
			<Text>"Tôi không ăn cắp chiến thắng." —Alexander Đại Đế</Text>
		</Replace>
		<Replace Language="en_US" Tag="LOC_ALEXANDER_ENDGAME_RANKING_LEADER_1_NAME">
			<Text>Alexander chứng minh là một Đại Đế</Text>
		</Replace>
		<Replace Language="en_US" Tag="LOC_ALEXANDER_ENDGAME_RANKING_LEADER_1_QUOTE">
			<Text>"Để mạnh mẽ nhất!"</Text>
		</Replace>
		<Replace Language="en_US" Tag="LOC_ALEXANDER_ENDGAME_RANKING_LEADER_2_NAME">
			<Text>Alexander rất tuyệt vời</Text>
		</Replace>
		<Replace Language="en_US" Tag="LOC_ALEXANDER_ENDGAME_RANKING_LEADER_2_QUOTE">
			<Text>"Không có điều gì là bất khả thi khi ông ta chịu cố gắng."</Text>
		</Replace>
		<Replace Language="en_US" Tag="LOC_ALEXANDER_ENDGAME_RANKING_LEADER_3_NAME">
			<Text>Alexander phù hợp phần nào</Text>
		</Replace>
		<Replace Language="en_US" Tag="LOC_ALEXANDER_ENDGAME_RANKING_LEADER_3_QUOTE">
			<Text>"Sự hiểu biết xuất sắc khiến tôi nổi trội hơn những người khác, hơn cả trong năng lực và quyền lực của tôi."</Text>
		</Replace>
		<Replace Language="en_US" Tag="LOC_ALEXANDER_ENDGAME_RANKING_LEADER_4_NAME">
			<Text>Alexander hạng xoàng</Text>
		</Replace>
		<Replace Language="en_US" Tag="LOC_ALEXANDER_ENDGAME_RANKING_LEADER_4_QUOTE">
			<Text>"Bạn không biết rằng kết thúc và đối tượng của sự chinh phục chính là để ngăn ngừa điều tương tự là bị chinh phục?"</Text>
		</Replace>
		<Replace Language="en_US" Tag="LOC_ALEXANDER_ENDGAME_RANKING_LEADER_5_NAME">
			<Text>Alexander quá tệ hại</Text>
		</Replace>
		<Replace Language="en_US" Tag="LOC_ALEXANDER_ENDGAME_RANKING_LEADER_5_QUOTE">
			<Text>"Bóng tối của cái chết, tôi không chê trách gì cho số phận ác nghiệt và cay đắng của bạn."</Text>
		</Replace>
	</LocalizedText>
</GameData>
