<?xml version="1.0" encoding="utf-8"?>
<GameData>
	<LocalizedText>
		<!--Persian Cities-->
		<Replace Language="en_US" Tag="LOC_CITY_NAME_SCENARIO_BABYLON">
			<Text>Babylon</Text>
		</Replace>
		<Replace Language="en_US" Tag="LOC_CITY_NAME_SCENARIO_GAZA">
			<Text>Gaza</Text>
		</Replace>
		<Replace Language="en_US" Tag="LOC_CITY_NAME_SCENARIO_TYRE">
			<Text>Tyre</Text>
		</Replace>
		<Replace Language="en_US" Tag="LOC_CITY_NAME_SCENARIO_ARBELA">
			<Text>Arbela</Text>
		</Replace>
		<Replace Language="en_US" Tag="LOC_CITY_NAME_SCENARIO_TUSA">
			<Text>Tusa</Text>
		</Replace>
		<!--City States-->
		<Replace Language="en_US" Tag="LOC_CITY_NAME_SCENARIO_PATALA">
			<Text>Patala</Text>
		</Replace>
		<Replace Language="en_US" Tag="LOC_CIVILIZATION_SCENARIO_MARAKANDA_NAME">
			<Text>Marakanda</Text>
		</Replace>
		<Replace Language="en_US" Tag="LOC_CIVILIZATION_SCENARIO_PATALA_NAME">
			<Text>Patala</Text>
		</Replace>
		<Replace Language="en_US" Tag="LOC_CIVILIZATION_SCENARIO_ATHENS_DESCRIPTION">
			<Text>Thành phố tự trị Athens</Text>
		</Replace>
		<Replace Language="en_US" Tag="LOC_CIVILIZATION_SCENARIO_MARAKANDA_DESCRIPTION">
			<Text>Thành phố tự trị Marakanda</Text>
		</Replace>
		<Replace Language="en_US" Tag="LOC_CIVILIZATION_SCENARIO_PATALA_DESCRIPTION">
			<Text>Thành phố tự trị Patala</Text>
		</Replace>
		<Replace Language="en_US" Tag="LOC_CIVILIZATION_SCENARIO_ATHENS_ADJECTIVE">
			<Text>Athenian</Text>
		</Replace>
		<Replace Language="en_US" Tag="LOC_CIVILIZATION_SCENARIO_MARAKANDA_ADJECTIVE">
			<Text>Marakanda</Text>
		</Replace>
		<Replace Language="en_US" Tag="LOC_CIVILIZATION_SCENARIO_PATALA_ADJECTIVE">
			<Text>Patala</Text>
		</Replace>
		<!--Great Person-->
		<Replace Language="en_US" Tag="LOC_GREAT_PERSON_INDIVIDUAL_SCENARIO_ALEXANDER_NAME">
			<Text>Alexander Đại Đế</Text>
		</Replace>
		<Replace Language="en_US" Tag="LOC_GREAT_PERSON_INDIVIDUAL_COENUS_NAME">
			<Text>Coenus</Text>
		</Replace>
		<Replace Language="en_US" Tag="LOC_GREAT_PERSON_INDIVIDUAL_SELEUCUS_NAME">
			<Text>Seleucus</Text>
		</Replace>
		<Replace Language="en_US" Tag="LOC_GREAT_PERSON_INDIVIDUAL_CRATERUS_NAME">
			<Text>Craterus</Text>
		</Replace>
		<Replace Language="en_US" Tag="LOC_GREAT_PERSON_INDIVIDUAL_MELEAGER_NAME">
			<Text>Meleager</Text>
		</Replace>
		<Replace Language="en_US" Tag="LOC_GREAT_PERSON_INDIVIDUAL_POLYPERCHON_NAME">
			<Text>Polyperchon</Text>
		</Replace>
		<Replace Language="en_US" Tag="LOC_GREAT_PERSON_INDIVIDUAL_ANTIGENES_NAME">
			<Text>Antigenes </Text>
		</Replace>
		<Replace Language="en_US" Tag="LOC_GREAT_PERSON_INDIVIDUAL_HEPHAESTION_NAME">
			<Text>Hephaestion</Text>
		</Replace>
		<Replace Language="en_US" Tag="LOC_GREAT_PERSON_INDIVIDUAL_CLEITUS_NAME">
			<Text>Cleitus the Black</Text>
		</Replace>
		<Replace Language="en_US" Tag="LOC_GREAT_PERSON_INDIVIDUAL_PERDICCAS_NAME">
			<Text>Perdiccas</Text>
		</Replace>
		<Replace Language="en_US" Tag="LOC_GREAT_PERSON_INDIVIDUAL_PHILOTAS_NAME">
			<Text>Philotas</Text>
		</Replace>
		<Replace Language="en_US" Tag="LOC_GREAT_PERSON_INDIVIDUAL_LEONNATUS_NAME">
			<Text>Leonnatus</Text>
		</Replace>
		<Replace Language="en_US" Tag="LOC_GREAT_PERSON_INDIVIDUAL_ERIGYIUS_NAME">
			<Text>Erigyius</Text>
		</Replace>
		<!--Great Person Area of Effect-->
		<Replace Language="en_US" Tag="LOC_GREATPERSON_SINGLE_COMBAT_STRENGTH_AOE_LAND_MODIFIER">
			<Text>+5 [ICON_Strength] Thưởng Chiến đấu từ Đại Tướng.</Text>
		</Replace>
		<Replace Language="en_US" Tag="LOC_GREATPERSON_SINGLE_COMBAT_STRENGTH_AOE_LAND">
			<Text>+5 [ICON_Strength] Thưởng Chiến đấu và +2 [ICON_Movement] Di chuyển cho tất cả đơn vị trong phạm vi 2 ô.</Text>
		</Replace>
		<Replace Language="en_US" Tag="LOC_GREATPERSON_SINGLE_MOVEMENT_AOE_LAND_MODIFIER">
			<Text>+1 [ICON_Movement] Di chuyển cho tất cả đơn vị.</Text>
		</Replace>
		<Replace Language="en_US" Tag="LOC_GREATPERSON_DOUBLE_COMBAT_STRENGTH_AOE_LAND_MODIFIER">
			<Text>+10 [ICON_Strength] Thưởng Chiến đấu từ Đại Tướng.</Text>
		</Replace>
		<Replace Language="en_US" Tag="LOC_GREATPERSON_DOUBLE_COMBAT_STRENGTH_AOE_LAND">
			<Text>+10 [ICON_Strength] Thưởng Chiến đấu và +1 [ICON_Movement] Di chuyển cho tất cả đơn vị trong phạm vi 2 ô.</Text>
		</Replace>
		<Replace Language="en_US" Tag="LOC_GREATPERSON_DOUBLE_MOVEMENT_AOE_LAND_MODIFIER">
			<Text>+2 [ICON_Movement] Di chuyển cho tất cả đơn vị.</Text>
		</Replace>
		<Replace Language="en_US" Tag="LOC_GREATPERSON_TRIPLE_COMBAT_STRENGTH_AOE_LAND_MODIFIER">
			<Text>+15 [ICON_Strength] Thưởng Chiến đấu từ Đại Tướng.</Text>
		</Replace>
		<Replace Language="en_US" Tag="LOC_GREATPERSON_TRIPLE_COMBAT_STRENGTH_AOE_LAND">
			<Text>+15 [ICON_Strength] Thưởng Chiến đấu và +3 [ICON_Movement] Di chuyển cho tất cả đơn vị trong phạm vi 2 ô.</Text>
		</Replace>
		<Replace Language="en_US" Tag="LOC_GREATPERSON_TRIPLE_MOVEMENT_AOE_LAND_MODIFIER">
			<Text>+3 [ICON_Movement] Di chuyển cho tất cả đơn vị.</Text>
		</Replace>
		<!--Route -->
		<Replace Language="en_US" Tag="LOC_ROUTE_SCENARIO_ANCIENT_ROAD_DESCRIPTION">
			<Text>Cải thiện tốc độ [ICON_Movement] Di chuyển của bất kỳ đơn vị nào di chuyển từ con đường sang con đường khác.</Text>
		</Replace>
		<Replace Language="en_US" Tag="LOC_ROUTE_SCENARIO_MEDIEVAL_ROAD_DESCRIPTION">
			<Text>Cải thiện tốc độ [ICON_Movement] Di chuyển của bất kỳ đơn vị nào di chuyển từ con đường sang con đường khác.</Text>
		</Replace>
		<!--Unit -->
		<Replace Language="en_US" Tag="LOC_UNIT_SCENARIO_GREEK_HOPLITE_DESCRIPTION">
			<Text>Đơn vị Hy Lạp thời xa xưa thay thế Lính giáo. Không bị giảm sức chiến đấu khi bị thương.</Text>
		</Replace>
		<!--Scoring -->
		<Replace Language="en_US" Tag="LOC_ALEXANDER_SCENARIO_WORLD_RANKING_1">
			<Text>Những luật chơi Kịch bản Đặc biệt::</Text>
		</Replace>
		<Replace Language="en_US" Tag="LOC_ALEXANDER_SCENARIO_WORLD_RANKING_2">
			<Text>Không có Cây Công Nghệ, Cây Hành Chính, các Chính sách, Ngoại giao, hoặc Tôn Giáo. Macedon gây chiến tranh với tất cả mọi người. Hòa bình là điều không thể và chiếm đóng thành phố là hình phạt cuối cùng trong toàn bộ kịch bản.</Text>
		</Replace>
		<Replace Language="en_US" Tag="LOC_ALEXANDER_SCENARIO_WORLD_RANKING_3">
			<Text>Nếu Đại Tướng Alexander bị giết thì kịch bản chơi sẽ kết thúc. Nếu bất kỳ Đại Tướng nào khác bị loại trừ họ sẽ bị loại bỏ khỏi trò chơi. Điểm [ICON_GreatGeneral] Đại Tướng chỉ có được khi giết các đơn vị bằng Lính Hypaspists và Kỵ binh Hetairoi.</Text>
		</Replace>
		<Replace Language="en_US" Tag="LOC_ALEXANDER_SCENARIO_WORLD_RANKING_4">
			<Text>Nhận miễn phí một đơn vị khi chiếm một thành phố có Cung Điện hoặc Kỳ Quan khi Alexander nằm trong một ô, như sau:</Text>
		</Replace>
		<Replace Language="en_US" Tag="LOC_ALEXANDER_SCENARIO_WORLD_RANKING_5">
			<Text>[NEWLINE][ICON_Bullet]Athens: 2 Lính xiên Greek[NEWLINE][ICON_Bullet]Babylon: 1 Bắn tên[NEWLINE][ICON_Bullet]Halicarnassus: 1 Thuyền buồm[NEWLINE][ICON_Bullet]Marakanda: 1 Tiễn mã Saka[NEWLINE][ICON_Bullet]Memphis: 1 Tiễn mã Ai Cập[NEWLINE][ICON_Bullet]Parsa: 2 Lính[NEWLINE][ICON_Bullet]Patala: 1 Voi Ấn Độ</Text>
		</Replace>
		<Replace Language="en_US" Tag="LOC_ALEXANDER_SCENARIO_WORLD_RANKING_6">
			<Text>Những thành phố còn lại để chinh phục: {1_Cities}</Text>
		</Replace>
		<Replace Language="en_US" Tag="LOC_ALEXANDER_SCENARIO_WORLD_RANKING_7">
			<Text>Độ Khó: {1_DifficultyName}</Text>
		</Replace>
		<Replace Language="en_US" Tag="LOC_ALEXANDER_SCENARIO_WORLD_RANKING_8">
			<Text>Điểm: {1_Score}. [5 Điểm cho mỗi thành phố.]</Text>
		</Replace>
		<Replace Language="en_US" Tag="LOC_ALEXANDER_SCENARIO_WORLD_RANKING_9">
			<Text>Thưởng điểm: {1_Bonus} Thưởng điểm nếu chiến thắng kịch bản sớm trong lượt này.</Text>
		</Replace>
		<Replace Language="en_US" Tag="LOC_BUILDING_ALEXANDER_SCENARIO_WALLS_DESCRIPTION">
			<Text>Cung cấp Tường bao quanh thành phố trung tâm và Khu quân sự. Tường cho phép [ICON_Ranged] Tấn công tầm xa từ thành phố trung tâm hoặc Khu quân sự, và phải bị đánh bại trước khi muốn tấn công thành phố. Không thể xây trong kịch bản này. Tường chỉ được đặt trước khi kịch bản bắt đầu.</Text>
		</Replace>
		<Replace Language="en_US" Tag="LOC_BUILDING_ALEXANDER_SCENARIO_WONDERS_DESCRIPTION">
			<Text>Không có ảnh hưởng trong kịch bản này ngoại trừ khả năng của Alexander.</Text>
		</Replace>
		<Replace Language="en_US" Tag="LOC_BUILDING_ALEXANDER_SCENARIO_BASILIKOI_PAIDES_DESCRIPTION">
			<Text>Kiến trúc đặc biệt của Macedon. +25% kinh nghiệm chiến đấu cho tất cả đơn vị cận chiến, đơn vị mặt đất tầm xa, và đơn vị Hetairoi được đào tạo trong thành phố này.</Text>
		</Replace>
		<Replace Language="en_US" Tag="LOC_BUILDING_ALEXANDER_SCENARIO_IMPROVEMENT_PAIRIDAEZA_DESCRIPTION">
			<Text>Mở khoá khả năng của Thợ Xây để xây dựng cung điện Pairidaeza, công trình đặc biệt của Ba Tư.[NEWLINE][NEWLINE]+1 [ICON_CULTURE] Văn minh và +2 [ICON_GOLD] Vàng. +2 Sức Hấp dẫn. +1 [ICON_CULTURE] Văn minh cho mỗi Thánh địa và Khu nghệ thuật liền kề. +1 [ICON_GOLD] Vàng cho mỗi Khu Thương mại và Thành phố Trung tâm liền kề.</Text>
		</Replace>
	</LocalizedText>
</GameData>
