<?xml version="1.0" encoding="UTF-8" standalone="yes"?>
<!-- edited with XMLSPY v2004 rel. 2 U (http://www.xmlspy.com) by Ed Beach (Firaxis Games) -->
<GameData>
	<LocalizedText>
		<!-- Civ Info-->
		<Replace Language="en_US" Tag="LOC_CIVILIZATION_MACEDON_NAME">
			<Text>Macedon</Text>
		</Replace>
		<Replace Language="en_US" Tag="LOC_TRAIT_LEADER_HELLENISTIC_FUSION_NAME">
			<Text>Hy Lạp hợp nhất</Text>
		</Replace>
		<Replace Language="en_US" Tag="LOC_TRAIT_LEADER_HELLENISTIC_FUSION_DESCRIPTION">
			<Text>Nhận được thúc đẩy khi chinh phục thành phố: một [ICON_TechBoosted] Eureka cho mỗi Khu quân sự hoặc Khu tri thức trong thành phố đã chinh phục và một [ICON_CivicBoosted] Cảm hứng cho mỗi Thánh địa hoặc Khu nghệ thuật.</Text>
		</Replace>
		<Replace Language="en_US" Tag="LOC_CIVILIZATION_PERSIA_NAME">
			<Text>Ba Tư</Text>
		</Replace>
		<Replace Language="en_US" Tag="LOC_TRAIT_CIVILIZATION_SATRAPIES_NAME">
			<Text>Thống đốc</Text>
		</Replace>
		<Replace Language="en_US" Tag="LOC_TRAIT_CIVILIZATION_SATRAPIES_DESCRIPTION">
			<Text>+1 [ICON_TradeRoute] Tuyến đường thương mại với chính sách Triết học chính trị. Nhận được +2 [ICON_Gold] Vàng và +1 [ICON_Culture] Văn hoá cho các tuyến đường giữa các thành phố của bạn. Những con đường được xây dựng trong lãnh thổ của bạn nhận được một cấp cao hơn bình thường.</Text>
		</Replace>
		<!-- Leader Info-->
		<Replace Language="en_US" Tag="LOC_LEADER_ALEXANDER_NAME">
			<Text>Alexander</Text>
		</Replace>
		<Replace Language="en_US" Tag="LOC_TRAIT_LEADER_TO_WORLDS_END_NAME">
			<Text>Kết thúc thế giới này</Text>
		</Replace>
		<Replace Language="en_US" Tag="LOC_TRAIT_LEADER_TO_WORLDS_END_DESCRIPTION">
			<Text>Các thành phố không phải chịu tình trạng mỏi mệt vì chiến tranh. Tất cả đơn vị quân đội được hồi phục hoàn toàn khi người chơi chiếm được thành phố có kỳ quan thế giới.</Text>
		</Replace>
		<Replace Language="en_US" Tag="LOC_LEADER_CYRUS_NAME">
			<Text>Cyrus Đại Đế</Text>
		</Replace>
		<Replace Language="en_US" Tag="LOC_TRAIT_LEADER_FALL_BABYLON_NAME">
			<Text>Babylon sụp đổ</Text>
		</Replace>
		<Replace Language="en_US" Tag="LOC_TRAIT_LEADER_FALL_BABYLON_DESCRIPTION">
			<Text>+2 [ICON_Movement] Di chuyển trong 10 lượt sau khi tuyên bố Chiến tranh Bất ngờ với một nền văn minh. Không bị phạt sản lượng ở những thành phố bị chiếm đóng. Tuyên bố Chiến tranh Bất ngờ được tính như là Cuộc Chiến Chính thức với ý định hiếu chiến và gây mệt mỏi vì chiến tranh.</Text>
		</Replace>
		<!-- Building Info-->
		<Replace Language="en_US" Tag="LOC_BUILDING_BASILIKOI_PAIDES_NAME">
			<Text>Doanh trại Basilikoi</Text>
		</Replace>
		<Replace Language="en_US" Tag="LOC_BUILDING_BASILIKOI_PAIDES_DESCRIPTION">
			<Text>Kiến trúc đặc biệt của Macedon. +25% kinh nghiệm chiến đấu cho tất cả đơn vị cận chiến, đơn vị mặt đất tầm xa, và đơn vị Hetairoi được đào tạo trong thành phố này. Đạt được [ICON_SCIENCE] Khoa học chia đều cho 25% chi phí của đơn vị khi một đơn vị không phải là người dân được tạo ra trong thành phố này.[NEWLINE][NEWLINE]Không được phép xây dựng trong Khu quân sự đã có Chuồng Ngựa.</Text>
		</Replace>
		<!-- Improvement Info-->
		<Replace Language="en_US" Tag="LOC_IMPROVEMENT_PAIRIDAEZA_NAME">
			<Text>Cung điện Pairidaeza</Text>
		</Replace>
		<Replace Language="en_US" Tag="LOC_IMPROVEMENT_PAIRIDAEZA_DESCRIPTION">
			<Text>Mở khoá khả năng của Thợ Xây để xây dựng cung điện Pairidaeza, công trình đặc biệt của Ba Tư.[NEWLINE][NEWLINE]+1 [ICON_CULTURE] Văn minh và +2 [ICON_GOLD] Vàng. +2 Sức Hấp dẫn. +1 [ICON_CULTURE] Văn minh cho mỗi Thánh địa và Khu nghệ thuật liền kề. +1 [ICON_GOLD] Vàng cho mỗi Khu Thương mại và Thành phố Trung tâm liền kề. Thêm [ICON_Culture] Văn minh và [ICON_Tourism] Du khách thông qua Cây Công nghệ và Cây Hành chính. Không thể xây dựng trên Tuyết, Đài nguyên, Đồi Tuyết, hoặc Đồi Đài nguyên hoặc gần kề với cung điện Pairidaeza khác.</Text>
		</Replace>
		<!-- Unit Info-->
		<Replace Language="en_US" Tag="LOC_UNIT_MACEDONIAN_HYPASPIST_NAME">
			<Text>Lính Hypaspist </Text>
		</Replace>
		<Replace Language="en_US" Tag="LOC_UNIT_MACEDONIAN_HETAIROI_NAME">
			<Text>Kỵ binh Hetairoi</Text>
		</Replace>
		<Replace Language="en_US" Tag="LOC_UNIT_PERSIAN_IMMORTAL_NAME">
			<Text>Lính Immortal</Text>
		</Replace>
		<Replace Language="en_US" Tag="LOC_UNIT_MACEDONIAN_HYPASPIST_DESCRIPTION">
			<Text>Đơn vị cận chiến đặc biệt của Macedonian thay thế cho Kiếm Sĩ. +5 [ICON_Strength] Sức chiến đấu khi bao vây các đặc khu. Thêm 50% thưởng Hỗ trợ.</Text>
		</Replace>
		<Replace Language="en_US" Tag="LOC_UNIT_MACEDONIAN_HETAIROI_DESCRIPTION">
			<Text>Đơn vị kỵ binh hạng nặng đặc biệt của Macedonia thay thế cho Lính ngựa. Cộng thêm +5 [ICON_Strength] Sức chiến đấu khi ở gần Đại Tướng. +5 điểm Đại tướng khi giết một đơn vị địch. Bắt đầu với 1 huân chương miễn phí.</Text>
		</Replace>
		<Replace Language="en_US" Tag="LOC_UNIT_PERSIAN_IMMORTAL_DESCRIPTION">
			<Text>Đơn vị cận chiến đặc biệt của Ba Tư thay thế cho Kiếm Sĩ. Đơn vị cận chiến với khả năng đánh xa, [ICON_Range] Tầm xa 2. Sức phòng thủ mạnh.</Text>
		</Replace>
		<Replace Language="en_US" Tag="LOC_ABILITY_HYPASPIST_SIEGE_BONUS_DESCRIPTION">
			<Text>+5 khi bao vây một đặc khu</Text>
		</Replace>
		<Replace Language="en_US" Tag="LOC_HETAIROI_GREAT_GENERAL_COMBAT_BONUS_DESCRIPTION">
			<Text>+5 Thưởng Chiến Đấu khi ở gần Đại Tướng.</Text>
		</Replace>
		<!-- Expansion 1 -->
		<Replace Language="en_US" Tag="LOC_TRAIT_LEADER_FALL_BABYLON_EXPANSION1_DESCRIPTION">
			<Text>+2 [ICON_Movement] Di chuyển cho 10 lượt đầu sau khi tuyên bố chiến tranh bất ngờ với một nền văn minh lớn. +5 Trung thành mỗi lượt trong các thành phố đã chiếm với một đơn vị đồn trú. Tuyên bố chiến tranh bất ngờ chỉ được tính như một Chiến tranh chính thức cho mục đích gây chiến và mệt mỏi chiến tranh.</Text>
		</Replace>
		<Replace Language="en_US" Tag="LOC_TRAIT_LEADER_HELLENISTIC_FUSION_EXPANSION1_DESCRIPTION">
			<Text>Khi chinh phục một thành phố không phải là Thành phố Tự do, sẽ nhận một [ICON_TechBoosted] Eureka cho mỗi Encampment hoặc Campus trong thành phố bị chinh phục và [ICON_CivicBoosted] Cảm hứng cho mỗi Thánh địa hoặc Quảng trường Nhà hát.</Text>
		</Replace>
		<Replace Language="en_US" Tag="LOC_ABILITY_HYPASPIST_DESCRIPTION">
			<Text>+5 [ICON_Strength] Sức mạnh chiến đấu khi bao vây quận.[NEWLINE][ICON_Bullet] +50% Tiền thưởng hỗ trợ.</Text>
		</Replace>
		<Replace Language="en_US" Tag="LOC_ABILITY_HETAIROI_DESCRIPTION">
			<Text>+5 [ICON_Strength] Sức mạnh chiến đấu khi tiếp giáp với một đại tướng.[NEWLINE][ICON_Bullet] +5 Điểm chung tuyệt vời khi tiêu diệt một đơn vị kẻ thù.</Text>
		</Replace>
		<Replace Language="en_US" Tag="LOC_ABILITY_BASILIKOI_TRAINED_UNIT_XP_DESCRIPTION">
			<Text>+25% kinh nghiệm chiến đấu từ Basilikoi Paides.</Text>
		</Replace>
		<!-- Expansion 2 -->
		<Replace Language="en_US" Tag="LOC_TRAIT_LEADER_FALL_BABYLON_EXPANSION2_DESCRIPTION">
			<Text>+2 [ICON_Movement] Phong trào trong 10 lượt đầu tiên sau khi tuyên bố Cuộc chiến bất ngờ đối với một nền văn minh lớn. +5 Mức độ trung thành mỗi lượt tại các thành phố bị chiếm đóng với đơn vị đồn trú. Tuyên bố một cuộc chiến bất ngờ chỉ được tính là một cuộc chiến chính thức cho các mục đích của [ICON_STAT_GRIEVANCE] Khiếu nại và hâm nóng.</Text>
		</Replace>
		<Replace Language="en_US" Tag="LOC_BUILDING_BASILIKOI_PAIDES_EXPANSION2_DESCRIPTION">
			<Text>Một tòa nhà độc đáo của georgon. +25% kinh nghiệm chiến đấu cho tất cả các đơn vị cận chiến, tầm xa và Hetairoi được đào tạo tại thành phố này. Kiếm được [ICON_SCIENCE] Khoa học bằng 25% chi phí của đơn vị khi một đơn vị phi dân sự được tạo ra ở thành phố này.[NEWLINE][NEWLINE]Kho dự trữ tài nguyên chiến lược tăng +10 (trên Tốc độ tiêu chuẩn). được xây dựng trong một quận Encampment đã có Ổn định.</Text>
		</Replace>
	</LocalizedText>
</GameData>
