<?xml version="1.0" encoding="utf-8"?>
<GameData>
	<LocalizedText>
		<!-- REPLACEMENTS -->
		<Delete Tag="LOC_PRODUCTION_ITEM_DECONTAMINATE"/>
		<Delete Tag="LOC_TOOLTIP_PLOT_CONTAMINATED_TEXT"/>
		<Delete Tag="LOC_GOVERNMENT_MONARCHY_NAME"/>
		<Delete Tag="LOC_GOVT_INHERENT_BONUS_MONARCHY"/>
		<Delete Tag="LOC_HUD_CITY_PURCHASE_TILE"/>
		<Delete Tag="LOC_NOTIFICATION_UNIT_LOST_TO_RADIATION_POISONING"/>
	</LocalizedText>
	<LocalizedText>
		<!-- REPLACEMENTS -->
		<Replace Language="en_US" Tag="LOC_PRODUCTION_ITEM_DECONTAMINATE">
			<Text>(Bệnh dịch hạch)</Text>
		</Replace>
		<Replace Language="en_US" Tag="LOC_TOOLTIP_PLOT_CONTAMINATED_TEXT">
			<Text>[COLOR:Civ6Red]BỆNH DỊCH HẠCH: {1_Turns} Lượt[ENDCOLOR]</Text>
		</Replace>
		<Replace Language="en_US" Tag="LOC_GOVERNMENT_MONARCHY_NAME">
			<Text>Chế độ quân chủ Công giáo</Text>
		</Replace>
		<Replace Language="en_US" Tag="LOC_GOVT_INHERENT_BONUS_MONARCHY">
			<Text>+3 [ICON_Faith] Niềm tin ở mọi thành phố. Phần thưởng [ICON_Faith] Niềm tin bằng 50% sức mạnh của mỗi đơn vị địch bị giết.</Text>
		</Replace>
		<Replace Language="en_US" Tag="LOC_HUD_CITY_PURCHASE_TILE">
			<Text>Các ô đã ép buộc</Text>
		</Replace>
		<!-- City Names -->
		<Replace Language="en_US" Tag="LOC_CITY_NAME_BREST">
			<Text>Brest</Text>
		</Replace>
		<Replace Language="en_US" Tag="LOC_CITY_NAME_ANGERS">
			<Text>Angers</Text>
		</Replace>
		<Replace Language="en_US" Tag="LOC_CITY_NAME_LANCASTER">
			<Text>Lancaster</Text>
		</Replace>
		<Replace Language="en_US" Tag="LOC_CITY_NAME_DUBLIN">
			<Text>Dublin</Text>
		</Replace>
		<Replace Language="en_US" Tag="LOC_CITY_NAME_MUNICH">
			<Text>Munich</Text>
		</Replace>
		<Replace Language="en_US" Tag="LOC_CITY_NAME_STRASBOURG">
			<Text>Strasbourg</Text>
		</Replace>
		<Replace Language="en_US" Tag="LOC_CITY_NAME_BRANDENBURG">
			<Text>Brandenburg</Text>
		</Replace>
		<Replace Language="en_US" Tag="LOC_CITY_NAME_LEON">
			<Text>León</Text>
		</Replace>
		<Replace Language="en_US" Tag="LOC_CITY_NAME_UTRECHT">
			<Text>Utrecht</Text>
		</Replace>
		<!-- Units -->
		<Replace Language="en_US" Tag="LOC_UNIT_SCHOLAR_NAME">
			<Text>Scholar</Text>
		</Replace>
		<Replace Language="en_US" Tag="LOC_UNIT_SCHOLAR_DESCRIPTION">
			<Text>Đơn vị dân sự có thể nghiên cứu các thành phố bị dịch hạch để đạt được [Icon_Science] Khoa học. Học bổng có thể được sử dụng 2 lần. Điều này có thể được tăng lên với chính sách của Studia Generalia.</Text>
		</Replace>
		<Replace Language="en_US" Tag="LOC_UNIT_PLAGUE_DOCTOR_NAME">
			<Text>Bác sĩ bệnh dịch hạch</Text>
		</Replace>
		<Replace Language="en_US" Tag="LOC_UNIT_PLAGUE_DOCTOR_DESCRIPTION">
			<Text>Đơn vị dân sự có thể rút ngắn thời gian của bệnh dịch hạch trên các ô bị bệnh dịch hạch và khôi phục lòng trung thành cho các thành phố. Bác sĩ bệnh dịch hạch có thể được sử dụng 2 lần. Điều này có thể được tăng lên với chính sách của Studia Generalia.</Text>
		</Replace>
		<Replace Language="en_US" Tag="LOC_UNIT_FLAGELLANT_NAME">
			<Text>Flagellant</Text>
		</Replace>
		<Replace Language="en_US" Tag="LOC_UNIT_FLAGELLANT_DESCRIPTION">
			<Text>Đơn vị dân sự có thể đạt được [Icon_Faith] Niềm tin, [Icon_Culture] Văn hóa và Lòng trung thành từ các thành phố bị dịch hạch.</Text>
		</Replace>
		<!-- Unit Commands -->
		<Replace Language="en_US" Tag="LOC_UNITCOMMAND_STUDY_NAME">
			<Text>Nghiên cứu bệnh dịch</Text>
		</Replace>
		<Replace Language="en_US" Tag="LOC_UNITCOMMAND_STUDY_DESCRIPTION">
			<Text>Đạt được {1_Num} [ICON_Science] Khoa học.</Text>
		</Replace>
		<Replace Language="en_US" Tag="LOC_UNITCOMMAND_STUDY_DISABLED_TT">
			<Text>[COLOR:Civ6Red]Phải được sử dụng trong một thành phố bị dịch hạch. Không thể được sử dụng trong một thành phố đã được Nghiên cứu trước đó.[ENDCOLOR]</Text>
		</Replace>
		<Replace Language="en_US" Tag="LOC_UNITCOMMAND_MINISTER_NAME">
			<Text>Bộ trưởng bệnh</Text>
		</Replace>
		<Replace Language="en_US" Tag="LOC_UNITCOMMAND_MINISTER_DESCRIPTION">
			<Text>Giảm thời gian của bệnh dịch trên ô này đi 50%.</Text>
		</Replace>
		<Replace Language="en_US" Tag="LOC_UNITCOMMAND_MINISTER_DISABLED_TT">
			<Text>[COLOR:Civ6Red]Phải được sử dụng trên ô bị dịch hạch.[ENDCOLOR]</Text>
		</Replace>
		<Replace Language="en_US" Tag="LOC_UNITCOMMAND_PACIFY_NAME">
			<Text>Thành phố Bình Định</Text>
		</Replace>
		<Replace Language="en_US" Tag="LOC_UNITCOMMAND_PACIFY_DESCRIPTION">
			<Text>Thêm {1_Num} mức độ trung thành vào thành phố.</Text>
		</Replace>
		<Replace Language="en_US" Tag="LOC_UNITCOMMAND_PACIFY_DISABLED_TT">
			<Text>[COLOR:Civ6Red]Phải được sử dụng trong một thành phố.[ENDCOLOR]</Text>
		</Replace>
		<Replace Language="en_US" Tag="LOC_UNITCOMMAND_PURGE_NAME">
			<Text>Tẩy tội</Text>
		</Replace>
		<Replace Language="en_US" Tag="LOC_UNITCOMMAND_PURGE_DESCRIPTION">
			<Text>Có được {1_Num} [ICON_Faith] Niềm tin và Văn hóa {2_Num} [ICON_Culture]. Thêm {3_Num} mức độ trung thành vào thành phố. Flagellant bị tiêu thụ bởi hành động này.</Text>
		</Replace>
		<Replace Language="en_US" Tag="LOC_UNITCOMMAND_PURGE_DISABLED_TT">
			<Text>[COLOR:Civ6Red]Phải được sử dụng trong một thành phố bị dịch hạch.[ENDCOLOR]</Text>
		</Replace>
		<Replace Language="en_US" Tag="LOC_UNITCOMMAND_HOLY_FERVOR_NAME">
			<Text>Nhiệt huyết thánh thiện</Text>
		</Replace>
		<Replace Language="en_US" Tag="LOC_UNITCOMMAND_HOLY_FERVOR_DESCRIPTION">
			<Text>Dành {1_Num} [ICON_Faith] Niềm tin để khôi phục điểm di chuyển và tấn công của đơn vị này. Chỉ có thể được sử dụng một lần mỗi lượt.</Text>
		</Replace>
		<Replace Language="en_US" Tag="LOC_UNITCOMMAND_HOLY_FERVOR_DISABLED_TT">
			<Text>[COLOR:Civ6Red]Chỉ có thể được sử dụng sau khi di chuyển hoặc thực hiện một hành động.[ENDCOLOR]</Text>
		</Replace>
		<!-- Unit Abilities -->
		<Replace Language="en_US" Tag="LOC_ABILITY_TEUTONIC_KNIGHT_NAME">
			<Text>Crusader Zeal</Text>
		</Replace>
		<Replace Language="en_US" Tag="LOC_ABILITY_TEUTONIC_KNIGHT_DESCRIPTION">
			<Text>+8 [ICON_Strength] Sức mạnh Chiến đấu trong lãnh thổ của đối phương.</Text>
		</Replace>
		<Replace Language="en_US" Tag="LOC_COMBAT_PREVIEW_SCENARIO_ABILITY_TEUTONIC_KNIGHT_STRENGTH_ENEMY_TERRITORY_DESCRIPTION">
			<Text>+{1_Amount} Sức mạnh Chiến đấu trong lãnh thổ của đối phương.</Text>
		</Replace>
		<!-- Districts -->
		<Replace Language="en_US" Tag="LOC_DISTRICT_WALLED_QUARTER_NAME">
			<Text>Khu phố có tường bao quanh</Text>
		</Replace>
		<Replace Language="en_US" Tag="LOC_DISTRICT_WALLED_QUARTER_DESCRIPTION">
			<Text>15% cơ hội để tránh tử vong do bệnh dịch hạch mỗi lượt.</Text>
		</Replace>
		<Replace Language="en_US" Tag="LOC_DISTRICT_THEATER_CULTURE">
			<Text>+{1_num} [ICON_Culture] Văn hóa từ khu Nhà hát lân cận.</Text>
		</Replace>
		<Replace Language="en_US" Tag="LOC_DISTRICT_COMMERCIAL_GOLD">
			<Text>+{1_num} [ICON_Gold] Vàng từ khu Trung tâm Thương mại liền kề.</Text>
		</Replace>
		<Replace Language="en_US" Tag="LOC_DISTRICT_HOLY_SITE_FAITH">
			<Text>+{1_num} [ICON_Faith] Niềm tin từ khu Thánh địa lân cận.</Text>
		</Replace>
		<Replace Language="en_US" Tag="LOC_DISTRICT_CAMPUS_SCIENCE">
			<Text>+{1_num} [ICON_Science] Khoa học từ khu Học xá liền kề.</Text>
		</Replace>
		<!-- Buildings -->
		<Replace Language="en_US" Tag="LOC_BUILDING_GUILDHALL_NAME">
			<Text>Guildhall</Text>
		</Replace>
		<Replace Language="en_US" Tag="LOC_BUILDING_MASS_GRAVE_NAME">
			<Text>Mộ tập thể</Text>
		</Replace>
		<Replace Language="en_US" Tag="LOC_BUILDING_MASS_GRAVE_DESCRIPTION">
			<Text>Giảm thời lượng bệnh dịch trong thành phố này đi 2 lượt (tối thiểu là 1).</Text>
		</Replace>
		<Replace Language="en_US" Tag="LOC_BUILDING_SCENARIO_SEWER_DESCRIPTION">
			<Text>20% cơ hội để tránh tử vong do bệnh dịch hạch mỗi lượt.</Text>
		</Replace>
		<Replace Language="en_US" Tag="LOC_BUILDING_PLAGUE_HOSPITAL_NAME">
			<Text>Bệnh viện dịch hạch</Text>
		</Replace>
		<Replace Language="en_US" Tag="LOC_BUILDING_PLAGUE_HOSPITAL_DESCRIPTION">
			<Text>+50% [ICON_Production] Sản xuất khi xây dựng Học giả và Bác sĩ bệnh dịch.</Text>
		</Replace>
		<Replace Language="en_US" Tag="LOC_BUILDING_KEEP_NAME">
			<Text>Giữ</Text>
		</Replace>
		<Replace Language="en_US" Tag="LOC_BUILDING_KEEP_DESCRIPTION">
			<Text>Giảm thời lượng bệnh dịch trong thành phố này 1 lượt (tối thiểu là 1).</Text>
		</Replace>
		<!-- Techs -->
		<Replace Language="en_US" Tag="LOC_TECH_SCENARIO_CIVIL_ENGINEERING_NAME">
			<Text>Công trình dân dụng</Text>
		</Replace>
		<Replace Language="en_US" Tag="LOC_TECH_SCENARIO_MEDICINE_NAME">
			<Text>Thuốc</Text>
		</Replace>
		<Replace Language="en_US" Tag="LOC_TECH_SCENARIO_INVENTION_NAME">
			<Text>Sự phát minh</Text>
		</Replace>
		<Replace Language="en_US" Tag="LOC_TECH_SCENARIO_INVENTION_DESCRIPTION">
			<Text>Chiến thắng trong kịch bản.</Text>
		</Replace>
		<!-- Civics -->
		<Replace Language="en_US" Tag="LOC_CIVIC_SCENARIO_FEUDALISM_DESCRIPTION">
			<Text>+1 [ICON_Food] Thực phẩm cải tiến từ trang trại.</Text>
		</Replace>
		<Replace Language="en_US" Tag="LOC_CIVIC_SCENARIO_WAGE_REFORM_NAME">
			<Text>Cải cách tiền lương</Text>
		</Replace>
		<Replace Language="en_US" Tag="LOC_CIVIC_SCENARIO_HIGHER_LEARNING_NAME">
			<Text>Cấp học cao hơn</Text>
		</Replace>
		<Replace Language="en_US" Tag="LOC_CIVIC_SCENARIO_LABOR_ECONOMY_NAME">
			<Text>Kinh tế lao động</Text>
		</Replace>
		<Replace Language="en_US" Tag="LOC_CIVIC_SCENARIO_URBANIZATION_NAME">
			<Text>Đô thị hóa</Text>
		</Replace>
		<Replace Language="en_US" Tag="LOC_CIVIC_SCENARIO_MIDDLE_CLASS_NAME">
			<Text>Tầng lớp trung lưu</Text>
		</Replace>
		<Replace Language="en_US" Tag="LOC_CIVIC_SCENARIO_MIDDLE_CLASS_DESCRIPTION">
			<Text>Chiến thắng trong kịch bản.</Text>
		</Replace>
		<!-- Policies -->
		<Replace Language="en_US" Tag="LOC_SCENARIO_POLICY_CHIVALRY_DESCRIPTION">
			<Text>+50% [ICON_Production] Sản xuất cho các đơn vị quân đội.</Text>
		</Replace>
		<Replace Language="en_US" Tag="LOC_SCENARIO_POLICY_SERFDOM_DESCRIPTION">
			<Text>Trang trại nhận được +1 [ICON_Food] Thức ăn.</Text>
		</Replace>
		<Replace Language="en_US" Tag="LOC_SCENARIO_POLICY_TOWN_CHARTERS_DESCRIPTION">
			<Text>+100% tiền thưởng gần kề khu trung tâm thương mại.</Text>
		</Replace>
		<Replace Language="en_US" Tag="LOC_SCENARIO_POLICY_MERITOCRACY_DESCRIPTION">
			<Text>+100% tiền thưởng cho khu học xá.</Text>
		</Replace>
		<Replace Language="en_US" Tag="LOC_POLICY_FEALTY_NAME">
			<Text>Phong kiến</Text>
		</Replace>
		<Replace Language="en_US" Tag="LOC_POLICY_FEALTY_DESCRIPTION">
			<Text>+50% [ICON_Production] Sản xuất cho các đơn vị dân dụng.</Text>
		</Replace>
		<Replace Language="en_US" Tag="LOC_POLICY_UNDERCLASS_NAME">
			<Text>Lớp dưới thành thị</Text>
		</Replace>
		<Replace Language="en_US" Tag="LOC_POLICY_UNDERCLASS_DESCRIPTION">
			<Text>+2 [ICON_Gold] Vàng và +2 [ICON_Faith] Niềm tin ở tất cả các thành phố.</Text>
		</Replace>
		<Replace Language="en_US" Tag="LOC_POLICY_STUDIA_GENERALIA_NAME">
			<Text>Studia Generalia</Text>
		</Replace>
		<Replace Language="en_US" Tag="LOC_POLICY_STUDIA_GENERALIA_DESCRIPTION">
			<Text>Học giả mới được đào tạo được thêm 2 khoản phí. Các Bác sĩ Dịch hạch mới được đào tạo được tính thêm 1 khoản phí.</Text>
		</Replace>
		<Replace Language="en_US" Tag="LOC_POLICY_COTTAGE_INDUSTRIES_NAME">
			<Text>Cottage Industries</Text>
		</Replace>
		<Replace Language="en_US" Tag="LOC_POLICY_COTTAGE_INDUSTRIES_DESCRIPTION">
			<Text>+3 [ICON_Gold] Vàng từ các tòa nhà Xưởng.</Text>
		</Replace>
		<Replace Language="en_US" Tag="LOC_POLICY_SKILLED_TRADES_NAME">
			<Text>Giao dịch lành nghề</Text>
		</Replace>
		<Replace Language="en_US" Tag="LOC_POLICY_SKILLED_TRADES_DESCRIPTION">
			<Text>+100% Thưởng liền kề khu công nghiệp.</Text>
		</Replace>
		<Replace Language="en_US" Tag="LOC_POLICY_PUBLIC_SERVANTS_NAME">
			<Text>Công chức</Text>
		</Replace>
		<Replace Language="en_US" Tag="LOC_POLICY_PUBLIC_SERVANTS_DESCRIPTION">
			<Text>Giảm giá 50% khi mua các tòa nhà và đơn vị dân dụng bằng [ICON_Gold] Vàng.</Text>
		</Replace>
		<Replace Language="en_US" Tag="LOC_POLICY_SPECIALIZATION_NAME">
			<Text>Chuyên môn hóa</Text>
		</Replace>
		<Replace Language="en_US" Tag="LOC_POLICY_SPECIALIZATION_DESCRIPTION">
			<Text>+4 [ICON_Production] Sản xuất từ các tòa nhà của Nhà máy.</Text>
		</Replace>
		<Replace Language="en_US" Tag="LOC_POLICY_COMMERCIAL_LEAGUE_NAME">
			<Text>Liên đoàn thương mại</Text>
		</Replace>
		<Replace Language="en_US" Tag="LOC_POLICY_COMMERCIAL_LEAGUE_DESCRIPTION">
			<Text>+4 [ICON_Gold] Vàng từ các tòa nhà Guildhall.</Text>
		</Replace>
		<Replace Language="en_US" Tag="LOC_POLICY_LABOR_MARKET_NAME">
			<Text>Thị trường lao động</Text>
		</Replace>
		<Replace Language="en_US" Tag="LOC_POLICY_LABOR_MARKET_DESCRIPTION">
			<Text>+1 [ICON_Housing] Nhà ở mỗi quận, +2 [ICON_Gold] Vàng ở tất cả các thành phố.</Text>
		</Replace>
		<Replace Language="en_US" Tag="LOC_POLICY_CIVIL_QUARANTINE_NAME">
			<Text>Kiểm dịch dân sự</Text>
		</Replace>
		<Replace Language="en_US" Tag="LOC_POLICY_CIVIL_QUARANTINE_DESCRIPTION">
			<Text>+2 [ICON_Science] Khoa học từ các khu Học xá. Các thành phố bị dịch hạch có cơ hội 10% để tránh mất [ICON_Citizen] Dân số mỗi lượt.</Text>
		</Replace>
		<Replace Language="en_US" Tag="LOC_POLICY_POGROM_NAME">
			<Text>Pogrom</Text>
		</Replace>
		<Replace Language="en_US" Tag="LOC_POLICY_POGROM_DESCRIPTION">
			<Text>+2 [ICON_Culture] Văn hóa, +4 [ICON_Gold] Vàng ở tất cả các thành phố.</Text>
		</Replace>
		<Replace Language="en_US" Tag="LOC_POLICY_PATRONAGE_NAME">
			<Text>Bảo trợ</Text>
		</Replace>
		<Replace Language="en_US" Tag="LOC_POLICY_PATRONAGE_DESCRIPTION">
			<Text>+100% tiền thưởng gần kề của quận Quảng trường Nhà hát.</Text>
		</Replace>
		<Replace Language="en_US" Tag="LOC_POLICY_NOBLESSE_OBLIGE_NAME">
			<Text>Noblesse Oblige</Text>
		</Replace>
		<Replace Language="en_US" Tag="LOC_POLICY_NOBLESSE_OBLIGE_DESCRIPTION">
			<Text>Duy trì đơn vị giảm 1 [ICON_Gold] Vàng mỗi lượt, mỗi đơn vị.</Text>
		</Replace>
		<!-- Misc -->
		<Replace Language="en_US" Tag="LOC_SCENARIO_GOVT_INHERENT_BONUS_MONARCHY">
			<Text>None.</Text>
		</Replace>
		<!-- ************************************************ -->
		<!-- UI -->
		<!-- ************************************************ -->
		<!-- HUD -->
		<Replace Language="en_US" Tag="LOC_SCENARIO_HUD_CHARGES">
			<Text>Các khoản phí</Text>
		</Replace>
		<Replace Language="en_US" Tag="LOC_FLYOVER_PLAGUE_POS">
			<Text>[COLOR:FoodDark]+{1_Num} Tai họa[ENDCOLOR]</Text>
		</Replace>
		<Replace Language="en_US" Tag="LOC_FLYOVER_PLAGUE">
			<Text>[COLOR:FoodDark]{1_Num} Tai họa[ENDCOLOR]</Text>
		</Replace>
		<Replace Language="en_US" Tag="LOC_FLYOVER_LOYALTY_POS">
			<Text>[COLOR:Happiness]+{1_Num} Lòng trung thành[ENDCOLOR]</Text>
		</Replace>
		<Replace Language="en_US" Tag="LOC_FLYOVER_LOYALTY">
			<Text>[COLOR:Happiness]{1_Num} Lòng trung thành[ENDCOLOR]</Text>
		</Replace>
		<Replace Language="en_US" Tag="LOC_FLYOVER_HOLY_FERVOR">
			<Text>[COLOR_FLOAT_FAITH] Nhiệt huyết thánh thiện![ENDCOLOR]</Text>
		</Replace>
		<Replace Language="en_US" Tag="LOC_GOVT_PAPAL_SLOT_NAME">
			<Text>Chính sách của Giáo hoàng</Text>
		</Replace>
		<Replace Language="en_US" Tag="LOC_GOVT_PAPAL_SLOT_DESC">
			<Text>Duy trì: {1_Num} [ICON_Faith] Niềm tin mỗi lượt</Text>
		</Replace>
		<Replace Language="en_US" Tag="LOC_GOVT_PAPAL_SLOT_FAITH_TT">
			<Text>{1_Num} từ Chính sách của Giáo hoàng</Text>
		</Replace>
		<Replace Language="en_US" Tag="LOC_PLOTINFO_COERCE_LABEL">
			<Text>Ép buộc ({1_Num} [ICON_Gold] Vàng)</Text>
		</Replace>
		<Replace Language="en_US" Tag="LOC_PLOTINFO_COERCE_TT">
			<Text>Cưỡng chế ô này trong {1_NumTurns} lượt. Các ô đã ép buộc có thể được làm việc, cải tiến hoặc xây dựng bình thường ngay cả khi bị bệnh dịch hạch.</Text>
		</Replace>
		<Replace Language="en_US" Tag="LOC_PLOTINFO_YOU_NEED_MORE_GOLD_TO_COERCE">
			<Text>Bạn cần thêm {1_num} [ICON_Gold] Vàng để ép ô này.</Text>
		</Replace>
		<Replace Language="en_US" Tag="LOC_PLOTINFO_COERCED_TURNS_LABEL">
			<Text>Bị ép buộc: {1_Num} Lượt</Text>
		</Replace>
		<Replace Language="en_US" Tag="LOC_HUD_PLAGUE_LENS">
			<Text>Tai họa</Text>
		</Replace>
		<Replace Language="en_US" Tag="LOC_HUD_PLAGUE_LENS_TT">
			<Text>Hiển thị các ô bị nhiễm bệnh Dịch hạch đen (ô màu xanh không bị nhiễm, ô màu đỏ đang ở mức cao nhất bị nhiễm).</Text>
		</Replace>
		<Replace Language="en_US" Tag="LOC_HUD_PLAGUE_LENS_KEY_MIN">
			<Text>Dịch hạch Hiện tại</Text>
		</Replace>
		<Replace Language="en_US" Tag="LOC_HUD_PLAGUE_LENS_KEY_MAX">
			<Text>Bệnh dịch hạch</Text>
		</Replace>
		<!-- Notifications -->
		<Replace Language="en_US" Tag="LOC_BLACKDEATH_NOTIFICATION_PLAGUE_RUMOR_MESSAGE">
			<Text>Tin đồn về bệnh dịch hạch</Text>
		</Replace>
		<Replace Language="en_US" Tag="LOC_BLACKDEATH_NOTIFICATION_PLAGUE_RUMOR_SUMMARY">
			<Text>Có tin đồn rằng Cái chết Đen có thể đang hiện diện ở thành phố {1_CityName}.</Text>
		</Replace>
		<Replace Language="en_US" Tag="LOC_BLACKDEATH_NOTIFICATION_PLAGUE_OUTBREAK_MESSAGE">
			<Text>Dịch hạch bùng phát!</Text>
		</Replace>
		<Replace Language="en_US" Tag="LOC_BLACKDEATH_NOTIFICATION_PLAGUE_OUTBREAK_SUMMARY">
			<Text>Cái chết đen đã đến thành phố {1_CityName} của chúng ta!</Text>
		</Replace>
		<Replace Language="en_US" Tag="LOC_BLACKDEATH_NOTIFICATION_FRANCE_PAPAL_SLOT_SUMMARY">
			<Text>Không có đủ [ICON_Faith] Niềm tin để duy trì việc sử dụng vị trí Chính sách Giáo hoàng của chúng tôi.</Text>
		</Replace>
		<Replace Language="en_US" Tag="LOC_BLACKDEATH_NOTIFICATION_FRANCE_PAPAL_SLOT_MESSAGE">
			<Text>Chính sách của Giáo hoàng đã bị loại bỏ!</Text>
		</Replace>
		<Replace Language="en_US" Tag="LOC_NOTIFICATION_UNIT_LOST_TO_RADIATION_POISONING">
			<Text>Bạn đã mất {1_UnitName} do bệnh dịch hạch.</Text>
		</Replace>
		<!-- Victory Conditions -->
		<Replace Language="en_US" Tag="LOC_WORLD_RANKINGS_BLACKDEATH_SCENARIO_RULES">
			<Text>Trong kịch bản này, bạn phải hướng dẫn nền văn minh Trung cổ của mình vượt qua Cái chết đen khét tiếng, giữ cho những nỗ lực văn hóa và khoa học của nó tồn tại khi dân số phải chịu cái chết và tuyệt vọng. Để giành chiến thắng, bạn phải mở khóa Công nghệ cuối cùng (Phát minh) hoặc Công viên cuối cùng (Trung cấp), gieo mầm cho sự Khai sáng sắp tới.[NEWLINE][NEWLINE]BỆNH DỊCH[NEWLINE][NEWLINE]Hơn 85 lượt Cái chết đen sẽ quét qua lục địa theo từng đợt. Nó bắt nguồn từ các thành phố cảng ở mọi quốc gia và lan rộng ra khắp cảnh quan. Nó có thể lây lan đến bất kỳ ô đất nào ngoại trừ Núi, và sẽ lan rộng dễ dàng hơn đến các thành phố, đường xá, Đảo có các quận Cảng và các cải thiện nông thôn. Khi bệnh dịch đến trong một ô, nó sẽ trở thành [COLOR: Red] Bệnh dịch hạch [ENDCOLOR] trong một số lượt. Khi hết lượt, ô sẽ phục hồi, nhưng khi bị dịch hạch, ô này sẽ chịu các tác động sau:[NEWLINE][NEWLINE][COLOR: Red] [ICON_BULLET] Công dân không thể làm việc được ô bị dịch, không thể cải thiện hoặc sửa chữa và không thể được sử dụng để xây dựng các quận hoặc thêm các tòa nhà nếu một quận đã tồn tại[NEWLINE][NEWLINE][ICON_BULLET] Nếu ô đó là trung tâm thành phố, có khả năng cao là một người dân sẽ chết mỗi lượt bệnh dịch vẫn còn. Có thể giảm cơ hội này bằng cách xây dựng một số tòa nhà nhất định hoặc sử dụng một số chính sách nhất định của chính phủ[NEWLINE][NEWLINE][ICON_BULLET] Các đơn vị kết thúc lượt chơi của họ trên ô có bệnh dịch phải chịu 20 sát thương [ENDCOLOR][NEWLINE][NEWLINE]Để chống lại quân Đen Tử thần, hãy tìm cách bảo toàn sức mạnh cho các thành phố của bạn để tiếp tục vượt qua thiên tai. Xây dựng các quận thiết yếu trong khi công dân của bạn có thể. Giữ [ICON_Gold] Vàng và [ICON_Faith] Niềm tin dự trữ cao để mua các tòa nhà và đơn vị khi các thành phố của bạn bị tê liệt. Thành lập các trung tâm khoa học và văn hóa sớm và bảo vệ chúng tốt nhất có thể. Khi có sẵn Bác sĩ Dịch hạch, hãy sử dụng chúng để bảo vệ các khu vực dễ bị tổn thương nhất của bạn hoặc củng cố Lòng trung thành của các thành phố đang dao động.[NEWLINE][NEWLINE]Khó khăn ảnh hưởng đến [ICON_GOLD] Vàng và [ICON_FAITH] Niềm tin. </Text>
		</Replace>
		<Replace Language="en_US" Tag="LOC_VICTORY_BLACKDEATH_REQUIRES_PLAYER_HAS_FINAL_CIVIC_PROGRESS">
			<Text>Giáo dục dân sự: {NumCompleted}/{NumTotal} ( ~{EstimatedTurns}[ICON_Turn])</Text>
		</Replace>
		<Replace Language="en_US" Tag="LOC_VICTORY_BLACKDEATH_REQUIRES_PLAYER_HAS_FINAL_TECH_PROGRESS">
			<Text>Công nghệ: {NumCompleted}/{NumTotal} ( ~{EstimatedTurns}[ICON_Turn])</Text>
		</Replace>
		<Replace Language="en_US" Tag="LOC_WORLD_RANKINGS_VICTORY_BLACKDEATH_SCENARIO">
			<Text>{1_CompletedCivics}/{2_TotalCivics} Giáo dục dân sự, {3_CompletedTechs}/{4_TotalTechs} Công nghệ</Text>
		</Replace>
		<!-- Tooltips -->
		<Replace Language="en_US" Tag="LOC_CITY_BANNER_PLAGUE_TT">
			<Text>Thành phố này đã bị ảnh hưởng bởi bệnh dịch. Nó sẽ mất đi sự Trung thành và [ICON_Citizen] Có khả năng mất dân số mỗi lượt bệnh dịch vẫn còn.</Text>
		</Replace>
		<Replace Language="en_US" Tag="LOC_DISTRICT_CULTURE_THEATER">
			<Text>+{1_num} [ICON_Culture] Văn hóa từ Nhà hát lân cận.</Text>
		</Replace>
		<Replace Language="en_US" Tag="LOC_DISTRICT_GOLD_COMMERCIAL_HUB">
			<Text>+{1_num} [ICON_Gold] Vàng từ Trung tâm thương mại liền kề.</Text>
		</Replace>
		<Replace Language="en_US" Tag="LOC_DISTRICT_FAITH_HOLY_SITE">
			<Text>+{1_num} [ICON_Faith] Đức tin từ Thánh địa lân cận.</Text>
		</Replace>
		<Replace Language="en_US" Tag="LOC_DISTRICT_SCIENCE_CAMPUS">
			<Text>+{1_num} [ICON_Science] Khoa học từ Cơ sở lân cận.</Text>
		</Replace>
		<!--Historic Rankings-->
		<Replace Language="en_US" Tag="LOC_BLACKDEATH_SCENARIO_ENDGAME_RANK_1_NAME">
			<Text>Không có vết mờ</Text>
		</Replace>
		<Replace Language="en_US" Tag="LOC_BLACKDEATH_SCENARIO_ENDGAME_RANK_1_QUOTE">
			<Text>Và nếu thầy tế lễ vào xem xét, và kìa, bệnh dịch chưa lan trong nhà, sau khi nhà bị vạ lây; thì thầy tế lễ phải tuyên bố nhà sạch sẽ, vì bệnh dịch đã được chữa lành.</Text>
		</Replace>
		<Replace Language="en_US" Tag="LOC_BLACKDEATH_SCENARIO_ENDGAME_RANK_2_NAME">
			<Text>Bác sĩ bệnh dịch hạch</Text>
		</Replace>
		<Replace Language="en_US" Tag="LOC_BLACKDEATH_SCENARIO_ENDGAME_RANK_2_QUOTE">
			<Text>Bởi vì, cũng như tất cả các môn nghệ thuật khác, những người thực hành chúng khác nhau nhiều về sự khéo léo và kiến thức, đối với Y học cũng vậy.</Text>
		</Replace>
		<Replace Language="en_US" Tag="LOC_BLACKDEATH_SCENARIO_ENDGAME_RANK_3_NAME">
			<Text>Bất động sản thứ ba</Text>
		</Replace>
		<Replace Language="en_US" Tag="LOC_BLACKDEATH_SCENARIO_ENDGAME_RANK_3_QUOTE">
			<Text>Baksteres and brewesteres,/And bochiers manye;/Wollen webbesters,/And weveres of lynnen,/Taillours and tynkers,/And tollers in markettes,/Masons and mynours,/And many othere craftes.</Text>
		</Replace>
		<Replace Language="en_US" Tag="LOC_BLACKDEATH_SCENARIO_ENDGAME_RANK_4_NAME">
			<Text>Triết gia</Text>
		</Replace>
		<Replace Language="en_US" Tag="LOC_BLACKDEATH_SCENARIO_ENDGAME_RANK_4_QUOTE">
			<Text>Mặc dù những điều vượt quá tầm hiểu biết của con người có thể không được con người tìm kiếm bằng lý trí của mình, tuy nhiên, một khi chúng được Đức Chúa Trời bày tỏ, chúng phải được chấp nhận bởi đức tin.</Text>
		</Replace>
		<Replace Language="en_US" Tag="LOC_BLACKDEATH_SCENARIO_ENDGAME_RANK_5_NAME">
			<Text>Hành khất</Text>
		</Replace>
		<Replace Language="en_US" Tag="LOC_BLACKDEATH_SCENARIO_ENDGAME_RANK_5_QUOTE">
			<Text>: I fond there frers,/Alle the foure orders,/Prechyng the people/For profit of hemselv</Text>
		</Replace>
		<Replace Language="en_US" Tag="LOC_BLACKDEATH_SCENARIO_ENDGAME_RANK_6_NAME">
			<Text>Ratcatcher</Text>
		</Replace>
		<Replace Language="en_US" Tag="LOC_BLACKDEATH_SCENARIO_ENDGAME_RANK_6_QUOTE">
			<Text>Tại sao một con chó, một con ngựa, một con chuột phải có sự sống, Và bạn không có hơi thở nào cả?</Text>
		</Replace>
		<Replace Language="en_US" Tag="LOC_BLACKDEATH_SCENARIO_ENDGAME_RANK_7_NAME">
			<Text>Đào mộ</Text>
		</Replace>
		<Replace Language="en_US" Tag="LOC_BLACKDEATH_SCENARIO_ENDGAME_RANK_7_QUOTE">
			<Text>...vào cái huyệt nào mà lần đầu tiên họ thấy là không có người trống, mà không gặp rắc rối với một dịch vụ quá dài hoặc quá trang trọng.</Text>
		</Replace>
		<Replace Language="en_US" Tag="LOC_BLACKDEATH_SCENARIO_ENDGAME_RANK_8_NAME">
			<Text>Flagellant</Text>
		</Replace>
		<Replace Language="en_US" Tag="LOC_BLACKDEATH_SCENARIO_ENDGAME_RANK_8_QUOTE">
			<Text>Pie Jesu Domine, Dona eis requiem.</Text>
		</Replace>
		<!-- Popup Events -->
		<Replace Language="en_US" Tag="LOC_POPUP_SCENARIO_GENERIC_WHICH_PATH">
			<Text>Bạn sẽ chọn con đường nào?</Text>
		</Replace>
		<!-- A New Plague Appears (Intro) -->
		<Replace Language="en_US" Tag="LOC_POPUP_SCENARIO_PLAGUE_APPEARS_TITLE">
			<Text>Một cơn ốm mới xuất hiện</Text>
		</Replace>
		<Replace Language="en_US" Tag="LOC_POPUP_SCENARIO_PLAGUE_APPEARS_DESCRIPTION">
			<Text>Tin đồn đã lan truyền rằng một căn bệnh chết người đã bùng phát ở các cảng nhộn nhịp của Địa Trung Hải. Nó có thể đang trên đường đến bờ biển của bạn trong các bãi giữ của các tàu buôn trên lưng các toa xe.</Text>
		</Replace>
		<Replace Language="en_US" Tag="LOC_POPUP_SCENARIO_PLAGUE_APPEARS_EFFECT">
			<Text>Quan sát các con đường và bến cảng của bạn để biết dấu hiệu bùng phát đầu tiên. Bạn sẽ cần phải di chuyển nhanh chóng để ngăn chặn sự lây lan.</Text>
		</Replace>
		<!-- Outbreak! -->
		<Replace Language="en_US" Tag="LOC_POPUP_SCENARIO_OUTBREAK_TITLE">
			<Text>Sự bùng phát!</Text>
		</Replace>
		<Replace Language="en_US" Tag="LOC_POPUP_SCENARIO_OUTBREAK_DESCRIPTION">
			<Text>Bệnh dịch đã đến ở [COLOR: Civ6Yellow] {1_CityName} [ENDCOLOR]! Không còn đơn thuần là lời đồn thổi, căn bệnh này giờ đã có trong chúng ta và người dân đang giảm dần nỗi kinh hoàng và hoang mang.</Text>
		</Replace>
		<Replace Language="en_US" Tag="LOC_POPUP_SCENARIO_OUTBREAK_EFFECT">
			<Text>Số người chết có thể không thể tránh khỏi, nhưng chúng ta vẫn phải giữ cho thành phố ổn định trong khi làm chậm sự lan rộng hơn nữa.</Text>
		</Replace>
		<Replace Language="en_US" Tag="LOC_POPUP_SCENARIO_OUTBREAK_REPEAT_DESCRIPTION">
			<Text>Bệnh dịch đã đến [COLOR:Civ6Yellow]{1_CityName}[ENDCOLOR]!</Text>
		</Replace>
		<Replace Language="en_US" Tag="LOC_POPUP_SCENARIO_OUTBREAK_REPEAT_EFFECT">
			<Text>Cũng như những đợt bùng phát trước đây, thành phố này sẽ bị tê liệt khi gạch ngói và các quận của nó không thể hoạt động được và dân số giảm. Hãy cảnh giác với nguy cơ chết đói và mất lòng trung thành.</Text>
		</Replace>
		<!-- The Nobility Flees -->
		<Replace Language="en_US" Tag="LOC_POPUP_SCENARIO_NOBILITY_FLEES_TITLE">
			<Text>Nhóm quý tộc</Text>
		</Replace>
		<Replace Language="en_US" Tag="LOC_POPUP_SCENARIO_NOBILITY_FLEES_DESCRIPTION">
			<Text>Các chủ đất giàu có đổ lỗi cho chướng khí - khói thối có rất nhiều trong các thành phố dày đặc - là nguyên nhân gây ra căn bệnh chết người. Họ đang chạy trốn đến các vùng đất ở quê hương của họ, dẫn theo thuộc hạ của họ và rời khỏi đường phố cho người nghèo và người vô gia cư.</Text>
		</Replace>
		<Replace Language="en_US" Tag="LOC_POPUP_SCENARIO_NOBILITY_FLEES_EFFECT">
			<Text>Ftai đang thúc đẩy một số dân cư đến các thành phố của bạn và những người khác tránh xa chúng. Chính sách mới cho phép bạn chọn những gì để hỗ trợ.</Text>
		</Replace>
		<!-- False Cures, Empty Promises -->
		<Replace Language="en_US" Tag="LOC_POPUP_SCENARIO_FALSE_CURES_TITLE">
			<Text>Chữa bệnh sai, lời hứa suông</Text>
		</Replace>
		<Replace Language="en_US" Tag="LOC_POPUP_SCENARIO_FALSE_CURES_DESCRIPTION">
			<Text>Nhiều người tuyên bố có sức mạnh hoặc kiến thức để ngăn chặn bệnh dịch. Nhưng dù lang băm, thầy tu, thầy thuốc hay vua chúa, bệnh dịch đều bất chấp tất cả. Mọi người đang quẫn trí và tuyệt vọng cho câu trả lời.</Text>
		</Replace>
		<Replace Language="en_US" Tag="LOC_POPUP_SCENARIO_FALSE_CURES_EFFECT">
			<Text>Chính sách mới cho phép bạn thực hiện các biện pháp quyết liệt hơn để xoa dịu tâm trí của công chúng.</Text>
		</Replace>
		<!-- We All Fall Down -->
		<Replace Language="en_US" Tag="LOC_POPUP_SCENARIO_ALL_FALL_DOWN_TITLE">
			<Text>Chúng ta đêu ngã xuống</Text>
		</Replace>
		<Replace Language="en_US" Tag="LOC_POPUP_SCENARIO_ALL_FALL_DOWN_DESCRIPTION">
			<Text>Bệnh dịch và mùa gặt kinh hoàng của nó bao phủ khắp đất. Mọi người của bạn đến đâu, cái chết đối đầu với họ. Phấn đấu có ích gì khi đánh giá cao và thấp, giàu và nghèo như nhau?</Text>
		</Replace>
		<Replace Language="en_US" Tag="LOC_POPUP_SCENARIO_ALL_FALL_DOWN_EFFECT">
			<Text>-30% [ICON_Food] Tăng trưởng, -3 [ICON_Production] Sản xuất, -3 [ICON_Gold] Vàng và -3 [ICON_Faith] Niềm tin ở tất cả các thành phố.</Text>
		</Replace>
		<!-- Sick in Body and Soul -->
		<Replace Language="en_US" Tag="LOC_POPUP_SCENARIO_SICK_IN_BODY_TITLE">
			<Text>Đau đớn về thể xác và tâm hồn</Text>
		</Replace>
		<Replace Language="en_US" Tag="LOC_POPUP_SCENARIO_SICK_IN_BODY_DESCRIPTION">
			<Text>Căn bệnh đang càn quét quốc gia, đảo lộn sự ổn định và truyền thống mà xã hội chúng ta đã dựa vào trong nhiều thập kỷ. Những người nắm quyền nêu gương về cách phản ứng với trật tự xã hội đang sụp đổ.</Text>
		</Replace>
		<Replace Language="en_US" Tag="LOC_POPUP_SCENARIO_SICK_IN_BODY_CHOICE_A">
			<Text>Thực hành Sự ăn năn</Text>
		</Replace>
		<Replace Language="en_US" Tag="LOC_POPUP_SCENARIO_SICK_IN_BODY_CHOICE_A_EFFECT">
			<Text>-2 [ICON_Production] Sản xuất, +3 [ICON_Faith] Niềm tin ở tất cả các thành phố</Text>
		</Replace>
		<Replace Language="en_US" Tag="LOC_POPUP_SCENARIO_SICK_IN_BODY_CHOICE_B">
			<Text>Embrace Debauchery</Text>
		</Replace>
		<Replace Language="en_US" Tag="LOC_POPUP_SCENARIO_SICK_IN_BODY_CHOICE_B_EFFECT">
			<Text>-20% [ICON_Food] Tăng trưởng, +3 [ICON_Gold] Vàng ở tất cả các thành phố</Text>
		</Replace>
		<!-- Physician, Heal Thyself -->
		<Replace Language="en_US" Tag="LOC_POPUP_SCENARIO_HEAL_THYSELF_TITLE">
			<Text>Bác sĩ, chữa lành bản thân</Text>
		</Replace>
		<Replace Language="en_US" Tag="LOC_POPUP_SCENARIO_HEAL_THYSELF_DESCRIPTION">
			<Text>Khi số người chết tăng lên, người dân tìm kiếm sự trợ giúp từ chính quyền mà họ tin tưởng. Nhiều người cầu xin rằng khoa học có chìa khóa và muốn thuê các bác sĩ đến khám cho những người đau khổ. Những người khác bị hướng tới sự cuồng tín và đòi chuộc tội để cầu xin Chúa ngăn chặn bệnh dịch.</Text>
		</Replace>
		<Replace Language="en_US" Tag="LOC_POPUP_SCENARIO_HEAL_THYSELF_CHOICE_A">
			<Text>Điều trị bệnh</Text>
		</Replace>
		<Replace Language="en_US" Tag="LOC_POPUP_SCENARIO_HEAL_THYSELF_CHOICE_B">
			<Text>Shame the Sinner</Text>
		</Replace>
		<!-- The End of the World -->
		<Replace Language="en_US" Tag="LOC_POPUP_SCENARIO_END_OF_THE_WORLD_TITLE">
			<Text>Ngày tận thế</Text>
		</Replace>
		<Replace Language="en_US" Tag="LOC_POPUP_SCENARIO_END_OF_THE_WORLD_DESCRIPTION">
			<Text>Số người chết tăng lên ngoài sức tưởng tượng. Niềm tin vào nhà thờ cũng như nhà nước đang sụp đổ khi sự tuyệt vọng ập đến. Xã hội không thể tiếp tục như nó đã có - một sự đổ vỡ phải đến.</Text>
		</Replace>
		<Replace Language="en_US" Tag="LOC_POPUP_SCENARIO_END_OF_THE_WORLD_CHOICE_A">
			<Text>Đầu phục Chúa</Text>
		</Replace>
		<Replace Language="en_US" Tag="LOC_POPUP_SCENARIO_END_OF_THE_WORLD_CHOICE_A_EFFECT">
			<Text>-3 cho tất cả lợi suất ngoại trừ [ICON_Faith] Niềm tin ở tất cả các thành phố</Text>
		</Replace>
		<Replace Language="en_US" Tag="LOC_POPUP_SCENARIO_END_OF_THE_WORLD_CHOICE_B">
			<Text>Từ bỏ Chúa</Text>
		</Replace>
		<Replace Language="en_US" Tag="LOC_POPUP_SCENARIO_END_OF_THE_WORLD_CHOICE_B_EFFECT">
			<Text>-10 [ICON_Faith] Niềm tin ở tất cả các thành phố</Text>
		</Replace>
		<!-- Is This God's Judgement? -->
		<Replace Language="en_US" Tag="LOC_POPUP_SCENARIO_GODS_JUDGEMENT_TITLE">
			<Text>Đây có phải là sự phán xét của Đức Chúa Trời?</Text>
		</Replace>
		<Replace Language="en_US" Tag="LOC_POPUP_SCENARIO_GODS_JUDGEMENT_DESCRIPTION">
			<Text>Người chết lấp đầy các thành phố và tràn ngập các nghĩa địa. Ngay cả những người bảo thủ nhất cũng chứng kiến sự tàn phá và tự hỏi liệu sự gian ác của thế giới cuối cùng có bị đền tội hay không.</Text>
		</Replace>
		<Replace Language="en_US" Tag="LOC_POPUP_SCENARIO_GODS_JUDGEMENT_CHOICE_A">
			<Text>Tinh thần của chúng tôi cạn kiệt</Text>
		</Replace>
		<Replace Language="en_US" Tag="LOC_POPUP_SCENARIO_GODS_JUDGEMENT_CHOICE_A_EFFECT">
			<Text>-1 [ICON_Culture] Văn hóa, -1 [ICON_Faith] Niềm tin ở tất cả các thành phố</Text>
		</Replace>
		<Replace Language="en_US" Tag="LOC_POPUP_SCENARIO_GODS_JUDGEMENT_CHOICE_B">
			<Text>Nỗ lực của chúng tôi là vô ích</Text>
		</Replace>
		<Replace Language="en_US" Tag="LOC_POPUP_SCENARIO_GODS_JUDGEMENT_CHOICE_B_EFFECT">
			<Text>-1 [ICON_Science] Khoa học, -10% [ICON_Food] Tăng trưởng ở tất cả các thành phố</Text>
		</Replace>
		<!-- ************************************************ -->
		<!-- CIVILOPEDIA -->
		<!-- ************************************************ -->
		<!--Units-->
		<Replace Language="en_US" Tag="LOC_PEDIA_UNITS_PAGE_UNIT_SCHOLAR_CHAPTER_HISTORY_PARA_1">
			<Text>Trước Cái chết đen, đã có sự phát triển rực rỡ của học tập và giáo dục ở châu Âu, và sự nổi lên của trường đại học đồng nghĩa với việc một lớp chuyên gia được đào tạo mới chuyên tâm vào nghiên cứu. Một số học giả tập trung vào các vấn đề thực tiễn như luật, nhưng một nhóm ngày càng tăng đã chuyển sang các câu hỏi về bản chất của tri thức và triết học tự nhiên, mở đường cho thời kỳ đầu của thời kỳ Phục hưng.</Text>
		</Replace>
		<Replace Language="en_US" Tag="LOC_PEDIA_UNITS_PAGE_UNIT_PLAGUE_DOCTOR_CHAPTER_HISTORY_PARA_1">
			<Text>Một trong những nhân vật nổi bật nhất của Cái chết đen là bác sĩ bệnh dịch hạch, với chiếc mặt nạ hình chiếc mỏ đáng sợ, áo choàng dài và quyền trượng. Phần đầu của mặt nạ mỏ sẽ chứa một gói thảo mộc thơm (mùi ngọt được cho là có tác dụng đẩy lùi bệnh dịch hạch). Một bác sĩ bệnh dịch hạch sẽ được gọi đến khi một bệnh nhân (hoặc xác chết) bị nghi ngờ mắc bệnh dịch hạch. Anh ta sẽ sử dụng gậy hoặc nhân viên của mình để khám xét bệnh nhân mà không cần chạm vào họ để xác nhận trường hợp hoặc xóa bệnh nhân.</Text>
		</Replace>
		<Replace Language="en_US" Tag="LOC_PEDIA_UNITS_PAGE_UNIT_FLAGELLANT_CHAPTER_HISTORY_PARA_1">
			<Text>Trong thế giới tôn giáo vào cuối thời Trung Cổ, bệnh dịch được cho là một hình phạt thần thánh cho tội lỗi của nhân loại. Một số nhóm người thực hiện các hành động sám hối công khai cực độ thay mặt cho một nhân loại tội lỗi, xử lý trên khắp đất và đánh đòn — hoặc “đánh roi” — chính họ, từ đó thực tiễn bắt nguồn từ cái tên này. Lúc đầu, những cuộc triển lãm này có sự đồng ý (ít nhất là ngầm) của chính quyền nhà thờ, nhưng khi việc làm này trở nên cực đoan, chính quyền giáo hội đã lên án nó. Điều này đã không chấm dứt việc thực hành trùng roi, cũng như các đám rước của những con trùng roi.</Text>
		</Replace>
		<Replace Language="en_US" Tag="LOC_PEDIA_UNITS_PAGE_UNIT_TEUTONIC_KNIGHT_CHAPTER_HISTORY_PARA_1">
			<Text>Một trong những dòng tu hiệp sĩ ở Châu Âu, các Hiệp sĩ Teutonic đã tiến hành cuộc Thập tự chinh phương Bắc chống lại các bộ lạc ngoại giáo ở vùng Baltic. Họ được đặc biệt chú ý vì tính hiếu chiến, không kiên định, giàu có và lối sống khắc khổ của họ, thậm chí theo tiêu chuẩn của lệnh thập tự chinh.</Text>
		</Replace>
		<!--Districts-->
		<Replace Language="en_US" Tag="LOC_PEDIA_DISTRICTS_PAGE_DISTRICT_WALLED_QUARTER_CHAPTER_HISTORY_PARA_1">
			<Text>Không có hiểu biết đúng đắn về dịch tễ học của bệnh dịch, cư dân các thành phố vẫn phát hiện ra một hệ thống chứa Cái chết Đen: Bắn chết các nạn nhân trong một khu cách ly vĩnh viễn. Biện pháp hà khắc này đã khiến các nạn nhân sống trong tường phải chịu một số phận khủng khiếp nhưng đôi khi có thể kiểm tra tiến trình của bệnh dịch. Đó là một ví dụ điển hình về sự đau khổ khủng khiếp trong Cái chết đen mà một số người khỏe mạnh sẵn sàng chấp nhận cách ly hơn là chứng kiến dịch bệnh lây lan.</Text>
		</Replace>
		<!--Buildings-->
		<Replace Language="en_US" Tag="LOC_PEDIA_BUILDINGS_PAGE_BUILDING_GUILDHALL_CHAPTER_HISTORY_PARA_1">
			<Text>Hội quán là một tòa nhà bán công khai thuộc sở hữu của một hội quán để tạo không gian hội họp cho các thành viên cũng như thể hiện sự giàu có và quyền lực của họ. Chúng thường được trang trí lộng lẫy như một biểu hiện mạnh mẽ của niềm tự hào về thương mại và công dân.</Text>
		</Replace>
		<Replace Language="en_US" Tag="LOC_PEDIA_BUILDINGS_PAGE_BUILDING_MASS_GRAVE_CHAPTER_HISTORY_PARA_1">
			<Text>Khi lệ phí tử vong tăng cao trong Cái chết Đen, các đám tang riêng lẻ là không thực tế, và xác chết được chôn với số lượng lớn với bất kỳ sự khiêm tốn nào có thể cung cấp cho người chết. Đôi khi các thi thể bị phân hủy một phần sẽ được khai quật và cải táng cùng nhau để tiết kiệm không gian. Trong những trường hợp khác, nghĩa trang bị tắc nghẽn đến mức người chết được chôn trên mặt đất. Không phải tất cả các ngôi mộ tập thể đều được đánh dấu, và chúng vẫn tiếp tục được phát hiện trong thời đại hiện nay.</Text>
		</Replace>
		<Replace Language="en_US" Tag="LOC_PEDIA_BUILDINGS_PAGE_BUILDING_PLAGUE_HOSPITAL_CHAPTER_HISTORY_PARA_1">
			<Text>Các thành phố đã cố gắng đối xử tốt nhất với các nạn nhân của bệnh dịch hạch, hoặc ít nhất là cố gắng giảm thiểu sự đau khổ của họ. Các bệnh viện dịch hạch có thể đã cung cấp dịch vụ chăm sóc đáng ngờ ở mức tốt nhất, nhưng ít nhất họ đã cung cấp một biện pháp hy vọng cho bệnh nhân của họ rằng có người chăm sóc họ.</Text>
		</Replace>
		<Replace Language="en_US" Tag="LOC_PEDIA_BUILDINGS_PAGE_BUILDING_KEEP_CHAPTER_HISTORY_PARA_1">
			<Text>Phần trung tâm của lâu đài hoặc pháo đài, được sử dụng như một chốt giữ và tuyến phòng thủ cuối cùng nếu các bức tường bên ngoài bị phá vỡ. Các đồn thường có rất ít và rất hẹp lối vào, do đó một số ít quân phòng thủ vẫn có thể ngăn chặn những kẻ xâm lược. </Text>
		</Replace>
		<!--Techs-->
		<Replace Language="en_US" Tag="LOC_PEDIA_TECHNOLOGIES_PAGE_TECH_CIVIL_ENGINEERING_CHAPTER_HISTORY_PARA_1">
			<Text>Một số yếu tố ảnh hưởng đến những cải tiến trong kỹ thuật dân dụng trong thời kỳ Trung cổ bao gồm tầm quan trọng của việc xây dựng các lâu đài vững chắc, tầm quan trọng của việc bao vây các lâu đài này và nhu cầu xây dựng các thành phố có khả năng chứa được dân số lớn mà không phải đổ rác vào chính chúng.</Text>
		</Replace>
		<Replace Language="en_US" Tag="LOC_PEDIA_TECHNOLOGIES_PAGE_TECH_INVENTION_CHAPTER_HISTORY_PARA_1">
			<Text>Các nghệ nhân và nghệ sĩ lành nghề bắt đầu khám phá lại các hệ thống và công nghệ được biết đến trong thế giới cổ điển. Với rất nhiều người chết trong Dịch hạch đen, máy móc tiết kiệm sức lao động trở nên quan trọng hơn.</Text>
		</Replace>
		<Replace Language="en_US" Tag="LOC_PEDIA_TECHNOLOGIES_PAGE_TECH_MEDICINE_CHAPTER_HISTORY_PARA_1">
			<Text>Y học là một nghệ thuật thực tế để cân bằng các chất ẩm trong cơ thể - máu, đờm, mật đen và mật vàng - như đã được trình bày trong Hippocrates. Nó có thể bao gồm nghiên cứu về chiêm tinh học (vì các thiên thể ảnh hưởng đến những con người này) và bốn nguyên tố chính: Lửa, đất, không khí và nước. Đây là một khóa học phù hợp cho những người không có khả năng hiểu biết đầy đủ về các lĩnh vực cao siêu như logic và thần học.</Text>
		</Replace>
		<!--Civics-->
		<Replace Language="en_US" Tag="LOC_PEDIA_CIVICS_PAGE_CIVIC_WAGE_REFORM_CHAPTER_HISTORY_PARA_1">
			<Text>Sự thiếu hụt lao động sau Cái chết Đen đã dẫn đến sự suy giảm trong các hệ thống chế độ nông nô truyền thống ở châu Âu. Giờ đây, những người lao động nông nghiệp và các công nhân khác có thể mong đợi được trả lương cho công việc của họ thay vì bị họ ép buộc.</Text>
		</Replace>
		<Replace Language="en_US" Tag="LOC_PEDIA_CIVICS_PAGE_CIVIC_HIGHER_LEARNING_CHAPTER_HISTORY_PARA_1">
			<Text>Việc tái khám phá các văn bản Luật La Mã vào thời Trung cổ đã dẫn đến sự phát triển của hệ thống Đại học ở các thành phố như Bologna và Paris. Giáo dục được tiếp cận rộng rãi bên ngoài nhà thờ và đặt nền móng cho thời kỳ Phục hưng.</Text>
		</Replace>
		<Replace Language="en_US" Tag="LOC_PEDIA_CIVICS_PAGE_CIVIC_LABOR_ECONOMY_CHAPTER_HISTORY_PARA_1">
			<Text>Sự thiếu hụt công nhân sau cái chết của bệnh Dịch hạch đen đã nâng cao giá trị của sức lao động. Quý tộc không còn có thể chỉ đơn giản là đánh bại nông dân để làm việc trên đất, vì những người nhập cư đó chỉ đơn giản là đi phục vụ một lãnh chúa mới, người sẽ trả tiền cho họ bằng tiền xu.</Text>
		</Replace>
		<Replace Language="en_US" Tag="LOC_PEDIA_CIVICS_PAGE_CIVIC_MIDDLE_CLASS_CHAPTER_HISTORY_PARA_1">
			<Text>Sự nổi lên của các thành phố ở châu Âu có nghĩa là sự trỗi dậy của một tầng lớp mới bên ngoài mô hình quý tộc-giáo hội-nông dân truyền thống của thế giới phong kiến. Hầu hết các nhà cai trị coi chúng như một cơ sở thuế hữu ích để tài trợ cho các cuộc chiến tranh.</Text>
		</Replace>
		<!--Policies-->
		<Replace Language="en_US" Tag="LOC_PEDIA_GOVERNMENTS_PAGE_POLICY_FEALTY_CHAPTER_HISTORY_PARA_1">
			<Text>Fealty là quá trình thề trung thành với chủ nhân trong hệ thống phong kiến, chẳng hạn như hiệp sĩ thề phục vụ nam tước, hoặc nam tước đó thề phục vụ vua.</Text>
		</Replace>
		<Replace Language="en_US" Tag="LOC_PEDIA_GOVERNMENTS_PAGE_POLICY_UNDERCLASS_CHAPTER_HISTORY_PARA_1">
			<Text>Sự nổi lên của các thành phố có nghĩa là cùng với sự tập hợp của các thương gia và những người thợ giỏi, đã xuất hiện một tầng lớp cá nhân có địa vị xã hội bị đánh giá là thấp kém hoặc không mong muốn vì họ không phù hợp với các chuẩn mực xã hội của thời kỳ phong kiến. Có thể cho rằng những thái độ này kéo dài đến thời đại hiện nay.</Text>
		</Replace>
		<Replace Language="en_US" Tag="LOC_PEDIA_GOVERNMENTS_PAGE_POLICY_STUDIA_GENERALIA_CHAPTER_HISTORY_PARA_1">
			<Text>Tên ban đầu của trường đại học, hoặc chương trình giáo dục được đặt tại trường đại học, có nghĩa là "các nghiên cứu tổng quát." Không giống như bảy môn nghệ thuật tự do, không có chương trình giảng dạy xác định cho Studia, điều này buộc các trường đại học phải cung cấp bằng tốt nghiệp để công nhận rằng một sinh viên đã học thành công và có thể đã học được điều gì đó.</Text>
		</Replace>
		<Replace Language="en_US" Tag="LOC_PEDIA_GOVERNMENTS_PAGE_POLICY_COTTAGE_INDUSTRIES_CHAPTER_HISTORY_PARA_1">
			<Text>Tiểu thủ công nghiệp là một ngành kinh doanh nhỏ do một cá nhân hoặc gia đình thành lập để tự nuôi sống bản thân hoặc cung cấp thêm thu nhập. Các doanh nghiệp nhỏ này thường được coi là một phần của quá trình chuyển đổi từ nền kinh tế phong kiến sang nền kinh tế dựa trên thị trường. </Text>
		</Replace>
		<Replace Language="en_US" Tag="LOC_PEDIA_GOVERNMENTS_PAGE_POLICY_SKILLED_TRADES_CHAPTER_HISTORY_PARA_1">
			<Text>Các nghề hoặc nghệ thuật có tay nghề cao chỉ có thể thành thạo khi thực hành lâu dài, đặc biệt là sản xuất hàng hóa có giá trị như đồ bạc, vải, đồ thủy tinh và máy móc. Những người buôn bán sẽ tụ tập ở các thành phố nơi họ có thể làm việc trong một buổi hòa nhạc, đào tạo các học viên tương lai, định giá và cố gắng kiểm soát thị trường cho hàng hóa của họ. Những người thợ lành nghề là một số công dân trung lưu thực sự đầu tiên trong lịch sử.</Text>
		</Replace>
		<Replace Language="en_US" Tag="LOC_PEDIA_GOVERNMENTS_PAGE_POLICY_PUBLIC_SERVANTS_CHAPTER_HISTORY_PARA_1">
			<Text>Quan niệm ngày càng tăng cho rằng các nhà nước là các thực thể chính trị nằm ngoài sự cai trị của họ đã dẫn đến sự phát triển của một lớp người hầu, những người thể hiện nghĩa vụ của họ về mặt phục vụ nhà nước, chứ không phải người cai trị. Điều này cho phép họ phục vụ lợi ích của nhà nước một cách từ tâm nhưng không khiến họ trở nên nổi tiếng hơn khi đến thời điểm thu thuế.</Text>
		</Replace>
		<Replace Language="en_US" Tag="LOC_PEDIA_GOVERNMENTS_PAGE_POLICY_SPECIALIZATION_CHAPTER_HISTORY_PARA_1">
			<Text>Khi sản xuất các đồ vật phức tạp, việc các cá nhân tập trung vào một khía cạnh của quá trình sản xuất cho phép tỷ lệ sản xuất cao hơn so với việc một nghệ nhân duy nhất làm việc từ vật liệu cho đến khi hoàn thành. Nhiều đồ vật được chế tạo theo kiểu này từ thời Trung cổ đến thời kỳ đầu hiện đại, bao gồm cả vũ khí và áo giáp. Sự gia tăng của chuyên môn hóa cuối cùng sẽ được thể hiện đầy đủ hơn trong Thời đại Công nghiệp và dây chuyền lắp ráp.</Text>
		</Replace>
		<Replace Language="en_US" Tag="LOC_PEDIA_GOVERNMENTS_PAGE_POLICY_COMMERCIAL_LEAGUE_CHAPTER_HISTORY_PARA_1">
			<Text>Các nhóm thương nhân sẽ liên kết với nhau để thực hiện sức mạnh kinh tế lớn hơn. Những liên đoàn thương mại này cuối cùng sẽ cung cấp nền tảng cho các hệ thống ngân hàng và tiền tệ hiện đại. </Text>
		</Replace>
		<Replace Language="en_US" Tag="LOC_PEDIA_GOVERNMENTS_PAGE_POLICY_LABOR_MARKET_CHAPTER_HISTORY_PARA_1">
			<Text>Tại một thời điểm, thị trường lao động thực sự là một nơi trên thị trường, nơi những người lao động phổ thông sẽ tụ tập lại, chờ được thuê cho một công việc nhất định. Nó vẫn là điều đó ở một số nơi.</Text>
		</Replace>
		<Replace Language="en_US" Tag="LOC_PEDIA_GOVERNMENTS_PAGE_POLICY_CIVIL_QUARANTINE_CHAPTER_HISTORY_PARA_1">
			<Text>Cách ly là cách ly những người bị bệnh để ngăn chặn sự lây lan của một căn bệnh trong quần thể. Cờ vàng đã được sử dụng để đánh dấu những nơi cách ly kể từ Cái chết Đen. </Text>
		</Replace>
		<Replace Language="en_US" Tag="LOC_PEDIA_GOVERNMENTS_PAGE_POLICY_POGROM_CHAPTER_HISTORY_PARA_1">
			<Text>Từ tiếng Nga có nghĩa là "tiêu diệt", pogrom là vụ giết người và áp bức có hệ thống của một nhóm với sự chấp thuận của nhà nước. Nhóm bị áp bức thường là thiểu số, chẳng hạn như người Do Thái ở châu Âu trong phần lớn lịch sử châu Âu. Lời biện minh thường là sự bôi nhọ cho một số tội mà họ không phạm. Pogrom có một lịch sử lâu đời và khủng khiếp, và đã xảy ra hoàn toàn quá nhiều lần, mặc dù mọi người nghiêm túc thề rằng “và điều này sẽ không bao giờ xảy ra nữa” sau mỗi lần xảy ra.</Text>
		</Replace>
		<Replace Language="en_US" Tag="LOC_PEDIA_GOVERNMENTS_PAGE_POLICY_PATRONAGE_CHAPTER_HISTORY_PARA_1">
			<Text>Thực hành hỗ trợ trực tiếp công việc của người khác được gọi là bảo trợ. Sự bảo trợ có thể là một dấu hiệu nhận biết dễ thấy của sự giàu có, hoặc nó có thể được tiến hành vì những lý do thực sự vị tha. Nhiều tác phẩm nghệ thuật và văn học vĩ đại đã được thực hiện theo lệnh của những người bảo trợ giàu có.</Text>
		</Replace>
		<Replace Language="en_US" Tag="LOC_PEDIA_GOVERNMENTS_PAGE_POLICY_NOBLESSE_OBLIGE_CHAPTER_HISTORY_PARA_1">
			<Text> Nghĩa đen là "Giới quý tộc cung cấp", cụm từ này có nghĩa là những người có địa vị và phương tiện xã hội cao hơn nên hào phóng và cung cấp cho những người có ít hơn. Tổ chức từ thiện không nhờ vả không phải lúc nào cũng nhận được sự khiêm tốn tôn trọng như mong đợi của người cho.</Text>
		</Replace>
		<!--Leaders-->
		<Replace Language="en_US" Tag="LOC_PEDIA_LEADERS_PAGE_LEADER_BLACKDEATH_SCENARIO_FRANCE_CHAPTER_HISTORY_PARA_1">
			<Text>Philip VI là vị vua Pháp đầu tiên của triều đại Valois, người có triều đại được xác định khi bắt đầu Chiến tranh Trăm năm với Anh. Một trong những hành động đầu tiên của ông là trấn áp một cuộc nổi loạn ở Flanders và tái đắc cử Bá tước Louis. Mối quan hệ của ông với Edward III của Anh bắt đầu tốt đẹp, nhưng xấu đi do địa vị của Công quốc Aquitaine và việc Edward có phải là chư hầu của Philip hay không. Điều này và các vấn đề khác là một số trường hợp sắp xảy ra của Chiến tranh Trăm năm.</Text>
		</Replace>
		<Replace Language="en_US" Tag="LOC_PEDIA_LEADERS_PAGE_LEADER_BLACKDEATH_SCENARIO_FRANCE_CHAPTER_HISTORY_PARA_2">
			<Text>Trong khi Philip kìm hãm Edward trong một cuộc chiến tranh cướp bóc và tiêu hao khốc liệt, anh ta có lợi thế do sự giàu có của nước Pháp, nhưng trận chiến công khai và quyết định tỏ ra có lợi hơn cho người Anh. Sau Trận chiến Crecy năm 1346, giới quý tộc Pháp và các đồng minh của họ bị suy tàn nặng nề đến mức các Estates của Pháp từ chối chi trả cho bất kỳ cuộc chiến tranh nào nữa. Sự xuất hiện của Cái chết Đen vào năm 1348 là một sự tàn phá nghiêm trọng, và những cái chết bao gồm cả Nữ hoàng Joan, vợ của ông.</Text>
		</Replace>
		<Replace Language="en_US" Tag="LOC_PEDIA_LEADERS_PAGE_LEADER_BLACKDEATH_SCENARIO_ENGLAND_CHAPTER_HISTORY_PARA_1">
			<Text>Có lẽ là vị vua thời trung cổ thành công nhất của nước Anh, triều đại 50 năm của ông được đánh dấu bằng các cuộc chiến tranh, sự nổi lên của Nghị viện và bệnh dịch. Cha của ông, Edward II, bị lật đổ khi Edward III mới chỉ là một đứa trẻ, nhưng Edward nhanh chóng chuyển sang thực hiện quyền cai trị theo ý mình.</Text>
		</Replace>
		<Replace Language="en_US" Tag="LOC_PEDIA_LEADERS_PAGE_LEADER_BLACKDEATH_SCENARIO_ENGLAND_CHAPTER_HISTORY_PARA_2">
			<Text>Tiến hành các cuộc chiến tranh chống lại Scotland và Pháp, Edward III và các chỉ huy cấp dưới của ông (đặc biệt là con trai cả của ông, Edward the Black Prince) chịu trách nhiệm về nhiều chiến thắng lớn nhất của người Anh trong Chiến tranh Trăm năm, bao gồm cả trận hải chiến tại Sluys. Edward III đích thân chỉ huy quân đội trong Trận chiến Crecy, nơi những tay súng dài người Anh tàn sát hoa khôi của giới quý tộc Pháp trong một buổi chiều.</Text>
		</Replace>
		<Replace Language="en_US" Tag="LOC_PEDIA_LEADERS_PAGE_LEADER_BLACKDEATH_SCENARIO_ENGLAND_CHAPTER_HISTORY_PARA_3">
			<Text>Cái chết đen năm 1361 đánh dấu sự suy tàn và hoàng hôn của triều đại của ông. Cái chết của bệnh dịch đã tước đi nguồn lực cần thiết để chống lại các cuộc chiến của anh ta, và những căng thẳng xã hội gia tăng ở quê nhà đã chiếm anh ta trong phần lớn thời gian còn lại của cuộc đời. </Text>
		</Replace>
		<Replace Language="en_US" Tag="LOC_PEDIA_LEADERS_PAGE_LEADER_BLACKDEATH_SCENARIO_CASTILE_CHAPTER_HISTORY_PARA_1">
			<Text>Được biết đến với cái tên Alfonso the Just, anh là vua của Castile và Leon, thừa kế ngai vàng từ cha mình, Ferdinand IV khi anh mới một tuổi. Khi đến tuổi vào năm 1325, ông đã thành công dẹp bỏ sự tranh giành (và quyền lực) của các gia đình quý tộc, thiết lập các cải cách pháp lý quan trọng trong Pháp lệnh của Alcala de Hernares, và tiến hành cuộc chiến chống lại Marinid Berbers, giành chiến thắng quan trọng trước họ tại Trận sông Salado ở Andalusia. </Text>
		</Replace>
		<Replace Language="en_US" Tag="LOC_PEDIA_LEADERS_PAGE_LEADER_BLACKDEATH_SCENARIO_CASTILE_CHAPTER_HISTORY_PARA_2">
			<Text>Alfonso chết vì Cái chết đen trong cuộc bao vây Gibraltar vào năm 1350, và quyền cai trị được truyền lại cho con trai ông, Peter the Cruel. </Text>
		</Replace>
		<Replace Language="en_US" Tag="LOC_PEDIA_LEADERS_PAGE_LEADER_BLACKDEATH_SCENARIO_HOLY_ROMAN_EMPIRE_CHAPTER_HISTORY_PARA_1">
			<Text>Louis người Bavaria, Hoàng đế La Mã Thần thánh là hoàng đế Wittelsbach đầu tiên của người Đức. Thời kỳ đầu trị vì của ông được đánh dấu bằng những cuộc đấu tranh chống lại cả gia đình Habsburg và Luxembourg cũng như những người tranh giành vương miện của họ. Cuộc xung đột này lan sang một cuộc xung đột phụ với giáo hoàng, người đã trục xuất Louis như một kẻ dị giáo. Điều này tỏ ra hơi khó xử khi Louis lên ngôi Hoàng đế ở Rome vào năm 1328 bởi người dân La Mã. Triều đại của Louis với tư cách là hoàng đế cuối cùng đã được bảo đảm chủ yếu là do cái chết của các đối thủ của ông và sự kiệt quệ chung trong đế chế vì các kế hoạch kế vị vô tận của các nhà lớn.</Text>
		</Replace>
		<Replace Language="en_US" Tag="LOC_PEDIA_LEADERS_PAGE_LEADER_BLACKDEATH_SCENARIO_HOLY_ROMAN_EMPIRE_CHAPTER_HISTORY_PARA_2">
			<Text>Đồng minh với Edward III của Anh, ông đối lập với Pháp (và Giáo hoàng ở Avignon), điều này làm trầm trọng thêm tình hình chính trị của ông ở quê nhà. Vào thời điểm ông qua đời gần Munich vào năm 1347, ông đã thất bại trong việc thiết lập Wittelsbachs như một nhà thống trị trong chính trị Đế quốc. </Text>
		</Replace>
		<Replace Language="en_US" Tag="LOC_PEDIA_CIVILIZATIONS_PAGE_CIVILIZATION_BLACKDEATH_SCENARIO_HOLY_ROMAN_EMPIRE_CHAPTER_HISTORY_PARA_1">
			<Text>Cơ quan chính trị vĩ đại nhất ở Trung Âu vào thời điểm Cái chết Đen là một bộ sưu tập đa sắc tộc, đa sắc tộc gồm các vương quốc, thủ phủ, giám mục, công quốc, thành phố tự do, vùng đất tranh chấp, nam tước và giáo xứ, tất cả đều nằm dưới sự cai trị thế tục của Hoàng đế. Các gia đình cầm quyền quyền lực và Giáo hoàng thường cạnh tranh để giành quyền kiểm soát hoặc quyền tự trị hiệu quả cho các lãnh thổ của riêng họ.</Text>
		</Replace>
		<Replace Language="en_US" Tag="LOC_PEDIA_CIVILIZATIONS_PAGE_CIVILIZATION_BLACKDEATH_SCENARIO_CASTILE_CHAPTER_HISTORY_PARA_1">
			<Text>Vùng Castile chiếm phần lớn diện tích trung tâm của quốc gia Tây Ban Nha ngày nay. Trong thời kỳ Trung cổ, vương quốc thường xảy ra chiến tranh với các vùng Hồi giáo ở miền nam Tây Ban Nha. Việc thống nhất các vương miện của Castile và vương quốc Leon láng giềng sẽ tạo tiền đề cho Castile trở thành cường quốc thống trị ở bán đảo Iberia.</Text>
		</Replace>
		<Replace Language="en_US" Tag="LOC_PEDIA_CIVILIZATIONS_PAGE_CIVILIZATION_BLACKDEATH_SCENARIO_ENGLAND_CHAPTER_HISTORY_PARA_1">
			<Text>Gia đình Plantagenet cai trị nước Anh trong Cái chết Đen đã tuyên bố chủ quyền đối với cả ngai vàng của Anh và Pháp. Họ đã bắt tay vào các cuộc chinh phạt quân sự chống lại Scotland và xứ Wales. Theo thời gian, nhà vua Anh buộc phải nhường quyền lực cho Nghị viện và giới quý tộc, có nghĩa là các vị vua Anh tương đối kém quyền lực hơn các quốc vương châu Âu khác.</Text>
		</Replace>
		<Replace Language="en_US" Tag="LOC_PEDIA_CIVILIZATIONS_PAGE_CIVILIZATION_BLACKDEATH_SCENARIO_FRANCE_CHAPTER_HISTORY_PARA_1">
			<Text>Trong thời kỳ Trung cổ, Pháp là một trong những khu vực giàu có và thịnh vượng nhất của châu Âu. Vào thời điểm này, các vị vua của Pháp trực tiếp nắm giữ một lượng đáng kể lãnh thổ dưới sự kiểm soát trực tiếp của họ, khiến họ trở thành một trong những vương quốc tập trung nhất của thời đại này.</Text>
		</Replace>
	</LocalizedText>
</GameData>
