<?xml version="1.0" encoding="UTF-8" standalone="yes"?>
<GameData>
	<LocalizedText>
		<Replace Language='en_US' Tag="LOC_BUILDING_HUEY_TEOCALLI_NAME">
			<Text>Huey Teocalli</Text>
			<Gender>Masculine:no_article</Gender>
		</Replace>
		<Replace Language='en_US' Tag="LOC_BUILDING_HUEY_TEOCALLI_DESCRIPTION">
			<Text>+1 [ICON_Amenities] Amenity from entertainment for each Lake tile within one tile of Huey Teocalli. +1 [ICON_Food] Food and +1 [ICON_Production] Production for each Lake tile in your empire. Must be built on a Lake tile adjacent to land.</Text>
		</Replace>
		<Replace Language='en_US' Tag="LOC_PEDIA_WONDERS_PAGE_BUILDING_HUEY_TEOCALLI_CHAPTER_HISTORY_PARA_1">
			<Text>In the Aztec Empire, a teocalli was a terraced pyramid, surmounted by a temple on top, site of all the important religious rituals in the town. The greatest was located in the heart of Tenochtitlan, the Huey Teocalli (or, according to the Spanish, the Templo Mayor) dedicated to a pair of gods: Huitzilopochtli, the god of war, and Tlatoc, the god of agriculture (an indication of what was important in Aztec culture). Each god had a separate temple, reached by separate staircases. Mesoamerican pyramids tended to be rebuilt, using the prior structure as the base for the new, expanded version. Thus, Huey Teocalli was rebuilt six times after the first was completed around 1325 AD. The seventh, and last, was the one sacked and destroyed by Cortes and his conquistadors. Likely they took a dim view of the place, as it was given over to curious celebrations… such as the Panquetzaliztli festival celebrating Huitzilopochtli, when an effigy of the god made from amaranth seeds, bones, honey, and human blood was venerated, then given over to the populace to be eaten.</Text>
		</Replace>
		<Replace Language='en_US' Tag="LOC_BUILDING_HUEY_TEOCALLI_QUOTE">
			<Text>“But the wrath of Huitzilopochtli was great, and as the sacrifice passed each of the four rooms dedicated to the sun god, the sun disappeared or reappeared in the sky.”[NEWLINE]– Fray Diego Durán</Text>
		</Replace>
	</LocalizedText>
</GameData>