<?xml version="1.0" encoding="utf-8"?>
<!-- edited with XMLSPY v2004 rel. 2 U (http://www.xmlspy.com) by Ed Beach (Firaxis Games) -->
<GameData>
	<LocalizedText>
		<Replace Language='en_US' Tag="LOC_CITY_MAKE_RANGED_ATTACK">
			<Text>Attack with your city!</Text>
		</Replace>
		<Replace Language='en_US' Tag="LOC_COMBAT_YOU_KILLED_ENEMY_UNIT">
			<Text>While defending, your {2_UnitName} ({5_Num} damage) killed {LOC_GRAMMAR_A_AN &lt;&lt; {3_EnemyAdjective}} {4_EnemyUnitName}!</Text>
		</Replace>
		<Replace Language='en_US' Tag="LOC_COMBAT_YOU_KILLED_ENEMY_UNIT_DEFENDING_CITY">
			<Text>While defending, your City of {2_CityName} ({5_Num} damage) killed {LOC_GRAMMAR_A_AN &lt;&lt; {3_EnemyAdjective}} {4_EnemyUnitName}!</Text>
		</Replace>
		<Replace Language='en_US' Tag="LOC_COMBAT_YOUR_CITY_WAS_CAPTURED">
			<Text>Your City of {1_CityName} was captured by an enemy {2_UnitName}!</Text>
		</Replace>
		<Replace Language='en_US' Tag="LOC_COMBAT_YOUR_UNIT_CAPTURED_ENEMY_CITY">
			<Text>Your {1_UnitName} ({2_Num} damage) captured the enemy City of {3_CityName}!</Text>
		</Replace>
		<Replace Language='en_US' Tag="LOC_COMBAT_YOUR_UNIT_CAPTURED_ENEMY_UNIT">
			<Text>Your {1_UnitName} captured an enemy {2_UnitName}!</Text>
		</Replace>
		<Replace Language='en_US' Tag="LOC_COMBAT_YOUR_UNIT_WAS_CAPTURED_BY_ENEMY_UNIT">
			<Text>Your {1_UnitName} was captured by an enemy {2_UnitName}!</Text>
		</Replace>
		<Replace Language='en_US' Tag="LOC_COMBAT_YOUR_UNIT_DESTROYED_ENEMY">
			<Text>Your {1_UnitName} ({2_Num} damage) destroyed an enemy {3_UnitName}!</Text>
		</Replace>
		<Replace Language='en_US' Tag="LOC_COMBAT_YOUR_UNIT_DIED_ATTACKING_ANTI_AIR">
			<Text>Your attacking {1_UnitName} died from enemy {2_EnUName}!</Text>
		</Replace>
		<Replace Language='en_US' Tag="LOC_COMBAT_YOUR_UNIT_DIED_ATTACKING_INTERCEPTED">
			<Text>Your attacking {1_UnitName} died from enemy {2_EnUName} ({3_Num} damage) intercept!</Text>
		</Replace>
		<Replace Language='en_US' Tag="LOC_COMBAT_YOUR_UNIT_DIED_ATTACKING">
			<Text>Your {1_UnitName} died attacking an enemy {2_EnUName} ({3_Num} damage)!</Text>
		</Replace>
		<Replace Language='en_US' Tag="LOC_COMBAT_YOUR_UNIT_DIED_ATTACKING_CITY">
			<Text>Your {1_UnitName} died attacking the enemy City of {2_EnUName} ({3_Num} damage)!</Text>
		</Replace>
		<Replace Language='en_US' Tag="LOC_COMBAT_YOUR_UNIT_WITHDREW_ANTI_AIR">
			<Text>Your attacking {2_UnitName} ({3_Num} damage) was damaged by {LOC_GRAMMAR_A_AN &lt;&lt; {4_EnemyAdjective}} {5_EnemyUnitName}!</Text>
		</Replace>
		<Replace Language='en_US' Tag="LOC_COMBAT_YOUR_UNIT_WITHDREW_INTERCEPTED">
			<Text>Your attacking {2_UnitName} ({3_Num} damage) was intercepted by {LOC_GRAMMAR_A_AN &lt;&lt; {4_EnemyAdjective}} {5_EnemyUnitName} ({6_Num} damage)!</Text>
		</Replace>
		<Replace Language='en_US' Tag="LOC_COMBAT_YOUR_UNIT_WITHDREW">
			<Text>Your {1_UnitName} ({2_Num} damage) attacked an enemy {3_EnUName} ({4_Num} damage)!</Text>
		</Replace>
		<Replace Language='en_US' Tag="LOC_COMBAT_YOUR_UNIT_WITHDREW_CITY">
			<Text>Your {1_UnitName} ({2_Num} damage) attacked the enemy City of {3_CityName} ({4_Num} damage)!</Text>
		</Replace>
		<Replace Language='en_US' Tag="LOC_COMBAT_FRIENDLY_UNIT_WITHDREW">
			<Text>Our {1_UnitName} has withdrawn from enemy melee attack.</Text>
		</Replace>
		<Replace Language='en_US' Tag="LOC_COMBAT_ENEMY_UNIT_WITHDREW">
			<Text>Your {1_UnitName} ({2_Num} damage) was attacked by an enemy {3_EnUName} ({4_Num} damage)!</Text>
		</Replace>
		<Replace Language='en_US' Tag="LOC_COMBAT_ENEMY_UNIT_WITHDREW_INTERCEPTING">
			<Text>Your {1_UnitName} ({2_Num} damage) intercepted an enemy {3_EnUName} ({4_Num} damage)!</Text>
		</Replace>
		<Replace Language='en_US' Tag="LOC_COMBAT_YOUR_UNIT_DIED_INTERCEPTING">
			<Text>While intercepting, your {2_UnitName} was destroyed by {LOC_GRAMMAR_A_AN &lt;&lt; {4_EnemyAdjective}} {5_EnemyUnitName} ({6_Num} damage)!</Text>
		</Replace>
		<Replace Language='en_US' Tag="LOC_COMBAT_YOUR_UNIT_DIED_DEFENDING">
			<Text>While defending, your {2_UnitName} was destroyed by {LOC_GRAMMAR_A_AN &lt;&lt; {3_EnemyAdjective}} {4_EnemyUnitName} ({5_Num} damage)!</Text>
		</Replace>
		<Replace Language='en_US' Tag="LOC_COMBAT_YOUR_UNIT_STRAFED_ENEMY">
			<Text>Your {1_UnitName} strafed an enemy {2_EnUName} causing {3_Num} damage!</Text>
		</Replace>
		<Replace Language='en_US' Tag="LOC_COMBAT_YOUR_UNIT_BOMBED_ENEMY">
			<Text>Your {1_UnitName} bombed an enemy {2_EnUName} causing {3_Num} damage!</Text>
		</Replace>
		<Replace Language='en_US' Tag="LOC_COMBAT_YOUR_UNIT_WAS_STRAFED_BY_ENEMY">
			<Text>Your {1_UnitName} was strafed by an enemy {2_EnUName} taking {3_Num} damage!</Text>
		</Replace>
		<Replace Language='en_US' Tag="LOC_COMBAT_YOUR_UNIT_DAMAGED_ENEMY">
			<Text>Your {1_UnitName} damaged an enemy {2_EnUName}({3_Num} damage)!</Text>
		</Replace>
		<Replace Language='en_US' Tag="LOC_COMBAT_YOUR_UNIT_BOMBARDED_ENEMY">
			<Text>Your {1_UnitName} bombarded an enemy {2_EnUName} causing {3_Num} damage!</Text>
		</Replace>
		<Replace Language='en_US' Tag="LOC_COMBAT_YOUR_UNIT_WAS_BOMBARDED_BY_ENEMY">
			<Text>Your {1_UnitName} was bombarded by an enemy {2_EnUName} taking {3_Num} damage!</Text>
		</Replace>
		<Replace Language='en_US' Tag="LOC_COMBAT_YOUR_WMD_SUCCEEDED">
			<Text>Your {1_UnitName} WMD attack succeeded!</Text>
		</Replace>
		<Replace Language='en_US' Tag="LOC_COMBAT_YOUR_WMD_FAILED_HIGH_DAMAGE">
			<Text>Your {1_UnitName} WMD attack failed because of high damage.</Text>
		</Replace>
		<Replace Language='en_US' Tag="LOC_COMBAT_ENEMY_WMD_SUCCEEDED">
			<Text>You failed to stop {LOC_GRAMMAR_A_AN &lt;&lt; {1_EnemyAdjective}} {2_EnemyUnitName} WMD attack!</Text>
		</Replace>
		<Replace Language='en_US' Tag="LOC_COMBAT_ENEMY_WMD_FAILED_HIGH_DAMAGE">
			<Text>You successfully stopped {LOC_GRAMMAR_A_AN &lt;&lt; {1_EnemyAdjective}} {2_EnemyUnitName} WMD attack by causing {3_Num} damage!</Text>
		</Replace>
		<Replace Language='en_US' Tag="LOC_MISC_YOUR_UNIT_DIED_BY_UNKNOWN">
			<Text>While defending, your {1_UnitName} was destroyed by a disguised {2_EnUName} ({3_Num} damage)!</Text>
		</Replace>
		<Replace Language='en_US' Tag="LOC_COMBAT_YOUR_UNIT_ATTACKED_ENEMY_DISTRICT">
			<Text>Your {1_UnitName} attacked an enemy {2_Name} causing {3_Num} damage!</Text>
		</Replace>
		<Replace Language='en_US' Tag="LOC_COMBAT_YOUR_DISTRICT_WAS_ATTACKED_BY_ENEMY">
			<Text>Your {1_Name} was attacked by an enemy {2_EnUName} taking {3_Num} damage!</Text>
		</Replace>
		<Replace Language='en_US' Tag="LOC_COMBAT_YOUR_UNIT_ATTACKED_ENEMY_DISTRICT_DEFENSES">
			<Text>Your {1_UnitName} attacked an enemy {2_Name} ({3_Num} {2_Name} damage, {4_Num} defense damage)</Text>
		</Replace>
		<Replace Language='en_US' Tag="LOC_COMBAT_YOUR_DISTRICT_DEFENSE_WAS_ATTACKED_BY_ENEMY">
			<Text>Your {1_Name} was attacked by an enemy {2_EnUName} ({3_Num} {2_Name} damage, {4_Num} defense damage)</Text>
		</Replace>
		<Replace Language='en_US' Tag="LOC_COMBAT_YOUR_DISTRICT_DESTROYED_ENEMY">
			<Text>{1_Name} bombarded an enemy {2_EnUName}! ({3_Damage} damage)</Text>
		</Replace>
		<Replace Language='en_US' Tag="LOC_COMBAT_YOUR_DISTRICT_BOMBARDED_ENEMY">
			<Text>{1_Name} bombarded an enemy {2_EnUName}! ({3_Damage} damage)</Text>
		</Replace>
		<Replace Language='en_US' Tag="LOC_COMBAT_YOUR_UNIT_WAS_BOMBARDED_BY_ENEMY_DISTRICT">
			<Text>Your {1_Name} was bombarded by an enemy {2_EnUName} taking {3_Num} damage!</Text>
		</Replace>
		<Replace Language='en_US' Tag="LOC_COMBAT_ICBM_DESTROYED">
			<Text>ICBM intercepted and destroyed.</Text>
		</Replace>
		<Replace Language='en_US' Tag="LOC_PLUNDER_UNIT_HEALED">
			<Text>Plunder from your pillaging has healed your {1_Name}.</Text>
		</Replace>
		<Replace Language='en_US' Tag="LOC_PLUNDER_CULTURE">
			<Text>You received {1_Num} [ICON_Culture] Culture in plunder from your pillaging.</Text>
		</Replace>
		<Replace Language='en_US' Tag="LOC_PLUNDER_FAITH">
			<Text>You received {1_Num} [ICON_Faith] Faith in plunder from your pillaging.</Text>
		</Replace>
		<Replace Language='en_US' Tag="LOC_PLUNDER_GOLD">
			<Text>You received {1_Num} [ICON_Gold] Gold in plunder from your pillaging.</Text>
		</Replace>
		<Replace Language='en_US' Tag="LOC_PLUNDER_SCIENCE">
			<Text>You received {1_Num} [ICON_Science] Science in plunder from your pillaging.</Text>
		</Replace>
		<Replace Language='en_US' Tag="LOC_KILL_CULTURE">
			<Text>[COLOR_FLOAT_CULTURE]+{1_Num} [ICON_Culture][ENDCOLOR]</Text>
		</Replace>
		<Replace Language='en_US' Tag="LOC_KILL_FAITH">
			<Text>[COLOR_FLOAT_FAITH]+{1_Num} [ICON_Faith][ENDCOLOR]</Text>
		</Replace>
		<Replace Language='en_US' Tag="LOC_KILL_FAITH_PLUS">
			<Text>[COLOR_FLOAT_FAITH]+{1_Num} {2_Religion}[ENDCOLOR]</Text>
		</Replace>
		<Replace Language='en_US' Tag="LOC_KILL_FAITH_MINUS">
			<Text>[COLOR_RED]-{1_Num} {2_Religion}[ENDCOLOR]</Text>
		</Replace>
		<Replace Language='en_US' Tag="LOC_KILL_GOLD">
			<Text>[COLOR_FLOAT_GOLD]+{1_Num} [ICON_Gold][ENDCOLOR]</Text>
		</Replace>
		<Replace Language='en_US' Tag="LOC_KILL_SCIENCE">
			<Text>[COLOR_FLOAT_SCIENCE]+{1_Num} [ICON_Science][ENDCOLOR]</Text>
		</Replace>
		<Replace Language='en_US' Tag="LOC_KILL_GREATPERSON_BONUS">
			<Text>[COLOR_FLOAT_FOOD]+{1_Num} {2_GreatPerson} Points[ENDCOLOR]</Text>
		</Replace>
		<!-- Damage Message -->
		<Replace Language='en_US' Tag="LOC_WORLD_DISTRICT_GARRISON_DAMAGE_DECREASE_FLOATER">
			<Text>[COLOR_GREEN]+{1_Num}[ENDCOLOR] Health</Text>
		</Replace>
		<Replace Language='en_US' Tag="LOC_WORLD_DISTRICT_GARRISON_DAMAGE_INCREASE_FLOATER">
			<Text>[COLOR_RED]{1_Num}[ENDCOLOR] Health</Text>
		</Replace>
		<Replace Language='en_US' Tag="LOC_WORLD_DISTRICT_DEFENSE_DAMAGE_DECREASE_FLOATER">
			<Text>[COLOR_GREEN]+{1_Num}[ENDCOLOR] Defenses</Text>
		</Replace>
		<Replace Language='en_US' Tag="LOC_WORLD_DISTRICT_DEFENSE_DAMAGE_INCREASE_FLOATER">
			<Text>[COLOR_RED]{1_Num}[ENDCOLOR] Defenses</Text>
		</Replace>
		<Replace Language='en_US' Tag="LOC_RAZE_CITY_HEADER">
			<Text>CITY CAPTURED</Text>
		</Replace>
		<Replace Language='en_US' Tag="LOC_RAZE_CITY_TRADED">
			<Text>CITY RECEIVED</Text>
		</Replace>
		<Replace Language='en_US' Tag="LOC_RAZE_CITY_NAME_LABEL">
			<Text>City Name:</Text>
		</Replace>
		<Replace Language='en_US' Tag="LOC_RAZE_CITY_POPULATION_LABEL">
			<Text>Population:</Text>
		</Replace>
		<Replace Language='en_US' Tag="LOC_RAZE_CITY_DISTRICTS_LABEL">
			<Text>Number of Districts Present:</Text>
		</Replace>
		<Replace Language='en_US' Tag="LOC_RAZE_CITY_LIBERATE_EXPLANATION">
			<Text>Liberating a city will return it to one of their previous owners, possibly bringing that civilization back into the game.[NEWLINE][NEWLINE]{1_WarmongerInfo}</Text>
		</Replace>
		<Replace Language='en_US' Tag="LOC_RAZE_CITY_LIBERATE_WARMONGER_EXPLANATION">
			<Text>Liberating a city provides a [COLOR_MEDIUM_GREEN]SEVERE REDUCTION[ENDCOLOR] to previously earned warmonger penalties.</Text>
		</Replace>
		<Replace Language='en_US' Tag="LOC_RAZE_CITY_KEEP_EXPLANATION">
			<Text>Keep this city in your empire for now.  It will be a less productive, occupied city until its post-war ownership is discussed at the peace table.[NEWLINE][NEWLINE]{1_WarmongerInfo}</Text>
		</Replace>
		<Replace Language='en_US' Tag="LOC_RAZE_CITY_KEEP_EXPLANATION_TRADED">
			<Text>Keep this city in your empire.</Text>
		</Replace>
		<Replace Language='en_US' Tag="LOC_RAZE_CITY_KEEP_WARMONGER_EXPLANATION">
			<Text>Warmonger penalty for keeping this city now is: {1_WarmongerLevel}[NEWLINE][NEWLINE]Penalty will be either refunded or doubled at the end of the war depending on whether or not you keep the city.</Text>
		</Replace>
		<Replace Language='en_US' Tag="LOC_RAZE_CITY_KEEP_LAST_CITY_EXPLANATION">
			<Text>Warmonger penalty for keeping a player's final city is based on the Surprise War penalty for this era. This value is [COLOR_RED]DOUBLED[ENDCOLOR] if capturing this city eliminates a major civilization (not a city state).</Text>
		</Replace>
		<Replace Language='en_US' Tag="LOC_RAZE_CITY_RAZE_EXPLANATION">
			<Text>Raze city clearing it and all its districts and buildings from the map. This option must be chosen the turn the city is conquered.[NEWLINE][NEWLINE]{1_WarmongerInfo}</Text>
		</Replace>
		<Replace Language='en_US' Tag="LOC_RAZE_CITY_RAZE_WARMONGER_EXPLANATION">
			<Text>[COLOR_RED]Razing a city may give you a serious Warmonger penalty![ENDCOLOR] [NEWLINE][NEWLINE]Warmonger penalty for razing this city now is: {1_WarmongerLevel}</Text>
		</Replace>
		<Replace Language='en_US' Tag="LOC_RAZE_CITY_RAZE_LAST_CITY_EXPLANATION">
			<Text>Warmonger penalty is [COLOR_RED]TRIPLE[ENDCOLOR] the Formal War penalty for this era when you raze a player's final city.</Text>
		</Replace>
		<Replace Language='en_US' Tag="LOC_RAZE_CITY_RAZE_DISABLED_EXPLANATION">
			<Text>You cannot raze a major civilization's original capital or a city that you or an ally founded or owned at the start of this war.</Text>
		</Replace>
		<Replace Language='en_US' Tag="LOC_RAZE_CITY_LIBERATE_FOUNDER_BUTTON_LABEL">
			<Text>Liberate to Founder ({1_CivName})</Text>
		</Replace>
		<Replace Language='en_US' Tag="LOC_RAZE_CITY_LIBERATE_PREWAR_OWNER_BUTTON_LABEL">
			<Text>Liberate to Pre-War Owner ({1_CivName})</Text>
		</Replace>
		<Replace Language='en_US' Tag="LOC_RAZE_CITY_KEEP_BUTTON_LABEL">
			<Text>Keep City</Text>
		</Replace>
		<Replace Language='en_US' Tag="LOC_RAZE_CITY_RAZE_BUTTON_LABEL">
			<Text>Raze City</Text>
		</Replace>
	</LocalizedText>
</GameData>
