﻿<?xml version="1.0" encoding="utf-8"?>
<GameData>
	<LocalizedText>
		
		<!-- AI accepts from human -->
		<Replace Language='en_US' Tag="LOC_DIPLO_MAKE_PEACE_AI_ACCEPT_DEAL_ANY_ANY">
			<Text>I accept your terms for peace.</Text>
		</Replace>
		<Replace Language='en_US' Tag="LOC_DIPLO_MAKE_PEACE_AI_ACCEPT_DEAL_LEADER_MVEMBA_ANY">
			<Text>Peace be with you.</Text>
		</Replace>
		<Replace Language='en_US' Tag="LOC_DIPLO_MAKE_PEACE_AI_ACCEPT_DEAL_LEADER_CATHERINE_DE_MEDICI_ANY">
			<Text>I do not want to be remembered as a warmonger. Let us put aside our differences.</Text>
		</Replace>
		<Replace Language='en_US' Tag="LOC_DIPLO_MAKE_PEACE_AI_ACCEPT_DEAL_LEADER_CLEOPATRA_ANY">
			<Text>I must admit, I would much rather be at peace with you.</Text>
		</Replace>
		<Replace Language='en_US' Tag="LOC_DIPLO_MAKE_PEACE_AI_ACCEPT_DEAL_LEADER_BARBAROSSA_ANY">
			<Text>You have fought valiantly, and earned peace. We are happy to offer a truce.</Text>
		</Replace>
		<Replace Language='en_US' Tag="LOC_DIPLO_MAKE_PEACE_AI_ACCEPT_DEAL_LEADER_GANDHI_ANY">
			<Text>Yes, yes. That is a good thing.</Text>
		</Replace>
		<Replace Language='en_US' Tag="LOC_DIPLO_MAKE_PEACE_AI_ACCEPT_DEAL_LEADER_GILGAMESH_ANY">
			<Text>I respect a strong opponent. Let us be at peace.</Text>
		</Replace>
		<Replace Language='en_US' Tag="LOC_DIPLO_MAKE_PEACE_AI_ACCEPT_DEAL_LEADER_GORGO_ANY">
			<Text>This war has run its course. You may have peace, if you wish to live.</Text>
		</Replace>
		<Replace Language='en_US' Tag="LOC_DIPLO_MAKE_PEACE_AI_ACCEPT_DEAL_LEADER_HARDRADA_ANY">
			<Text>Very well.</Text>
		</Replace>
		<Replace Language='en_US' Tag="LOC_DIPLO_MAKE_PEACE_AI_ACCEPT_DEAL_LEADER_HOJO_ANY">
			<Text>I am honored to find my equal on the battlefield. I would sheath my sword rather than destroy so great a warrior.</Text>
		</Replace>
		<Replace Language='en_US' Tag="LOC_DIPLO_MAKE_PEACE_AI_ACCEPT_DEAL_LEADER_PEDRO_ANY">
			<Text>I accept your terms for peace.</Text>
		</Replace>
		<Replace Language='en_US' Tag="LOC_DIPLO_MAKE_PEACE_AI_ACCEPT_DEAL_LEADER_PERICLES_ANY">
			<Text>A good proposal, we accept.</Text>
		</Replace>
		<Replace Language='en_US' Tag="LOC_DIPLO_MAKE_PEACE_AI_ACCEPT_DEAL_LEADER_PETER_GREAT_ANY">
			<Text>I am more interested in pursuing life than inflicting death. Let there be peace between us.</Text>
		</Replace>
		<Replace Language='en_US' Tag="LOC_DIPLO_MAKE_PEACE_AI_ACCEPT_DEAL_LEADER_PHILIP_II_ANY">
			<Text>Peace to you and your Empire. We are tired of war.</Text>
		</Replace>
		<Replace Language='en_US' Tag="LOC_DIPLO_MAKE_PEACE_AI_ACCEPT_DEAL_LEADER_QIN_ANY">
			<Text>We are impressed. Let there be peace between us.</Text>
		</Replace>
		<Replace Language='en_US' Tag="LOC_DIPLO_MAKE_PEACE_AI_ACCEPT_DEAL_LEADER_SALADIN_ANY">
			<Text>May we know wisdom and peace now that we have known so much war.</Text>
		</Replace>
		<Replace Language='en_US' Tag="LOC_DIPLO_MAKE_PEACE_AI_ACCEPT_DEAL_LEADER_T_ROOSEVELT_ANY">
			<Text>It is the duty of our nation to guard its own rights and interests. That work is done; let us go forth in peace.</Text>
		</Replace>
		<Replace Language='en_US' Tag="LOC_DIPLO_MAKE_PEACE_AI_ACCEPT_DEAL_LEADER_TOMYRIS_ANY">
			<Text>I accept your terms for peace.</Text>
		</Replace>
		<Replace Language='en_US' Tag="LOC_DIPLO_MAKE_PEACE_AI_ACCEPT_DEAL_LEADER_TRAJAN_ANY">
			<Text>Yes, let us call a truce. This war is getting us nowhere.</Text>
		</Replace>
		<Replace Language='en_US' Tag="LOC_DIPLO_MAKE_PEACE_AI_ACCEPT_DEAL_LEADER_VICTORIA_ANY">
			<Text>On behalf of the United Kingdom of Great Britain and Ireland, I sanction this peace between our two nations.</Text>
		</Replace>

		<!-- AI refuses human -->
		<Replace Language='en_US' Tag="LOC_DIPLO_MAKE_PEACE_AI_REFUSE_DEAL_ANY_ANY">
			<Text>There can be no peace between us!</Text>
		</Replace>
		<Replace Language='en_US' Tag="LOC_DIPLO_MAKE_PEACE_AI_REFUSE_DEAL_LEADER_MVEMBA_ANY">
			<Text>I cannot say yes.</Text>
		</Replace>
		<Replace Language='en_US' Tag="LOC_DIPLO_MAKE_PEACE_AI_REFUSE_DEAL_LEADER_CATHERINE_DE_MEDICI_ANY">
			<Text>Absolutely not.</Text>
		</Replace>
		<Replace Language='en_US' Tag="LOC_DIPLO_MAKE_PEACE_AI_REFUSE_DEAL_LEADER_CLEOPATRA_ANY">
			<Text>No! I do not accept this!</Text>
		</Replace>
		<Replace Language='en_US' Tag="LOC_DIPLO_MAKE_PEACE_AI_REFUSE_DEAL_LEADER_BARBAROSSA_ANY">
			<Text>Not while I live.</Text>
		</Replace>
		<Replace Language='en_US' Tag="LOC_DIPLO_MAKE_PEACE_AI_REFUSE_DEAL_LEADER_GANDHI_ANY">
			<Text>Sorry, but no.</Text>
		</Replace>
		<Replace Language='en_US' Tag="LOC_DIPLO_MAKE_PEACE_AI_REFUSE_DEAL_LEADER_GILGAMESH_ANY">
			<Text>Gilgamesh declines.</Text>
		</Replace>
		<Replace Language='en_US' Tag="LOC_DIPLO_MAKE_PEACE_AI_REFUSE_DEAL_LEADER_GORGO_ANY">
			<Text>I’ll consider it later.</Text>
		</Replace>
		<Replace Language='en_US' Tag="LOC_DIPLO_MAKE_PEACE_AI_REFUSE_DEAL_LEADER_HARDRADA_ANY">
			<Text>No. I can’t accept.</Text>
		</Replace>
		<Replace Language='en_US' Tag="LOC_DIPLO_MAKE_PEACE_AI_REFUSE_DEAL_LEADER_HOJO_ANY">
			<Text>Not while I live.</Text>
		</Replace>
		<Replace Language='en_US' Tag="LOC_DIPLO_MAKE_PEACE_AI_REFUSE_DEAL_LEADER_PEDRO_ANY">
			<Text>There can be no peace between us!</Text>
		</Replace>
		<Replace Language='en_US' Tag="LOC_DIPLO_MAKE_PEACE_AI_REFUSE_DEAL_LEADER_PERICLES_ANY">
			<Text>Athens declines.</Text>
		</Replace>
		<Replace Language='en_US' Tag="LOC_DIPLO_MAKE_PEACE_AI_REFUSE_DEAL_LEADER_PETER_GREAT_ANY">
			<Text>Not for all of the Russias.</Text>
		</Replace>
		<Replace Language='en_US' Tag="LOC_DIPLO_MAKE_PEACE_AI_REFUSE_DEAL_LEADER_PHILIP_II_ANY">
			<Text>No, by God!</Text>
		</Replace>
		<Replace Language='en_US' Tag="LOC_DIPLO_MAKE_PEACE_AI_REFUSE_DEAL_LEADER_QIN_ANY">
			<Text>We will ignore your pleas.</Text>
		</Replace>
		<Replace Language='en_US' Tag="LOC_DIPLO_MAKE_PEACE_AI_REFUSE_DEAL_LEADER_SALADIN_ANY">
			<Text>You must make a better offer.</Text>
		</Replace>
		<Replace Language='en_US' Tag="LOC_DIPLO_MAKE_PEACE_AI_REFUSE_DEAL_LEADER_T_ROOSEVELT_ANY">
			<Text>You cannot be serious!</Text>
		</Replace>
		<Replace Language='en_US' Tag="LOC_DIPLO_MAKE_PEACE_AI_REFUSE_DEAL_LEADER_TOMYRIS_ANY">
			<Text>There can be no peace between us!</Text>
		</Replace>
		<Replace Language='en_US' Tag="LOC_DIPLO_MAKE_PEACE_AI_REFUSE_DEAL_LEADER_TRAJAN_ANY">
			<Text>Not for your entire Empire.</Text>
		</Replace>
		<Replace Language='en_US' Tag="LOC_DIPLO_MAKE_PEACE_AI_REFUSE_DEAL_LEADER_VICTORIA_ANY">
			<Text>A most emphatic no.</Text>
		</Replace>

		<!-- AI requests from human -->
		<Replace Language='en_US' Tag="LOC_DIPLO_MAKE_PEACE_FROM_AI_ANY_ANY">
			<Text>Peace, mmkay?</Text>
		</Replace>
		<Replace Language='en_US' Tag="LOC_DIPLO_MAKE_PEACE_FROM_AI_LEADER_MVEMBA_ANY">
			<Text>Let this war come to an end. Let us instead walk in the holy light of peace.</Text>
		</Replace>
		<Replace Language='en_US' Tag="LOC_DIPLO_MAKE_PEACE_FROM_AI_LEADER_CATHERINE_DE_MEDICI_ANY">
			<Text>I beg you for the sake of our loved ones, let there be peace between us.</Text>
		</Replace>
		<Replace Language='en_US' Tag="LOC_DIPLO_MAKE_PEACE_FROM_AI_LEADER_CLEOPATRA_ANY">
			<Text>Peace is so much more interesting than war, don’t you agree?</Text>
		</Replace>
		<Replace Language='en_US' Tag="LOC_DIPLO_MAKE_PEACE_FROM_AI_LEADER_BARBAROSSA_ANY">
			<Text>You have defended your people well. I will grant you peace, now, if you would take it.</Text>
		</Replace>
		<Replace Language='en_US' Tag="LOC_DIPLO_MAKE_PEACE_FROM_AI_LEADER_GANDHI_ANY">
			<Text>An eye for an eye only makes the world blind. Let us have peace, instead.</Text>
		</Replace>
		<Replace Language='en_US' Tag="LOC_DIPLO_MAKE_PEACE_FROM_AI_LEADER_GILGAMESH_ANY">
			<Text>From the depths of the underworld to the mountains of Ea, I have never fought an opponent as strong as you. Let us make peace.</Text>
		</Replace>
		<Replace Language='en_US' Tag="LOC_DIPLO_MAKE_PEACE_FROM_AI_LEADER_GORGO_ANY">
			<Text>You have earned your respite... peace?</Text>
		</Replace>
		<Replace Language='en_US' Tag="LOC_DIPLO_MAKE_PEACE_FROM_AI_LEADER_HARDRADA_ANY">
			<Text>I’ll give you peace, if you want it. We both have loot to count.</Text>
		</Replace>
		<Replace Language='en_US' Tag="LOC_DIPLO_MAKE_PEACE_FROM_AI_LEADER_HOJO_ANY">
			<Text>There is nothing left to fight for. Let us instead reflect on our actions.</Text>
		</Replace>
		<Replace Language='en_US' Tag="LOC_DIPLO_MAKE_PEACE_FROM_AI_LEADER_PEDRO_ANY">
			<Text>The time has come for peace. Do you agree?</Text>
		</Replace>
		<Replace Language='en_US' Tag="LOC_DIPLO_MAKE_PEACE_FROM_AI_LEADER_PERICLES_ANY">
			<Text>The Democracy has voted for peace. Will you accept an end to this war?</Text>
		</Replace>
		<Replace Language='en_US' Tag="LOC_DIPLO_MAKE_PEACE_FROM_AI_LEADER_PETER_GREAT_ANY">
			<Text>I can find common ground to end this war, if you are willing to negotiate.</Text>
		</Replace>
		<Replace Language='en_US' Tag="LOC_DIPLO_MAKE_PEACE_FROM_AI_LEADER_PHILIP_II_ANY">
			<Text>Let us have the peace of the Lord between us.</Text>
		</Replace>
		<Replace Language='en_US' Tag="LOC_DIPLO_MAKE_PEACE_FROM_AI_LEADER_QIN_ANY">
			<Text>The time for peace has come. Let us end this war.</Text>
		</Replace>
		<Replace Language='en_US' Tag="LOC_DIPLO_MAKE_PEACE_FROM_AI_LEADER_SALADIN_ANY">
			<Text>May peace be upon you, and upon us both. Will you help me end this war?</Text>
		</Replace>
		<Replace Language='en_US' Tag="LOC_DIPLO_MAKE_PEACE_FROM_AI_LEADER_T_ROOSEVELT_ANY">
			<Text>I protected the nation’s interests and guarded our rights. That work is done. Now, we can live in peace.</Text>
		</Replace>
		<Replace Language='en_US' Tag="LOC_DIPLO_MAKE_PEACE_FROM_AI_LEADER_TOMYRIS_ANY">
			<Text>The time has come for peace. Do you agree?</Text>
		</Replace>
		<Replace Language='en_US' Tag="LOC_DIPLO_MAKE_PEACE_FROM_AI_LEADER_TRAJAN_ANY">
			<Text>War, horrid war! Let us instead have a Roman peace. What is your answer?</Text>
		</Replace>
		<Replace Language='en_US' Tag="LOC_DIPLO_MAKE_PEACE_FROM_AI_LEADER_VICTORIA_ANY">
			<Text>We cannot but think that an agreement can be reached to our mutual satisfaction.</Text>
		</Replace>

		<!-- Human accepts, AI responds -->
		<Replace Language='en_US' Tag="LOC_DIPLO_ACCEPT_MAKE_PEACE_FROM_AI_ANY_ANY">
			<Text>The war is over.</Text>
		</Replace>

		<!-- Human rejects, AI responds -->
		<Replace Language='en_US' Tag="LOC_DIPLO_REJECT_MAKE_PEACE_FROM_AI_ANY_ANY">
			<Text>Then the war continues.</Text>
		</Replace>

		<!-- Choices -->
		<Replace Language='en_US' Tag="LOC_DIPLO_MAKE_PEACE_CHOICE_NEGATIVE">
			<Text>Refuse Peace Deal</Text>
		</Replace>
		<Replace Language='en_US' Tag="LOC_DIPLO_MAKE_PEACE_CHOICE_POSITIVE">
			<Text>Accept Peace Deal</Text>
		</Replace>
	</LocalizedText>
</GameData>
