<?xml version="1.0" encoding="utf-8"?>
<!-- edited with XMLSPY v2004 rel. 2 U (http://www.xmlspy.com) by Ed Beach (Firaxis Games) -->
<GameData>
	<LocalizedText>
		<!-- AI accepts from human -->
		<Replace Language='en_US' Tag="LOC_DIPLO_ACCEPT_EMBASSY_FROM_HUMAN_ANY_ANY">
			<Text>We are happy to allow you to construct an embassy in our capital.</Text>
		</Replace>
		
		<!-- AI rejects from human -->
		<Replace Language='en_US' Tag="LOC_DIPLO_REJECT_EMBASSY_FROM_HUMAN_ANY_ANY">
			<Text>We are not interested at this time.</Text>
		</Replace>

		<!-- AI requests from human -->
		<Replace Language='en_US' Tag="LOC_DIPLO_EMBASSY_FROM_AI_ANY_ANY">
			<Text>Will you allow us to establish an embassy in your capital?</Text>
		</Replace>

		<!-- Human accepts AI, AI responds -->
		<Replace Language='en_US' Tag="LOC_DIPLO_ACCEPT_EMBASSY_FROM_AI_ANY_ANY">
			<Text>Oh happy day!</Text>
		</Replace>

		<!-- Human rejects AI, AI responds -->
		<Replace Language='en_US' Tag="LOC_DIPLO_REJECT_EMBASSY_FROM_AI_ANY_ANY">
			<Text>Disappointing.</Text>
		</Replace>

		<!-- Choices -->
		<Replace Language='en_US' Tag="LOC_DIPLO_EMBASSY_CHOICE_NEGATIVE">
			<Text>Our capital is not accepting new residents at this time.</Text>
		</Replace>
		<Replace Language='en_US' Tag="LOC_DIPLO_EMBASSY_CHOICE_POSITIVE">
			<Text>Your embassy is a welcome addition to our capital.</Text>
		</Replace>
	</LocalizedText>
</GameData>
