<?xml version="1.0" encoding="utf-8"?>
<!-- edited with XMLSPY v2004 rel. 2 U (http://www.xmlspy.com) by Edward Beach (Firaxis Games) -->
<GameData>
	<LocalizedText>
		<!-- Generic -->
		<Replace Language='en_US' Tag="LOC_GENERIC_TEST">
			<Text>Tomáš</Text>
		</Replace>
		<Replace Language='en_US' Tag="LOC_GENERIC_DOT_DOT_DOT">
			<Text>...</Text>
		</Replace>
		<Replace Language='en_US' Tag="LOC_YES_BUTTON">
			<Text>Yes</Text>
		</Replace>
		<Replace Language='en_US' Tag="LOC_NO_BUTTON">
			<Text>No</Text>
		</Replace>
		<Replace Language='en_US' Tag="LOC_OK_BUTTON">
			<Text>OK</Text>
		</Replace>
		<Replace Language='en_US' Tag="LOC_DEFAULT_BUTTON">
			<Text>Default</Text>
		</Replace>
		<Replace Language='en_US' Tag="LOC_GENERIC_CONFIRM_BUTTON">
			<Text>Confirm</Text>
		</Replace>
		<!-- Front End Popups -->
		<Replace Language='en_US' Tag="LOC_FRONTEND_POPUP_UNKNOWN_DEVICE">
			<Text>Failed to determine graphics device capabilities.[NEWLINE][NEWLINE]Please set your graphics options manually.</Text>
		</Replace>
		<Replace Language='en_US' Tag="LOC_FRONTEND_POPUP_OUTDATED_DRIVER">
			<Text>Your graphics driver is older than the minimum recommended version.[NEWLINE][NEWLINE]Please update your driver to the latest version.</Text>
		</Replace>
		<Replace Language='en_US' Tag="LOC_FRONTEND_POPUP_OUTDATED_DRIVER_QUIET">
			<Text>Don't Bug Me Again.</Text>
		</Replace>
		<Replace Language='en_US' Tag="LOC_FRONTEND_POPUP_OUTDATED_DRIVER_LOUD">
			<Text>Remind Me Next Time.</Text>
		</Replace>
		<Replace Language='en_US' Tag="LOC_FRONTEND_POPUP_GRAPHICS_SETTINGS_CHANGED">
			<Text>Graphics settings have been adjusted. You may review or change these settings in the Options menu.</Text>
		</Replace>
		<!-- Main Menu-->
		<Replace Language='en_US' Tag="LOC_MAIN_MENU_RESUME_GAME">
			<Text>Resume Game</Text>
		</Replace>
		<Replace Language='en_US' Tag="LOC_PLAY_CIVILIZATION_6">
			<Text>Play Now</Text>
		</Replace>
		<Replace Language='en_US' Tag="LOC_SINGLE_PLAYER">
			<Text>Single Player</Text>
		</Replace>
		<Replace Language='en_US' Tag="LOC_PLAY_MULTIPLAYER">
			<Text>Multiplayer</Text>
		</Replace>
		<Replace Language='en_US' Tag="LOC_LOAD_GAME">
			<Text>Load Game</Text>
		</Replace>
		<Replace Language='en_US' Tag="LOC_LOAD_CONFIG">
			<Text>Load Configuration</Text>
		</Replace>
		<Replace Language='en_US' Tag="LOC_LOAD_MAP">
			<Text>Load Map</Text>
		</Replace>
		<Replace Language='en_US' Tag="LOC_LOAD_TILED">
			<Text>Import Map from Editor</Text>
		</Replace>
		<Replace Language='en_US' Tag="LOC_OPEN_DIRECTORY">
			<Text>Open</Text>
		</Replace>
		<Replace Language='en_US' Tag="LOC_NO_FILE_SELECTED">
			<Text>No file currently selected</Text>
		</Replace>
		<Replace Language='en_US' Tag="LOC_MAIN_MENU_OPTIONS">
			<Text>Game Options</Text>
		</Replace>
		<Replace Language='en_US' Tag="LOC_MAIN_MENU_MODS">
			<Text>Mods</Text>
		</Replace>
		<Replace Language='en_US' Tag="LOC_MAIN_MENU_MODS_AND_DLC">
			<Text>Mods and DLC</Text>
		</Replace>
		<Replace Language='en_US' Tag="LOC_MAIN_MENU_MODS_AND_DLC_TT">
			<Text>Modifications and downloadable content to expand and enhance Civilization VI.</Text>
		</Replace>
		<Replace Language='en_US' Tag="LOC_MAIN_MENU_MY2K_LOGIN">
			<Text>My2K Login</Text>
		</Replace>
		<Replace Language='en_US' Tag="LOC_MAIN_MENU_EXIT_TO_DESKTOP">
			<Text>Exit to Desktop</Text>
		</Replace>
		<Replace Language='en_US' Tag="LOC_MAIN_MENU_BENCH">
			<Text>Benchmark</Text>
		</Replace>
		<Replace Language='en_US' Tag="LOC_MAIN_MENU_CREDITS">
			<Text>Credits</Text>
		</Replace>
		<Replace Language='en_US' Tag="LOC_MAIN_MENU_TUTORIAL">
			<Text>Tutorial</Text>
		</Replace>
		<!-- Load / Save Menus -->
		<Replace Language='en_US' Tag="LOC_DELETE_BUTTON">
			<Text>Delete</Text>
		</Replace>
		<Replace Language='en_US' Tag="LOC_BACK_BUTTON">
			<Text>Back</Text>
		</Replace>
		<Replace Language='en_US' Tag="LOC_AUTOSAVES">
			<Text>Autosaves</Text>
		</Replace>
		<Replace Language='en_US' Tag="LOC_STEAMCLOUD">
			<Text>Cloud</Text>
		</Replace>
		<Replace Language='en_US' Tag="LOC_2K_CLOUD">
			<Text>Multiplatform Cloud</Text>
		</Replace>
		<Replace Language='en_US' Tag="LOC_STANDARD_CLOUD_SAVES_HELP">
			<Text>Standard Cloud Saves - compatible with PC, Mac, and Linux versions of Civilization VI</Text>
		</Replace>
		<Replace Language='en_US' Tag="LOC_2K_CLOUD_SAVES_HELP">
			<Text>Multiplatform Cloud Saves - compatible with supported platforms (Requires enabling a 2K account on the Main Menu)</Text>
		</Replace>
		<Replace Language='en_US' Tag="LOC_NO_SAVED_GAMES">
			<Text>No saved games</Text>
		</Replace>
		<Replace Language='en_US' Tag="LOC_NO_SAVED_CONFIGS">
			<Text>No saved configurations</Text>
		</Replace>
		<Replace Language='en_US' Tag="LOC_NO_SAVED_MAPS">
			<Text>No saved maps</Text>
		</Replace>
		<Replace Language='en_US' Tag="LOC_SORTBY_NAME">
			<Text>Sort by Name</Text>
		</Replace>
		<Replace Language='en_US' Tag="LOC_SORTBY_LASTMODIFIED">
			<Text>Sort by Last Modified</Text>
		</Replace>
		<Replace Language='en_US' Tag="LOC_LOAD_MENU_MODS">
			<Text>MODS</Text>
		</Replace>
		<Replace Language='en_US' Tag="LOC_LOAD_MENU_DLC">
			<Text>DLC</Text>
		</Replace>
		<Replace Language='en_US' Tag="LOC_SAVE_GAME">
			<Text>Save Game</Text>
		</Replace>
		<Replace Language='en_US' Tag="LOC_SAVE_MAP_BUTTON">
			<Text>Save Map</Text>
		</Replace>
		<Replace Language='en_US' Tag="LOC_SAVE_CONFIG">
			<Text>Save Configuration</Text>
		</Replace>
		<Replace Language='en_US' Tag="LOC_SAVE_AT_MAXIMUM_CLOUD_SAVES_TOOLTIP">
			<Text>You've reached the maximum number of Cloud saves. Overwrite or delete a save.</Text>
		</Replace>
		<Replace Language='en_US' Tag="LOC_SAVE_INVALID_FILE_NAME_TOOLTIP">
			<Text>Invalid file name.</Text>
		</Replace>
		<Replace Language='en_US' Tag="LOC_SAVE_WAITING_FOR_CLOUD_SAVE_LIST_TOOLTIP">
			<Text>Waiting for cloud save list.</Text>
		</Replace>
		<Replace Language='en_US' Tag="LOC_CONFIRM_TITLE_TXT">
			<Text>Confirm Overwrite</Text>
		</Replace>
		<Replace Language='en_US' Tag="LOC_CONFIRM_DELETE_TITLE_TXT">
			<Text>Confirm Delete</Text>
		</Replace>
		<Replace Language='en_US' Tag="LOC_CONFIRM_CHOICE">
			<Text>Are you sure?</Text>
		</Replace>
		<Replace Language='en_US' Tag="LOC_CONFIRM_EXIT_TXT">
			<Text>Are you sure you want to exit the game?</Text>
		</Replace>
		<Replace Language='en_US' Tag="LOC_CONFIRM_TXT">
			<Text>This will permanently delete your save file. Are you sure you want to do this?</Text>
		</Replace>
		<Replace Language='en_US' Tag="LOC_CONFIRM_TITLE_LOAD_TXT">
			<Text>Confirm Load File</Text>
		</Replace>
		<Replace Language='en_US' Tag="LOC_CONFIRM_LOAD_TXT">
			<Text>This will lose any unsaved progress. Are you sure you want to do this?</Text>
		</Replace>
		<Replace Language='en_US' Tag="LOC_OVERWRITE_TXT">
			<Text>This will overwrite your current save file. Are you sure you want to do this?</Text>
		</Replace>
		<Replace Language='en_US' Tag="LOC_DELETE_MOD_TXT">
			<Text>This will permanently delete this Mod. Are you sure you want to do this?</Text>
		</Replace>
		<Replace Language='en_US' Tag="LOC_CONFIRM_DISABLE_MOD">
			<Text>Are you sure you wish to disable this mod?</Text>
		</Replace>
		<Replace Language='en_US' Tag="LOC_WILL_ALSO_DISABLE_MODS">
			<Text>This will also disable the following mods:</Text>
		</Replace>
		<Replace Language='en_US' Tag="LOC_CONFIRM_ENABLE_MOD">
			<Text>Are you sure you wish to enable this mod?</Text>
		</Replace>
		<Replace Language='en_US' Tag="LOC_WILL_ALSO_ENABLE_MODS">
			<Text>This will also enable the following mods:</Text>
		</Replace>
		<Replace Language='en_US' Tag="LOC_EFFECTED_MODS_TXT">
			<Text>Effected Mods:</Text>
		</Replace>
		<Replace Language='en_US' Tag="LOC_MOD_VERSION_AVAILABLE">
			<Text>Version {1_VersionNumber} is available.</Text>
		</Replace>
		<Replace Language='en_US' Tag="LOC_LOADSAVE_CURRENT_TURN">
			<Text>TURN[ICON_Turn] {1}</Text>
		</Replace>
		<Replace Language='en_US' Tag="LOC_LOADSAVE_SCENARIO_HEADER_TITLE">
			<Text>Scenario Description</Text>
		</Replace>
		<Replace Language='en_US' Tag="LOC_LOADSAVE_GAME_OPTIONS_HEADER_TITLE">
			<Text>Game Options</Text>
		</Replace>
		<Replace Language='en_US' Tag="LOC_LOADSAVE_GAME_OPTIONS_RULESET_TYPE_TITLE">
			<Text>Ruleset:</Text>
		</Replace>
		<Replace Language='en_US' Tag="LOC_LOADSAVE_GAME_OPTIONS_MAP_TYPE_TITLE">
			<Text>Map Type:</Text>
		</Replace>
		<Replace Language='en_US' Tag="LOC_LOADSAVE_GAME_OPTIONS_MAP_SIZE_TITLE">
			<Text>Map Size:</Text>
		</Replace>
		<Replace Language='en_US' Tag="LOC_LOADSAVE_GAME_OPTIONS_WORLD_AGE_TITLE">
			<Text>World Age:</Text>
		</Replace>
		<Replace Language='en_US' Tag="LOC_LOADSAVE_SAVED_BY_VERSION_TITLE">
			<Text>Saved By Version:</Text>
		</Replace>
		<Replace Language='en_US' Tag="LOC_LOADSAVE_GAME_OPTIONS_ADVANCED_TITLE">
			<Text>Advanced Options:</Text>
		</Replace>
		<Replace Language='en_US' Tag="LOC_LOADSAVE_NO_MAP_DATA">
			<Text>NO MAP DATA</Text>
		</Replace>
		<Replace Language='en_US' Tag="LOC_LOADSAVE_TUNER_ACTIVE_TITLE">
			<Text>Tuner Active:</Text>
		</Replace>
		<Replace Language='en_US' Tag="LOC_LOADSAVE_QUICK_SAVE">
			<Text>(Quick Save)</Text>
		</Replace>
		<!-- Advanced Game Setup -->
		<Replace Language='en_US' Tag="LOC_NETWORK_NAME_TT">
			<Text>Network Name[NEWLINE]This is how your name will appear to other players.</Text>
		</Replace>
		<Replace Language='en_US' Tag="LOC_NUMBER_OF_CIVILIZATIONS">
			<Text>Number of Civilizations</Text>
		</Replace>
		<Replace Language='en_US' Tag="LOC_PLAYERS">
			<Text>Players</Text>
		</Replace>
		<Replace Language='en_US' Tag="LOC_TEAM">
			<Text>Team|Teams</Text>
			<Plurality>1|2</Plurality>
		</Replace>
		<Replace Language='en_US' Tag="LOC_TEAM_GENERIC_NAME">
			<Text>Team {1_Number}</Text>
		</Replace>
		<Replace Language='en_US' Tag="LOC_TEAM_UNKNOWN_NAME">
			<Text>Unknown Team</Text>
		</Replace>
		<Replace Language='en_US' Tag="LOC_BACK">
			<Text>Back</Text>
		</Replace>
		<Replace Language='en_US' Tag="LOC_GAME_HANDICAP">
			<Text>Game Difficulty</Text>
		</Replace>
		<Replace Language='en_US' Tag="LOC_OPTIONS">
			<Text>Options</Text>
		</Replace>
		<Replace Language='en_US' Tag="LOC_MAP_OPTIONS">
			<Text>Map Options</Text>
		</Replace>
		<!-- Multiplayer Game Abandoned Popup -->
		<Replace Language='en_US' Tag="LOC_GAME_ABANDONED_KICKED">
			<Text>You have been kicked from the game by the host.</Text>
		</Replace>
		<Replace Language='en_US' Tag="LOC_GAME_ABANDONED_KICKED_TITLE">
			<Text>Kicked!</Text>
		</Replace>
		<Replace Language='en_US' Tag="LOC_GAME_ABANDONED_HOST_LOSTED">
			<Text>Network connection to host has been lost.</Text>
		</Replace>
		<Replace Language='en_US' Tag="LOC_GAME_ABANDONED_HOST_LOSTED_TITLE">
			<Text>Host Connection Lost</Text>
		</Replace>
		<Replace Language='en_US' Tag="LOC_GAME_ABANDONED_ROOM_FULL">
			<Text>The game has the maximum number of players.</Text>
		</Replace>
		<Replace Language='en_US' Tag="LOC_GAME_ABANDONED_ROOM_FULL_TITLE">
			<Text>Full Game</Text>
		</Replace>
		<Replace Language='en_US' Tag="LOC_GAME_ABANDONED_VERSION_MISMATCH">
			<Text>Version mismatch with host.</Text>
		</Replace>
		<Replace Language='en_US' Tag="LOC_GAME_ABANDONED_VERSION_MISMATCH_TITLE">
			<Text>Version Mismatch</Text>
		</Replace>
		<Replace Language='en_US' Tag="LOC_GAME_ABANDONED_MOD_ERROR">
			<Text>Unable to apply additional content.</Text>
		</Replace>
		<Replace Language='en_US' Tag="LOC_GAME_ABANDONED_MOD_ERROR_TITLE">
			<Text>Mod Error</Text>
		</Replace>
		<Replace Language='en_US' Tag="LOC_GAME_ABANDONED_MOD_MISSING">
			<Text>Additional content is required but either has not been purchased or is not installed.[NEWLINE]Content:[NEWLINE]</Text>
		</Replace>
		<Replace Language='en_US' Tag="LOC_GAME_ABANDONED_MOD_MISSING_TITLE">
			<Text>Mod Missing</Text>
		</Replace>
		<Replace Language='en_US' Tag="LOC_GAME_ABANDONED_MOD_ACCESS_DENIED">
			<Text>Steam Workshop denied access to required additional content.[NEWLINE]Content:[NEWLINE]</Text>
		</Replace>
		<Replace Language='en_US' Tag="LOC_GAME_ABANDONED_MOD_MISSING_DOWNLOADS_DISABLED">
			<Text>This game requires additional content that is not installed.  The automatic download of additional content is currently disabled.  Automatic downloads can be enabled in Game Options.[NEWLINE]Content:[NEWLINE]</Text>
		</Replace>
		<Replace Language='en_US' Tag="LOC_GAME_ABANDONED_CONNECTION_LOST">
			<Text>Network connection has been lost.</Text>
		</Replace>
		<Replace Language='en_US' Tag="LOC_GAME_ABANDONED_CONNECTION_LOST_TITLE">
			<Text>Disconnected</Text>
		</Replace>
		<Replace Language='en_US' Tag="LOC_GAME_ABANDONED_JOIN_FAILED">
			<Text>Error joining Multiplayer session.</Text>
		</Replace>
		<Replace Language='en_US' Tag="LOC_GAME_ABANDONED_JOIN_FAILED_TITLE">
			<Text>Join Failed</Text>
		</Replace>
		<Replace Language='en_US' Tag="LOC_GAME_ABANDONED_MATCH_DELETED">
			<Text>The host deleted the game.</Text>
		</Replace>
		<Replace Language='en_US' Tag="LOC_GAME_ABANDONED_MATCH_DELETED_TITLE">
			<Text>Game Deleted</Text>
		</Replace>
		<!-- Multiplayer PlayByCloud End Turn Error Popup -->
		<Replace Language='en_US' Tag="LOC_GAME_CLOUD_END_TURN_FAILED">
			<Text>The game was unable to process your game turn due to an error. Check your internet connection and try again.[NEWLINE]Error Code: {1_ErrorCode}</Text>
		</Replace>
		<Replace Language='en_US' Tag="LOC_GAME_CLOUD_END_TURN_FAILED_TITLE">
			<Text>End Turn Failed</Text>
		</Replace>
		<!-- Multiplayer Select Screen-->
		<Replace Language='en_US' Tag="LOC_MULTIPLAYER_DEFAULT_GAME_NAME">
			<Text>{1_PlayerName}'s Game</Text>
		</Replace>
		<Replace Language='en_US' Tag="LOC_MULTIPLAYER_STANDARD_GAME">
			<Text>Standard</Text>
		</Replace>
		<Replace Language='en_US' Tag="LOC_MULTIPLAYER_STANDARD_GAME_TT">
			<Text>Play a multiplayer game where players take turns continuously with each other.</Text>
		</Replace>
		<Replace Language='en_US' Tag="LOC_MULTIPLAYER_INTERNET_GAME">
			<Text>Internet</Text>
		</Replace>
		<Replace Language='en_US' Tag="LOC_MULTIPLAYER_INTERNET_GAME_OFFLINE">
			<Text>[ICON_CheckFail] Internet</Text>
		</Replace>
		<Replace Language='en_US' Tag="LOC_MULTIPLAYER_INTERNET_GAME_TT">
			<Text>Play a multiplayer game on the internet.</Text>
		</Replace>
		<Replace Language='en_US' Tag="LOC_MULTIPLAYER_INTERNET_GAME_OFFLINE_TT">
			<Text>Internet games are not available while Steam is offline.</Text>
		</Replace>
		<Replace Language='en_US' Tag="LOC_MULTIPLAYER_LAN_GAME">
			<Text>Local Network</Text>
		</Replace>
		<Replace Language='en_US' Tag="LOC_MULTIPLAYER_LAN_GAME_TT">
			<Text>Play a multiplayer game on the local network.</Text>
		</Replace>
		<Replace Language='en_US' Tag="LOC_MULTIPLAYER_HOTSEAT_GAME">
			<Text>Hot Seat</Text>
		</Replace>
		<Replace Language='en_US' Tag="LOC_MULTIPLAYER_HOTSEAT_GAME_TT">
			<Text>Play a multiplayer game where players take alternating turns on this machine.</Text>
		</Replace>
		<Replace Language='en_US' Tag="LOC_MENU_BACK">
			<Text>Back</Text>
		</Replace>
		<!-- Multiplayer Chat Commands -->
		<Replace Language='en_US' Tag="LOC_CHAT_HELP_COMMAND_HINT">
			<Text>[COLOR:ChatMessage_Help]Type /help for chat command help.[ENDCOLOR]</Text>
		</Replace>
		<Replace Language='en_US' Tag="LOC_CHAT_HELP_COMMAND_TEXT">
			<Text>[COLOR:ChatMessage_Help]CHAT COMMANDS[NEWLINE]/t Send a message to a team channel[NEWLINE]/g Send a message to a global channel[NEWLINE]/w [PlayerName] Whisper a message to a player[NEWLINE]/r Reply to a whisper[NEWLINE]/help Displays this help message[ENDCOLOR]</Text>
		</Replace>
		<!-- Multiplayer Lobby Screen -->
		<Replace Language='en_US' Tag="LOC_MULTIPLAYER_REFRESH_GAME_LIST">
			<Text>REFRESH</Text>
		</Replace>
		<Replace Language='en_US' Tag="LOC_MULTIPLAYER_REFRESH_GAME_LIST_TT">
			<Text>Retrieve the latest game list information.</Text>
		</Replace>
		<Replace Language='en_US' Tag="LOC_MULTIPLAYER_STOP_REFRESH_GAME_LIST">
			<Text>STOP REFRESH</Text>
		</Replace>
		<Replace Language='en_US' Tag="LOC_MULTIPLAYER_STOP_REFRESH_GAME_LIST_TT">
			<Text>Stop the game list information retrieval.</Text>
		</Replace>
		<Replace Language='en_US' Tag="LOC_MULTIPLAYER_BACK">
			<Text>BACK</Text>
		</Replace>
		<Replace Language='en_US' Tag="LOC_MULTIPLAYER_END_GAME">
			<Text>DELETE</Text>
		</Replace>
		<Replace Language='en_US' Tag="LOC_MULTIPLAYER_ENDING_GAME_TITLE">
			<Text>Delete Game</Text>
		</Replace>
		<Replace Language='en_US' Tag="LOC_MULTIPLAYER_ENDING_GAME_PROMPT">
			<Text>Ending Game...</Text>
		</Replace>
		<Replace Language='en_US' Tag="LOC_MULTIPLAYER_ENDING_GAME_FAIL_TITLE">
			<Text>Delete Error</Text>
		</Replace>
		<Replace Language='en_US' Tag="LOC_MULTIPLAYER_ENDING_GAME_FAIL">
			<Text>Error while ending game.</Text>
		</Replace>
		<Replace Language='en_US' Tag="LOC_MULTIPLAYER_ENDING_GAME_FAIL_ACCEPT">
			<Text>Ok</Text>
		</Replace>
		<Replace Language='en_US' Tag="LOC_MULTIPLAYER_GAME_LAUNCH_FAILED_TITLE">
			<Text>Launch Error</Text>
		</Replace>
		<Replace Language='en_US' Tag="LOC_MULTIPLAYER_GAME_LAUNCH_FAILED">
			<Text>Game failed to launch.</Text>
		</Replace>
		<Replace Language='en_US' Tag="LOC_MULTIPLAYER_GAME_LAUNCH_FAILED_ACCEPT">
			<Text>Ok</Text>
		</Replace>
		<Replace Language='en_US' Tag="LOC_MULTIPLAYER_JOIN_GAME">
			<Text>Join Game</Text>
		</Replace>
		<Replace Language='en_US' Tag="LOC_MULTIPLAYER_JOIN_GAME_TT">
			<Text>Join an existing multiplayer game.</Text>
		</Replace>
		<Replace Language='en_US' Tag="LOC_MULTIPLAYER_JOIN_CODE">
			<Text>Use Join Code</Text>
		</Replace>
		<Replace Language='en_US' Tag="LOC_MULTIPLAYER_JOIN_CODE_TT">
			<Text>Join an existing multiplayer game using a Join Code.</Text>
		</Replace>
		<Replace Language='en_US' Tag="LOC_MISC_BACK">
			<Text>Back</Text>
		</Replace>
		<Replace Language='en_US' Tag="LOC_MULTIPLAYER_CONNECT_TO_IP">
			<Text>Connect to IP Address</Text>
		</Replace>
		<Replace Language='en_US' Tag="LOC_MULTIPLAYER_CONNECT_TO_IP_TT">
			<Text>Connect to a pitboss game at a given public IP address.</Text>
		</Replace>
		<Replace Language='en_US' Tag="LOC_MULTIPLAYER_CREATE_GAME">
			<Text>Create Game</Text>
		</Replace>
		<Replace Language='en_US' Tag="LOC_MULTIPLAYER_CONFIRM_SETTINGS">
			<Text>Confirm Settings</Text>
		</Replace>
		<Replace Language='en_US' Tag="LOC_MULTIPLAYER_HOST_GAME">
			<Text>MULTIPLAYER GAME SETUP</Text>
		</Replace>
		<Replace Language='en_US' Tag="LOC_MULTIPLAYER_HOST_GAME_TT">
			<Text>Start a new multiplayer game.</Text>
		</Replace>
		<Replace Language='en_US' Tag="LOC_MULTIPLAYER_LOAD_GAME_TT">
			<Text>Create a multiplayer game from an existing save.</Text>
		</Replace>
		<Replace Language='en_US' Tag="LOC_MULTIPLAYER_FRIENDS">
			<Text>Friends</Text>
		</Replace>
		<Replace Language='en_US' Tag="LOC_MULTIPLAYER_SHOW_FRIENDS">
			<Text>Show Friends List</Text>
		</Replace>
		<Replace Language='en_US' Tag="LOC_MULTIPLAYER_GAME_SETUP">
			<Text>GAME SETUP</Text>
		</Replace>
		<Replace Language='en_US' Tag="LOC_MULTIPLAYER_GAME_SUMMARY">
			<Text>GAME SUMMARY</Text>
		</Replace>
		<Replace Language='en_US' Tag="LOC_MULTIPLAYER_GAME_NAME">
			<Text>Game Name</Text>
		</Replace>
		<Replace Language='en_US' Tag="LOC_MULTIPLAYER_GAME_RULESET">
			<Text>Rule Set</Text>
		</Replace>
		<Replace Language='en_US' Tag="LOC_AD_SETUP_MAP_TYPE">
			<Text>Map Type</Text>
		</Replace>
		<Replace Language='en_US' Tag="LOC_AD_SETUP_GAME_SPEED">
			<Text>Game Speed</Text>
		</Replace>
		<Replace Language='en_US' Tag="LOC_AD_SETUP_MAP_SIZE">
			<Text>Map Size</Text>
		</Replace>
		<Replace Language='en_US' Tag="LOC_MULTIPLAYER_PLAYERS">
			<Text>Players</Text>
		</Replace>
		<Replace Language='en_US' Tag="LOC_MULTIPLAYER_DLCHOSTED">
			<Text>DLC</Text>
		</Replace>
		<Replace Language='en_US' Tag="LOC_MULTIPLAYER_MODSHOSTED">
			<Text>Mods</Text>
		</Replace>
		<Replace Language='en_US' Tag="LOC_STAGING_ROOM_LOADING_SAVE">
			<Text>Loading Save Game</Text>
		</Replace>
		<Replace Language='en_US' Tag="LOC_STAGING_ROOM_GAME_IN_PROGRESS">
			<Text>Game in Progress</Text>
		</Replace>
		<Replace Language='en_US' Tag="LOC_MULTIPLAYER_INTERNET_LOBBY">
			<Text>INTERNET GAMES</Text>
		</Replace>
		<Replace Language='en_US' Tag="LOC_MULTIPLAYER_LAN_LOBBY">
			<Text>LOCAL NETWORK GAMES</Text>
		</Replace>
		<Replace Language='en_US' Tag="LOC_MULTIPLAYER_LOBBY_MODS">
			<Text>Additional Content</Text>
		</Replace>
    <Replace Language='en_US' Tag="LOC_MULTIPLAYER_LOBBY_GAMEMODES_OFFICIAL">
      <Text>Official GameModes:</Text>
    </Replace>
		<Replace Language='en_US' Tag="LOC_MULTIPLAYER_LOBBY_MODS_OFFICIAL">
			<Text>Official Content:</Text>
		</Replace>
		<Replace Language='en_US' Tag="LOC_MULTIPLAYER_LOBBY_MODS_COMMUNITY">
			<Text>Community Content:</Text>
		</Replace>
		<Replace Language='en_US' Tag="LOC_MULTIPLAYER_UNKNOWN">
			<Text>Unknown</Text>
		</Replace>
		<Replace Language='en_US' Tag="LOC_MULTIPLAYER_UNKNOWN_MAP_SIZE">
			<Text>Unknown Map Size</Text>
		</Replace>
		<Replace Language='en_US' Tag="LOC_MULTIPLAYER_TRUE">
			<Text>True</Text>
		</Replace>
		<Replace Language='en_US' Tag="LOC_MULTIPLAYER_FALSE">
			<Text>False</Text>
		</Replace>
		<!-- Options -->
		<Replace Language='en_US' Tag="LOC_CONFIRM_KEY_BINDING">
			<Text>Confirm Key Binding</Text>
		</Replace>
		<Replace Language='en_US' Tag="LOC_CONFIRM">
			<Text>Confirm</Text>
		</Replace>
		<Replace Language='en_US' Tag="LOC_OPTIONS_GAME">
			<Text>Game</Text>
		</Replace>
		<Replace Language='en_US' Tag="LOC_OPTIONS_GRAPHICS">
			<Text>Graphics</Text>
		</Replace>
		<Replace Language='en_US' Tag="LOC_OPTIONS_AUDIO">
			<Text>Audio</Text>
		</Replace>
		<Replace Language='en_US' Tag="LOC_OPTIONS_LANGUAGE">
			<Text>Language</Text>
		</Replace>
		<Replace Language='en_US' Tag="LOC_OPTIONS_INTERFACE">
			<Text>Interface</Text>
		</Replace>
		<Replace Language='en_US' Tag="LOC_OPTIONS_KEY_BINDINGS">
			<Text>Key Bindings</Text>
		</Replace>
		<Replace Language='en_US' Tag="LOC_OPTIONS_APPLICATION">
			<Text>Application</Text>
		</Replace>
		<Replace Language='en_US' Tag="LOC_OPTIONS_GAME_OPTIONS">
			<Text>Game Options</Text>
		</Replace>
		<Replace Language='en_US' Tag="LOC_OPTIONS_GRAPHICS_OPTIONS">
			<Text>Graphics Options</Text>
		</Replace>
		<Replace Language='en_US' Tag="LOC_OPTIONS_AUDIO_OPTIONS">
			<Text>Audio Options</Text>
		</Replace>
		<Replace Language='en_US' Tag="LOC_OPTIONS_LANGUAGE_OPTIONS">
			<Text>Language Options</Text>
		</Replace>
		<Replace Language='en_US' Tag="LOC_OPTIONS_INTERFACE_OPTIONS">
			<Text>Interface Options</Text>
		</Replace>
		<Replace Language='en_US' Tag="LOC_OPTIONS_KEY_BINDINGS_OPTIONS">
			<Text>Key Bindings</Text>
		</Replace>
		<Replace Language='en_US' Tag="LOC_OPTIONS_QUICK_COMBAT">
			<Text>Quick Combat:</Text>
		</Replace>
		<Replace Language='en_US' Tag="LOC_OPTIONS_QUICK_MOVEMENT">
			<Text>Quick Movement:</Text>
		</Replace>
		<Replace Language='en_US' Tag="LOC_OPTIONS_AUTO_END_TURN">
			<Text>Auto End Turn:</Text>
		</Replace>
		<Replace Language='en_US' Tag="LOC_OPTIONS_CITY_RANGE_ATTACK">
			<Text>City Ranged Attack Turn Blocking:</Text>
		</Replace>
		<Replace Language='en_US' Tag="LOC_OPTIONS_CITY_RANGE_ATTACK_TOOLTIP">
			<Text>When enabled, city ranged attacks are turn blocking.</Text>
		</Replace>
		<Replace Language='en_US' Tag="LOC_OPTIONS_TIME_OF_DAY">
			<Text>Time of Day:</Text>
		</Replace>
		<Replace Language='en_US' Tag="LOC_OPTIONS_TUNER">
			<Text>Tuner (disables achievements):</Text>
		</Replace>
		<Replace Language='en_US' Tag="LOC_OPTIONS_TUTORIAL">
			<Text>Advisor:</Text>
		</Replace>
		<Replace Language='en_US' Tag="LOC_OPTIONS_TURNS_BETWEEN_AUTOSAVES">
			<Text>Turns between autosaves:</Text>
		</Replace>
		<Replace Language='en_US' Tag="LOC_OPTIONS_AUTOSAVES_TO_KEEP">
			<Text>Number of autosaves to keep:</Text>
		</Replace>
		<Replace Language='en_US' Tag="LOC_OPTIONS_LAN_PLAYER_NAME">
			<Text>Local Network Player Name:</Text>
		</Replace>
		<Replace Language='en_US' Tag="LOC_OPTIONS_AUTO_DOWNLOAD_ADDITIONAL_CONTENT">
			<Text>Auto Download Additional Content:</Text>
		</Replace>
		<Replace Language='en_US' Tag="LOC_OPTIONS_AUTO_DOWNLOAD_ADDITIONAL_CONTENT_TOOLTIP">
			<Text>Automatically download community made additional content when it is required to join a multiplayer game.</Text>
		</Replace>
		<Replace Language='en_US' Tag="LOC_OPTIONS_STEAM_CONTROLLER_MESSAGE">
			<Text>Steam Controller configuration happens inside the Steam client and not within this UI.  The escape, left mouse button, and right mouse button are reserved and cannot be bound.</Text>
		</Replace>
		<Replace Language='en_US' Tag="LOC_OPTIONS_BIND_HEADER_PRIMARY">
			<Text>Primary binding</Text>
		</Replace>
		<Replace Language='en_US' Tag="LOC_OPTIONS_BIND_HEADER_ALT">
			<Text>Alternative binding</Text>
		</Replace>
		<Replace Language='en_US' Tag="LOC_OPTIONS_APPLICATION_OPTIONS">
			<Text>Application Options</Text>
		</Replace>
		<Replace Language='en_US' Tag="LOC_OPTIONS_SPOKEN_LANGUAGE">
			<Text>Spoken Language:</Text>
		</Replace>
		<Replace Language='en_US' Tag="LOC_OPTIONS_STRATEGIC_VIEW_START">
			<Text>Start in Strategic View:</Text>
		</Replace>
		<Replace Language='en_US' Tag="LOC_OPTIONS_DISPLAY_LANGUAGE">
			<Text>Display Language:</Text>
		</Replace>
		<Replace Language='en_US' Tag="LOC_OPTIONS_MASTER_VOLUME">
			<Text>Master Volume:</Text>
		</Replace>
		<Replace Language='en_US' Tag="LOC_OPTIONS_MUSIC_VOLUME">
			<Text>Music Volume:</Text>
		</Replace>
		<Replace Language='en_US' Tag="LOC_OPTIONS_EFFECTS_VOLUME">
			<Text>Sound Effects Volume:</Text>
		</Replace>
		<Replace Language='en_US' Tag="LOC_OPTIONS_AMBIENT_VOLUME">
			<Text>Ambient Sounds Volume:</Text>
		</Replace>
		<Replace Language='en_US' Tag="LOC_OPTIONS_SPEECH_VOLUME">
			<Text>Speech Volume:</Text>
		</Replace>
		<Replace Language='en_US' Tag="LOC_OPTIONS_MUTE_FOCUS">
			<Text>Mute when the game window is inactive:</Text>
		</Replace>
		<Replace Language='en_US' Tag="LOC_OPTIONS_CLEAR">
			<Text>Clear</Text>
		</Replace>
		<!-- Front End Popop -->
		<Replace Language='en_US' Tag="LOC_CLOSE">
			<Text>Close</Text>
		</Replace>
		<!-- Multiplayer Joining Room Screen -->
		<Replace Language='en_US' Tag="LOC_MULTIPLAYER_JOINING_ROOM_TITLE">
			<Text>PLEASE WAIT</Text>
		</Replace>
		<Replace Language='en_US' Tag="LOC_MULTIPLAYER_JOINING_ROOM">
			<Text>Joining Room...</Text>
		</Replace>
		<Replace Language='en_US' Tag="LOC_MULTIPLAYER_JOINING_HOST">
			<Text>Retrieving Host Information...</Text>
		</Replace>
		<Replace Language='en_US' Tag="LOC_MULTIPLAYER_CONFIGURING_CONTENT">
			<Text>Configuring Game Content...</Text>
		</Replace>
		<Replace Language='en_US' Tag="LOC_MULTIPLAYER_CONNECTING_TO_PLAYERS">
			<Text>Connecting to Players...</Text>
		</Replace>
		<Replace Language='en_US' Tag="LOC_MULTIPLAYER_MATCHMAKING">
			<Text>Finding a Game...</Text>
		</Replace>
		<Replace Language='en_US' Tag="LOC_MP_ROOM_FULL">
			<Text>Unable to join game. The game has the maximum number of players.</Text>
		</Replace>
		<Replace Language='en_US' Tag="LOC_MP_ROOM_FULL_TITLE">
			<Text>Full Game</Text>
		</Replace>
		<Replace Language='en_US' Tag="LOC_MP_JOIN_FAILED">
			<Text>Error joining multiplayer session.</Text>
		</Replace>
		<Replace Language='en_US' Tag="LOC_MP_JOIN_FAILED_TITLE">
			<Text>Join Failed</Text>
		</Replace>
		<Replace Language='en_US' Tag="LOC_MP_ROOM_GAME_STARTED">
			<Text>Unable to join game. The game has already been started.</Text>
		</Replace>
		<Replace Language='en_US' Tag="LOC_MP_ROOM_GAME_STARTED_TITLE">
			<Text>Join Failed</Text>
		</Replace>
		<!-- Multiplayer Staging Room Screen -->
		<Replace Language='en_US' Tag="LOC_MP_SWAP_PLAYER">
			<Text>Swap</Text>
		</Replace>
		<Replace Language='en_US' Tag="TXT_KEY_MP_SWAP_BUTTON_TT">
			<Text>Swap to this player slot.</Text>
		</Replace>
		<Replace Language='en_US' Tag="TXT_KEY_MP_SWAP_WITH_PLAYER_BUTTON_TT">
			<Text>Swap to this player slot only if the other player also chooses to swap.</Text>
		</Replace>
		<Replace Language='en_US' Tag="LOC_MP_KICK_PLAYER">
			<Text>Kick Player</Text>
		</Replace>
		<Replace Language='en_US' Tag="LOC_MULTIPLAYER_STAGING_ROOM">
			<Text>Staging Room</Text>
		</Replace>
		<Replace Language='en_US' Tag="LOC_READY_BUTTON">
			<Text>Ready</Text>
		</Replace>
		<Replace Language='en_US' Tag="LOC_ARE_YOU_READY">
			<Text>Are you ready?</Text>
		</Replace>
		<Replace Language='en_US' Tag="LOC_MP_GAME_SUMMARY_GAME_SETTINGS">
			<Text>Game Settings</Text>
		</Replace>
		<Replace Language='en_US' Tag="LOC_MP_GAME_SUMMARY_ADDITIONAL_CONTENT">
			<Text>Additional Content</Text>
		</Replace>
		<!-- Multiplayer Status Strings -->
		<Replace Language='en_US' Tag="LOC_READY_LABEL">
			<Text>Ready!</Text>
		</Replace>
		<Replace Language='en_US' Tag="LOC_NOT_READY">
			<Text>Not Ready</Text>
		</Replace>
		<Replace Language='en_US' Tag="LOC_INVALID_SLOT_MAP_SIZE">
			<Text>[COLOR:StagingStatus_Invalid]Invalid for Map Size[ENDCOLOR]</Text>
		</Replace>
		<Replace Language='en_US' Tag="LOC_INVALID_SLOT_MAP_SIZE_TT">
			<Text>This player slot is unavailable for the current map size. Have the host increase the map size or swap to an available player slot.</Text>
		</Replace>
		<Replace Language='en_US' Tag="LOC_INVALID_SLOT_HUMAN_REQUIRED">
			<Text>[COLOR:StagingStatus_Invalid]Needs Player[ENDCOLOR]</Text>
		</Replace>
		<Replace Language='en_US' Tag="LOC_INVALID_SLOT_HUMAN_REQUIRED_TT">
			<Text>This player slot needs occupied by a human player to start the game.</Text>
		</Replace>
		<!-- Multiplayer Status Strings END -->
		<Replace Language='en_US' Tag="LOC_JOIN">
			<Text>Join!</Text>
		</Replace>
		<Replace Language='en_US' Tag="LOC_SLOTTYPE_OPEN">
			<Text>Open</Text>
		</Replace>
		<Replace Language='en_US' Tag="LOC_SLOTTYPE_OPEN_TT">
			<Text>Open slots can be occupied by joining players.</Text>
		</Replace>
		<Replace Language='en_US' Tag="LOC_SLOTTYPE_HUMANREQ">
			<Text>Open</Text>
		</Replace>
		<Replace Language='en_US' Tag="LOC_SLOTTYPE_HUMANREQ_TT">
			<Text>Open slots require a human player before the game can start.</Text>
		</Replace>
		<Replace Language='en_US' Tag="LOC_SLOTLABEL_HOST">
			<Text>[ICON_Host] Host</Text>
		</Replace>
		<Replace Language='en_US' Tag="LOC_SLOTLABEL_PLAYER">
			<Text>Player</Text>
		</Replace>
		<Replace Language='en_US' Tag="LOC_SLOTLABEL_COMPUTER">
			<Text>Computer</Text>
		</Replace>
		<Replace Language='en_US' Tag="LOC_SLOTLABEL_OPEN">
			<Text>Open</Text>
		</Replace>
		<Replace Language='en_US' Tag="LOC_SLOTTYPE_AI">
			<Text>AI</Text>
		</Replace>
		<Replace Language='en_US' Tag="LOC_SLOTTYPE_AI_TT">
			<Text>AI Player</Text>
		</Replace>
		<Replace Language='en_US' Tag="LOC_SLOTTYPE_CLOSED">
			<Text>Closed</Text>
		</Replace>
		<Replace Language='en_US' Tag="LOC_SLOTTYPE_CLOSED_TT">
			<Text>Closed slots can not be used by players.</Text>
		</Replace>
		<Replace Language='en_US' Tag="LOC_SLOTTYPE_HUMAN">
			<Text>Human</Text>
		</Replace>
		<Replace Language='en_US' Tag="LOC_SLOTTYPE_HUMAN_TT">
			<Text>Human Player</Text>
		</Replace>
		<Replace Language='en_US' Tag="LOC_MULTIPLAYER_DEFAULT_NO_TEAM_NAME">
			<Text>None</Text>
		</Replace>
		<Replace Language='en_US' Tag="LOC_MULTIPLAYER_DEFAULT_TEAM_NAME">
			<Text>{1_Num}</Text>
		</Replace>
		<Replace Language='en_US' Tag="LOC_CREATE_NEW_TEAM">
			<Text>New</Text>
		</Replace>
		<Replace Language='en_US' Tag="LOC_MULTIPLAYER_TEAM_HEADER">
			<Text>Team</Text>
		</Replace>
		<Replace Language='en_US' Tag="LOC_MULTIPLAYER_DIFFICULTY_HEADER">
			<Text>Difficulty</Text>
		</Replace>
		<Replace Language='en_US' Tag="LOC_MULTIPLAYER_READY_HEADER">
			<Text>Ready?</Text>
		</Replace>
		<Replace Language='en_US' Tag="LOC_MULTIPLAYER_CIV_LEADER_HEADER">
			<Text>Civilization and Leader</Text>
		</Replace>
		<Replace Language='en_US' Tag="LOC_GAMESTART_COUNTDOWN_FORMAT">
			<Text>Game Starting</Text>
		</Replace>
		<Replace Language='en_US' Tag="LOC_READY_COUNTDOWN_FORMAT">
			<Text>Get Ready</Text>
		</Replace>
		<Replace Language='en_US' Tag="LOC_WAITING_FOR_PLAYERS_COUNTDOWN_FORMAT">
			<Text>Waiting for Players</Text>
		</Replace>
		<Replace Language='en_US' Tag="LOC_HOTSEAT_DEFAULT_PLAYER_NAME">
			<Text>Player</Text>
		</Replace>
		<Replace Language='en_US' Tag="LOC_MULTIPLAYER_HOTSEAT_PASSWORD">
			<Text>Password</Text>
		</Replace>
		<Replace Language='en_US' Tag="LOC_MULTIPLAYER_HOTSEAT_PASSWORD_VERIFY">
			<Text>Retype</Text>
		</Replace>
		<Replace Language='en_US' Tag="LOC_MULTIPLAYER_HOTSEAT_PASSWORDS_MATCH">
			<Text>Match</Text>
		</Replace>
		<Replace Language='en_US' Tag="LOC_MULTIPLAYER_HOTSEAT_PASSWORDS_DONT_MATCH">
			<Text>Passwords Don't Match.</Text>
		</Replace>
		<!-- Staging Room Ready Button-->
		<Replace Language='en_US' Tag="LOC_READY_UNSUPPORTED">
			<Text>Unsupported.</Text>
		</Replace>
		<Replace Language='en_US' Tag="LOC_READY_UNSUPPORTED_TT">
			<Text>Unsupported amount of players.</Text>
		</Replace>
		<Replace Language='en_US' Tag="LOC_READY_BLOCKED_TEAMS_INVALID">
			<Text>Invalid Teams</Text>
		</Replace>
		<Replace Language='en_US' Tag="LOC_READY_BLOCKED_TEAMS_INVALID_TT">
			<Text>Cannot start game. All civilizations are on the same team.</Text>
		</Replace>
		<Replace Language='en_US' Tag="LOC_READY_BLOCKED_CONNECTING_PLAYER">
			<Text>Cannot start game. Players are joining the game.</Text>
		</Replace>
		<Replace Language='en_US' Tag="LOC_READY_BLOCKED_PLAYER_MAP_SIZE">
			<Text>Map Size Issue</Text>
		</Replace>
		<Replace Language='en_US' Tag="LOC_READY_BLOCKED_PLAYER_MAP_SIZE_TT">
			<Text>Can not start game. A player is in an invalid player slot for the current map size. The current map only supports {1_number} players.</Text>
		</Replace>
		<Replace Language='en_US' Tag="LOC_READY_BLOCKED_NOT_ENOUGH_PLAYERS">
			<Text>Not Enough Players</Text>
		</Replace>
		<Replace Language='en_US' Tag="LOC_READY_BLOCKED_NOT_ENOUGH_PLAYERS_TT">
			<Text>Cannot start game. Two players are required to start.</Text>
		</Replace>
		<Replace Language='en_US' Tag="LOC_READY_BLOCKED_PLAYERS_CONNECTING">
			<Text>Players Joining Game</Text>
		</Replace>
		<Replace Language='en_US' Tag="LOC_READY_BLOCKED_PLAYERS_CONNECTING_TT">
			<Text>Waiting for players joining into the game.</Text>
		</Replace>
		<Replace Language='en_US' Tag="LOC_READY_BLOCKED_PLAYERS_NOT_MOD_READY">
			<Text>Player Missing Mods</Text>
		</Replace>
		<Replace Language='en_US' Tag="LOC_READY_BLOCKED_PLAYERS_NOT_MOD_READY_TT">
			<Text>Waiting on players who do not have the mods required for this game.</Text>
		</Replace>
		<Replace Language='en_US' Tag="LOC_READY_BLOCKED_HOTSEAT_PASSWORD_MISMATCH">
			<Text>Password Mismatch</Text>
		</Replace>
		<Replace Language='en_US' Tag="LOC_READY_BLOCKED_HOTSEAT_PASSWORD_MISMATCH_TT">
			<Text>All passwords must match.</Text>
		</Replace>
		<Replace Language='en_US' Tag="LOC_READY_BLOCKED_HOTSEAT_NO_HUMAN_PLAYERS">
			<Text>No Human Players</Text>
		</Replace>
		<Replace Language='en_US' Tag="LOC_READY_BLOCKED_HOTSEAT_NO_HUMAN_PLAYERS_TT">
			<Text>Need at least 1 human player</Text>
		</Replace>
		<Replace Language='en_US' Tag="LOC_READY_BLOCKED_HOTSEAT_INVALID_TEAMS">
			<Text>Invalid Teams</Text>
		</Replace>
		<Replace Language='en_US' Tag="LOC_READY_BLOCKED_HOTSEAT_INVALID_TEAMS_TT">
			<Text>At least 2 players need to be on different teams</Text>
		</Replace>
		<!-- Staging Room Invite Button -->
		<Replace Language='en_US' Tag="LOC_INVITE_BUTTON">
			<Text>Invite Friends</Text>
		</Replace>
		<Replace Language='en_US' Tag="LOC_INVITE_BUTTON_TT">
			<Text>Invite friends from your Steam friends list to this game.</Text>
		</Replace>
		<!-- Confirm Kick Popup -->
		<Replace Language='en_US' Tag="LOC_CANCEL_BUTTON">
			<Text>Cancel</Text>
		</Replace>
		<Replace Language='en_US' Tag="LOC_ACCEPT_BUTTON">
			<Text>Accept</Text>
		</Replace>
		<Replace Language='en_US' Tag="LOC_CONFIRM_KICK_PLAYER_DESC">
			<Text>Are you sure you wish to kick {1_player} from the game?</Text>
		</Replace>
		<!-- Edit Hotseat Player Popup -->
		<Replace Language='en_US' Tag="LOC_HOTSEAT_EDIT_PLAYER_TT">
			<Text>Edit Hot Seat Player.</Text>
		</Replace>
		<Replace Language='en_US' Tag="LOC_HOTSEAT_EDIT_PLAYER">
			<Text>Edit Hot Seat Player</Text>
		</Replace>
		<Replace Language='en_US' Tag="LOC_HOTSEAT_PLAYER_NAME">
			<Text>Player Name:</Text>
		</Replace>
		<Replace Language='en_US' Tag="LOC_HOTSEAT_PASSWORD">
			<Text>Password:</Text>
		</Replace>
		<Replace Language='en_US' Tag="LOC_HOTSEAT_RETYPE_PASSWORD">
			<Text>Retype Password:</Text>
		</Replace>
		<!-- Network Connection Status -->
		<Replace Language='en_US' Tag="LOC_MP_PLAYER_CONNECTED">
			<Text>Player is currently in-game.</Text>
		</Replace>
		<Replace Language='en_US' Tag="LOC_MP_PLAYER_CONNECTED_SUMMARY">
			<Text>[COLOR:ConnectionStatus_Connected]Connected[ENDCOLOR]</Text>
		</Replace>
		<Replace Language='en_US' Tag="LOC_MP_PLAYER_NOTCONNECTED">
			<Text>Player is not connected.</Text>
		</Replace>
		<Replace Language='en_US' Tag="LOC_MP_PLAYER_NOTCONNECTED_SUMMARY">
			<Text>[COLOR:ConnectionStatus_Offline]Offline[ENDCOLOR]</Text>
		</Replace>
		<Replace Language='en_US' Tag="LOC_MP_PLAYER_CONNECTING">
			<Text>Player is joining the game.</Text>
		</Replace>
		<Replace Language='en_US' Tag="LOC_MP_PLAYER_CONNECTING_SUMMARY">
			<Text>[COLOR:ConnectionStatus_Connecting]Joining[ENDCOLOR]</Text>
		</Replace>
		<Replace Language='en_US' Tag="LOC_MP_PLAYER_NOT_MOD_READY">
			<Text>Player does not have the mods required to play in this game.</Text>
		</Replace>
		<Replace Language='en_US' Tag="LOC_MP_PLAYER_NOT_MOD_READY_SUMMARY">
			<Text>[COLOR:ConnectionStatus_NotModReady]Mods Missing[ENDCOLOR]</Text>
		</Replace>
		<Replace Language='en_US' Tag="LOC_MP_PLAYER_RESYNCING">
			<Text>Player is reloading to correct a desync.</Text>
		</Replace>
		<Replace Language='en_US' Tag="LOC_MP_PLAYER_RESYNCING_SUMMARY">
			<Text>[COLOR:ConnectionStatus_Resyncing]Resyncing[ENDCOLOR]</Text>
		</Replace>
		<Replace Language='en_US' Tag="LOC_TIME_MILLISECONDS">
			<Text>ms</Text>
		</Replace>
		<Replace Language='en_US' Tag="LOC_TIME_SECONDS">
			<Text>s</Text>
		</Replace>
		<!-- Friend Actions  -->
		<Replace Language='en_US' Tag="LOC_FRIEND_ACTION_PROFILE">
			<Text>Steam Profile</Text>
		</Replace>
		<Replace Language='en_US' Tag="LOC_FRIEND_ACTION_PROFILE_TT">
			<Text>View this friend's profile page.</Text>
		</Replace>
		<Replace Language='en_US' Tag="LOC_FRIEND_ACTION_CHAT">
			<Text>Send Message</Text>
		</Replace>
		<Replace Language='en_US' Tag="LOC_FRIEND_ACTION_CHAT_TT">
			<Text>Send a message to this friend.</Text>
		</Replace>
		<Replace Language='en_US' Tag="LOC_FRIEND_ACTION_INVITE">
			<Text>Invite to Game</Text>
		</Replace>
		<Replace Language='en_US' Tag="LOC_FRIEND_ACTION_INVITE_TT">
			<Text>Invite this friend to play.</Text>
		</Replace>
		<!-- Friend Status  -->
		<Replace Language='en_US' Tag="LOC_PRESENCE_ONLINE">
			<Text>[COLOR:ButtonCS]Online[ENDCOLOR]</Text>
		</Replace>
		<Replace Language='en_US' Tag="LOC_PRESENCE_IN_SHELL">
			<Text>[COLOR:ConnectionStatus_Connected]Main Menu[ENDCOLOR]</Text>
		</Replace>
		<Replace Language='en_US' Tag="LOC_PRESENCE_HOSTING_GAME">
			<Text>[COLOR:ConnectionStatus_Connected]Hosting Game[ENDCOLOR]</Text>
		</Replace>
		<Replace Language='en_US' Tag="LOC_PRESENCE_IN_STAGING_ROOM">
			<Text>[COLOR:ConnectionStatus_Connected]Staging Room[ENDCOLOR]</Text>
		</Replace>
		<Replace Language='en_US' Tag="LOC_PRESENCE_IN_GAME_SP">
			<Text>[COLOR:ConnectionStatus_Connected]Single Player[ENDCOLOR]</Text>
		</Replace>
		<Replace Language='en_US' Tag="LOC_PRESENCE_IN_GAME_ONLINE">
			<Text>[COLOR:ConnectionStatus_Connected]Multiplayer (Online)[ENDCOLOR]</Text>
		</Replace>
		<Replace Language='en_US' Tag="LOC_PRESENCE_IN_GAME_LAN">
			<Text>[COLOR:ConnectionStatus_Connected]Multiplayer (LAN)[ENDCOLOR]</Text>
		</Replace>
		<Replace Language='en_US' Tag="LOC_PRESENCE_IN_GAME_HOTSEAT">
			<Text>[COLOR:ConnectionStatus_Connected]Multiplayer (Hot Seat)[ENDCOLOR]</Text>
		</Replace>
		<Replace Language='en_US' Tag="LOC_PRESENCE_IN_GAME_PLAYBYCLOUD">
			<Text>[COLOR:ConnectionStatus_Connected]Multiplayer (Play By Cloud)[ENDCOLOR]</Text>
		</Replace>
		<Replace Language='en_US' Tag="LOC_PRESENCE_INVITED_ONLINE">
			<Text>[COLOR:ConnectionStatus_Connected]Invited[ENDCOLOR]</Text>
		</Replace>
		<Replace Language='en_US' Tag="LOC_PRESENCE_INVITED_OFFLINE">
			<Text>[COLOR:ButtonCS]Invited[ENDCOLOR]</Text>
		</Replace>
    <Replace Language='en_US' Tag="LOC_PRESENCE_WORLD_BUILDER">
      <Text>[COLOR:ConnectionStatus_Connected]World Builder[ENDCOLOR]</Text>
    </Replace>
		<!-- Player Connection EVents -->
		<Replace Language='en_US' Tag="LOC_MP_PLAYER_CONNECTED_CHAT">
			<Text>Connected</Text>
		</Replace>
		<Replace Language='en_US' Tag="LOC_MP_PLAYER_DISCONNECTED_CHAT">
			<Text>Disconnected</Text>
		</Replace>
		<Replace Language='en_US' Tag="LOC_MP_PLAYER_HOST_MIGRATED_CHAT">
			<Text>Is Now the Host</Text>
		</Replace>
		<Replace Language='en_US' Tag="LOC_MP_PLAYER_KICKED_CHAT">
			<Text>Was Kicked</Text>
		</Replace>
		<!-- Multiplayer Chat -->
		<Replace Language='en_US' Tag="LOC_MULTIPLAYER_CHAT">
			<Text>CHAT</Text>
		</Replace>
		<Replace Language='en_US' Tag="LOC_MULTIPLAYER_TO_ALL">
			<Text>To All:</Text>
		</Replace>
		<!-- Multiplayer Mod Downloads -->
		<Replace Language='en_US' Tag="LOC_BYTES">
			<Text>b</Text>
		</Replace>
		<Replace Language='en_US' Tag="LOC_KILOBYTES">
			<Text>Kb</Text>
		</Replace>
		<Replace Language='en_US' Tag="LOC_MEGABYTES">
			<Text>Mb</Text>
		</Replace>
		<!-- Setup -->
		<Replace Language='en_US' Tag="LOC_SETUP_CREATE_GAME">
			<Text>Create Game</Text>
		</Replace>
		<Replace Language='en_US' Tag="LOC_SETUP_CHOOSE_RULESET">
			<Text>Choose Ruleset</Text>
		</Replace>
		<Replace Language='en_US' Tag="LOC_SETUP_CHOOSE_SCENARIO">
			<Text>Choose Scenario</Text>
		</Replace>
		<Replace Language='en_US' Tag="LOC_SETUP_SCENARIOS">
			<Text>Scenarios</Text>
		</Replace>
		<Replace Language='en_US' Tag="LOC_SETUP_SCENARIO">
			<Text>Scenario</Text>
		</Replace>
		<Replace Language='en_US' Tag="LOC_SETUP_CIVILIZATION">
			<Text>Choose Civilization</Text>
		</Replace>
		<Replace Language='en_US' Tag="LOC_SETUP_DIFFICULTY">
			<Text>Choose Game Difficulty</Text>
		</Replace>
		<Replace Language='en_US' Tag="LOC_SETUP_SPEED">
			<Text>Choose Game Speed</Text>
		</Replace>
		<Replace Language='en_US' Tag="LOC_SETUP_MAP_TYPE">
			<Text>Choose Map Type</Text>
		</Replace>
		<Replace Language='en_US' Tag="LOC_SETUP_MAP_SIZE">
			<Text>Choose Map Size</Text>
		</Replace>
    <Replace Language='en_US' Tag="LOC_SETUP_MODE_SELECT">
      <Text>Game Modes</Text>
    </Replace>
    <Replace Language='en_US' Tag="LOC_SETUP_NO_GAME_MODES">
      <Text>No Game Modes available.</Text>
    </Replace>
		<Replace Language='en_US' Tag="LOC_DELETE_AI">
			<Text>Delete</Text>
		</Replace>
		<Replace Language='en_US' Tag="LOC_SETUP_ADVANCED_OPTIONS">
			<Text>Advanced Setup</Text>
		</Replace>
		<Replace Language='en_US' Tag="LOC_SETUP_VICTORY_CONDITIONS">
			<Text>Victory Conditions</Text>
		</Replace>
		<Replace Language='en_US' Tag="LOC_SETUP_GAME_MODES">
			<Text>Game Modes</Text>
		</Replace>
		<Replace Language='en_US' Tag="LOC_ADVANCED_OPTIONS">
			<Text>Advanced Options</Text>
		</Replace>
		<Replace Language='en_US' Tag="LOC_EDIT_BUTTON">
			<Text>Edit</Text>
		</Replace>
		<Replace Language='en_US' Tag="LOC_SETUP_ADD_PLAYER">
			<Text>Add Player</Text>
		</Replace>
		<Replace Language='en_US' Tag="LOC_SETUP_ADD_PLAYER_TT">
			<Text>Add a player to the game.</Text>
		</Replace>
		<Replace Language='en_US' Tag="LOC_SETUP_ADD_AI_PLAYER">
			<Text>Add AI Player</Text>
		</Replace>
		<Replace Language='en_US' Tag="LOC_SETUP_ADD_AI_PLAYER_TT">
			<Text>Add an AI player to the game.</Text>
		</Replace>
		<Replace Language='en_US' Tag="LOC_SETUP_RESTORE_DEFAULT">
			<Text>Restore Defaults</Text>
		</Replace>
		<Replace Language='en_US' Tag="LOC_SETUP_RESTORE_DEFAULT_TT">
			<Text>Restore all parameters to their default values.</Text>
		</Replace>
		<Replace Language='en_US' Tag="LOC_SETUP_MAP_MAP_SELECT">
			<Text>Map Select</Text>
		</Replace>
		<Replace Language='en_US' Tag="LOC_SETUP_MAP_CREATE_GAME_SELECT_MAP">
			<Text>Select Map</Text>
		</Replace>
		<Replace Language='en_US' Tag="LOC_SETUP_MAP_SELECT_MAP">
			<Text>Select Map</Text>
		</Replace>
		<Replace Language='en_US' Tag="LOC_SETUP_MAP_OFFICIAL_MAPS">
			<Text>Official Maps</Text>
		</Replace>
		<Replace Language='en_US' Tag="LOC_SETUP_MAP_FIRAXIS_MAPS">
			<Text>Firaxis Maps</Text>
		</Replace>
		<Replace Language='en_US' Tag="LOC_SETUP_MAP_FIRAXIS_MAPS_TOOLTIP">
			<Text>Only show official maps made by Firaxis.</Text>
		</Replace>
		<Replace Language='en_US' Tag="LOC_SETUP_MAP_WORLD_BUILDER_MAPS">
			<Text>World Builder Maps</Text>
		</Replace>
		<Replace Language='en_US' Tag="LOC_SETUP_MAP_WORLD_BUILDER_MAPS_TOOLTIP">
			<Text>Only show World Builder maps.</Text>
		</Replace>
		<Replace Language='en_US' Tag="LOC_SETUP_MAP_ALL_MAPS">
			<Text>All Maps</Text>
		</Replace>
		<Replace Language='en_US' Tag="LOC_SETUP_MAP_ALL_MAPS_TOOLTIP">
			<Text>Show all maps.</Text>
		</Replace>
		<Replace Language='en_US' Tag="LOC_SETUP_MAP_MAP_INFO">
			<Text>Map Info</Text>
		</Replace>
		<Replace Language='en_US' Tag="LOC_SETUP_MAP_SELECTED_MAP">
			<Text>Selected Map</Text>
		</Replace>
		<Replace Language='en_US' Tag="LOC_START_GAME">
			<Text>Start Game</Text>
		</Replace>
		<Replace Language='en_US' Tag="LOC_START_WORLD_BUILDER">
			<Text>Start World Builder</Text>
		</Replace>
		<Replace Language='en_US' Tag="LOC_WORLD_BUILDER_START_NEW">
			<Text>New Map</Text>
		</Replace>
		<Replace Language='en_US' Tag="LOC_WORLD_BUILDER_LOAD">
			<Text>Load Map</Text>
		</Replace>
		<Replace Language='en_US' Tag="LOC_WORLD_BUILDER_IMPORT">
			<Text>Import Map from Editor</Text>
		</Replace>
		<Replace Language='en_US' Tag="LOC_WORLD_BUILDER_START_NEW_TOOLTIP">
			<Text>Creates a new blank or generated World Builder map to edit.</Text>
		</Replace>
		<Replace Language='en_US' Tag="LOC_WORLD_BUILDER_LOAD_TOOLTIP">
			<Text>Loads a previously saved World Builder map.</Text>
		</Replace>
		<Replace Language='en_US' Tag="LOC_WORLD_BUILDER_IMPORT_TOOLTIP">
			<Text>Converts a properly structured .TMX map file into a World Builder map.</Text>
		</Replace>
		<Replace Language='en_US' Tag="LOC_RANDOM_LEADER">
			<Text>Random Leader</Text>
		</Replace>
		<Replace Language='en_US' Tag="LOC_RANDOM_CIVILIZATION">
			<Text>Random Civilization</Text>
		</Replace>
		<Replace Language='en_US' Tag="LOC_SETUP_ERROR_NO_DUPLICATE_LEADERS">
			<Text>No Duplicate Leaders</Text>
		</Replace>
		<Replace Language='en_US' Tag="LOC_SETUP_ERROR_NO_DUPLICATE_CIVILIZATIONS">
			<Text>No Duplicate Civilizations</Text>
		</Replace>
		<Replace Language='en_US' Tag="LOC_SETUP_ERROR_HUMANS_REQUIRED">
			<Text>Awaiting Additional Players</Text>
		</Replace>
		<Replace Language='en_US' Tag="LOC_SETUP_ERROR_HUMANS_REQUIRED_TT">
			<Text>Cannot start game. All Open player slots must be occuped before the game can begin.</Text>
		</Replace>
		<Replace Language='en_US' Tag="LOC_READY_BLOCKED_READY_COUNTDOWN_TT">
			<Text>Cannot start game. Waiting for Ready Countdown or full, readied up game.</Text>
		</Replace>
		<Replace Language='en_US' Tag="LOC_READY_COUNTDOWN_TT">
			<Text>You will be set to ready at the end of this countdown. Click to toggle ready now.</Text>
		</Replace>
		<Replace Language='en_US' Tag="LOC_WAITING_FOR_PLAYERS_COUNTDOWN_TT">
			<Text>Waiting for additional players. Game will start at the end of the countdown or once the game is full of ready players.</Text>
		</Replace>
		<Replace Language='en_US' Tag="LOC_SETUP_ERROR_INVALID_OPTION">
			<Text>Invalid Option</Text>
		</Replace>
		<Replace Language='en_US' Tag="LOC_SETUP_ERROR_LEADER_NOT_OWNED">
			<Text>Not Owned</Text>
		</Replace>
		<Replace Language='en_US' Tag="LOC_SETUP_PARAMETER_ERROR">
			<Text>One or more options are invalid.</Text>
		</Replace>
		<Replace Language='en_US' Tag="LOC_SETUP_PLAYER_PARAMETER_ERROR">
			<Text>One or more player options are invalid.</Text>
		</Replace>
		<Replace Language='en_US' Tag="LOC_SETUP_PLAYER_COLOR_COLLISION">
			<Text>This civilization's colors may conflict with those of another civilization.  You may choose an alternate color scheme from the drop-down list if you wish.</Text>
		</Replace>
		<!-- Configuration Parameters.  Move these to a better location -->
		<Replace Language='en_US' Tag="LOC_RULESET">
			<Text>Ruleset</Text>
		</Replace>
		<Replace Language='en_US' Tag="LOC_GAME_NAME">
			<Text>Game Name</Text>
		</Replace>
		<Replace Language='en_US' Tag="LOC_GAME_NAME_DESC">
			<Text>The name displayed for this game in the multiplayer server list.</Text>
		</Replace>
		<Replace Language='en_US' Tag="LOC_PRIVATE_GAME">
			<Text>Private Game</Text>
		</Replace>
		<Replace Language='en_US' Tag="LOC_PRIVATE_GAME_DESC">
			<Text>Private games are not shown in the multiplayer lobby.  A private game is only accessable thru a game invite or the Steam friends list.  This setting does not apply to Local Network games.</Text>
		</Replace>
		<Replace Language='en_US' Tag="LOC_GAME_VICTORY_TIME">
			<Text>Time</Text>
		</Replace>
		<Replace Language='en_US' Tag="LOC_GAME_VICTORY_SCIENCE">
			<Text>Science</Text>
		</Replace>
		<Replace Language='en_US' Tag="LOC_GAME_NO_GOODY_HUTS">
			<Text>No Tribal Villages</Text>
		</Replace>
		<Replace Language='en_US' Tag="LOC_GAME_NO_BARBARIANS">
			<Text>No Barbarians</Text>
		</Replace>
		<Replace Language='en_US' Tag="LOC_GAME_ALLIES_SHARE_VISIBILITY">
			<Text>Teams Share Visibility</Text>
		</Replace>
		<Replace Language='en_US' Tag="LOC_GAME_ALLIES_SHARE_VISIBILITY_DESCRIPTION">
			<Text>Players on the same team will share their visibility of the map.</Text>
		</Replace>
		<Replace Language='en_US' Tag="LOC_GAME_TURNTIMER_TYPE">
			<Text>Turn Timer</Text>
		</Replace>
		<Replace Language='en_US' Tag="LOC_GAME_TURN_TIMER_TIME">
			<Text>Turn Time</Text>
		</Replace>
		<Replace Language='en_US' Tag="LOC_GAME_TURN_TIMER_TIME_TOOLTIP">
			<Text>Turn time used by the Standard Turn Timer mode (in seconds).</Text>
		</Replace>
		<Replace Language='en_US' Tag="LOC_GAME_TURNPHASE_TYPE">
			<Text>Turn Mode</Text>
		</Replace>
		<Replace Language='en_US' Tag="LOC_GAME_TURNPHASE_DESC">
			<Text>Turn mode used by human controlled players in multiplayer.</Text>
		</Replace>
		<Replace Language='en_US' Tag="LOC_GAME_SYNC_RANDOM_SEED">
			<Text>Game Random Seed</Text>
		</Replace>
		<Replace Language='en_US' Tag="LOC_GAME_SYNC_RANDOM_SEED_TOOLTIP">
			<Text>The random seed for game rules.</Text>
		</Replace>
		<Replace Language='en_US' Tag="LOC_MAP_RANDOM_SEED">
			<Text>Map Random Seed</Text>
		</Replace>
		<Replace Language='en_US' Tag="LOC_MAP_RANDOM_SEED_TOOLTIP">
			<Text>The random seed for map generation.</Text>
		</Replace>
		<Replace Language='en_US' Tag="LOC_MAP_WORLD_AGE_NAME">
			<Text>World Age</Text>
		</Replace>
		<Replace Language='en_US' Tag="LOC_MAP_WORLD_AGE_NEW_NAME">
			<Text>New</Text>
		</Replace>
		<Replace Language='en_US' Tag="LOC_MAP_WORLD_AGE_STANDARD_NAME">
			<Text>Standard</Text>
		</Replace>
		<Replace Language='en_US' Tag="LOC_MAP_WORLD_AGE_OLD_NAME">
			<Text>Old</Text>
		</Replace>
		<Replace Language='en_US' Tag="LOC_MAP_WORLD_AGE_RANDOM_NAME">
			<Text>Random</Text>
		</Replace>
		<Replace Language='en_US' Tag="LOC_MAP_TEMPERATURE_NAME">
			<Text>Temperature</Text>
		</Replace>
		<Replace Language='en_US' Tag="LOC_MAP_TEMPERATURE_HOT_NAME">
			<Text>Hot</Text>
		</Replace>
		<Replace Language='en_US' Tag="LOC_MAP_TEMPERATURE_STANDARD_NAME">
			<Text>Standard</Text>
		</Replace>
		<Replace Language='en_US' Tag="LOC_MAP_TEMPERATURE_COLD_NAME">
			<Text>Cold</Text>
		</Replace>
		<Replace Language='en_US' Tag="LOC_MAP_TEMPERATURE_RANDOM_NAME">
			<Text>Random</Text>
		</Replace>
		<Replace Language='en_US' Tag="LOC_MAP_RAINFALL_NAME">
			<Text>Rainfall</Text>
		</Replace>
		<Replace Language='en_US' Tag="LOC_MAP_RAINFALL_ARID_NAME">
			<Text>Arid</Text>
		</Replace>
		<Replace Language='en_US' Tag="LOC_MAP_RAINFALL_STANDARD_NAME">
			<Text>Standard</Text>
		</Replace>
		<Replace Language='en_US' Tag="LOC_MAP_RAINFALL_WET_NAME">
			<Text>Wet</Text>
		</Replace>
		<Replace Language='en_US' Tag="LOC_MAP_RAINFALL_RANDOM_NAME">
			<Text>Random</Text>
		</Replace>
		<Replace Language='en_US' Tag="LOC_MAP_SEA_LEVEL_NAME">
			<Text>Sea Level</Text>
		</Replace>
		<Replace Language='en_US' Tag="LOC_MAP_SEA_LEVEL_LOW_NAME">
			<Text>Low</Text>
		</Replace>
		<Replace Language='en_US' Tag="LOC_MAP_SEA_LEVEL_STANDARD_NAME">
			<Text>Standard</Text>
		</Replace>
		<Replace Language='en_US' Tag="LOC_MAP_SEA_LEVEL_HIGH_NAME">
			<Text>High</Text>
		</Replace>
		<Replace Language='en_US' Tag="LOC_MAP_SEA_LEVEL_RANDOM_NAME">
			<Text>Random</Text>
		</Replace>
		<Replace Language='en_US' Tag="LOC_MAP_RESOURCES_NAME">
			<Text>Resources</Text>
		</Replace>
		<Replace Language='en_US' Tag="LOC_MAP_RESOURCES_SPARSE_NAME">
			<Text>Sparse</Text>
		</Replace>
		<Replace Language='en_US' Tag="LOC_MAP_RESOURCES_STANDARD_NAME">
			<Text>Standard</Text>
		</Replace>
		<Replace Language='en_US' Tag="LOC_MAP_RESOURCES_ABUNDANT_NAME">
			<Text>Abundant</Text>
		</Replace>
		<Replace Language='en_US' Tag="LOC_MAP_RESOURCES_RANDOM_NAME">
			<Text>Random</Text>
		</Replace>
		<Replace Language='en_US' Tag="LOC_MAP_START_POSITION_NAME">
			<Text>Start Position</Text>
		</Replace>
		<Replace Language='en_US' Tag="LOC_MAP_START_POSITION_BALANCED_NAME">
			<Text>Balanced</Text>
		</Replace>
		<Replace Language='en_US' Tag="LOC_MAP_START_POSITION_STANDARD_NAME">
			<Text>Standard</Text>
		</Replace>
		<Replace Language='en_US' Tag="LOC_MAP_START_POSITION_LEGENDARY_NAME">
			<Text>Legendary</Text>
		</Replace>
		<Replace Language='en_US' Tag="LOC_MAP_PREDEFINED_START_LOCATIONS_NAME">
			<Text>Predefined Start Locations</Text>
		</Replace>
    <Replace Language='en_US' Tag="LOC_MAP_START_POSITION_MIRRORED_NAME">
      <Text>Mirrored</Text>
    </Replace>
    <Replace Language='en_US' Tag="LOC_MAP_PREDEFINED_START_LOCATIONS_DESCRIPTION">
			<Text>Use starting locations that are predefined in the map.</Text>
		</Replace>
		<!--Game Speed Descriptions -->
		<Replace Language='en_US' Tag="LOC_GAMESPEED_MARATHON_HELP">
			<Text>Very prolonged game (200% slower).</Text>
		</Replace>
		<Replace Language='en_US' Tag="LOC_GAMESPEED_EPIC_HELP">
			<Text>Prolonged game (50% slower).</Text>
		</Replace>
		<Replace Language='en_US' Tag="LOC_GAMESPEED_STANDARD_HELP">
			<Text>Normal speed game.</Text>
		</Replace>
		<Replace Language='en_US' Tag="LOC_GAMESPEED_QUICK_HELP">
			<Text>Quick game (33% faster).</Text>
		</Replace>
		<Replace Language='en_US' Tag="LOC_GAMESPEED_ONLINE_HELP">
			<Text>Double-speed game used for online multiplayer.</Text>
		</Replace>
		<!-- Map Type Descriptions -->
		<Replace Language='en_US' Tag="LOC_MAP_ARCHIPELAGO_DESCRIPTION">
			<Text>Lots of small islands with a few larger islands.</Text>
		</Replace>
		<Replace Language='en_US' Tag="LOC_MAP_CONTINENTS_DESCRIPTION">
			<Text>A few large landmasses.</Text>
		</Replace>
		<Replace Language='en_US' Tag="LOC_MAP_FRACTAL_DESCRIPTION">
			<Text>Unpredictable map that can result in one or many landmasses.</Text>
		</Replace>
		<Replace Language='en_US' Tag="LOC_MAP_INLANDSEA_DESCRIPTION">
			<Text>One large ocean in the center of the map.</Text>
		</Replace>
		<Replace Language='en_US' Tag="LOC_MAP_SEVEN_SEAS_DESCRIPTION">
			<Text>Several large bodies of water surrounded by land. Islands can be found in these waters.</Text>
		</Replace>
		<Replace Language='en_US' Tag="LOC_MAP_SMALL_CONTINENTS_DESCRIPTION">
			<Text>The world will consist of a few medium landmasses and some smaller islands.</Text>
		</Replace>
		<Replace Language='en_US' Tag="LOC_MAP_ISLAND_PLATES_DESCRIPTION">
			<Text>Islands ranging in size from small to large.</Text>
		</Replace>
		<Replace Language='en_US' Tag="LOC_MAP_LAKES_DESCRIPTION">
			<Text>A world without oceans, only lakes and inland seas.</Text>
		</Replace>
		<Replace Language='en_US' Tag="LOC_MAP_MIRROR_DESCRIPTION">
			<Text>Randomly generated balanced four-player map ideal for competitive multiplayer matches.</Text>
		</Replace>
		<Replace Language='en_US' Tag="LOC_MAP_PANGAEA_DESCRIPTION">
			<Text>One massive landmass with surrounding islands.</Text>
		</Replace>
		<Replace Language='en_US' Tag="LOC_MAP_SHUFFLE_DESCRIPTION">
			<Text>What secrets will this map reveal?</Text>
		</Replace>
		<Replace Language='en_US' Tag="LOC_MAP_TERRA_DESCRIPTION">
			<Text>A continents map where all major civilizations start on the largest continent.</Text>
		</Replace>
		<!-- Map Size Descriptions -->
		<Replace Language='en_US' Tag="LOC_MAPSIZE_DUEL_DESCRIPTION">
			<Text>Very small map for 2 players.</Text>
		</Replace>
		<Replace Language='en_US' Tag="LOC_MAPSIZE_TINY_DESCRIPTION">
			<Text>Slightly smaller map for 4 players.</Text>
		</Replace>
		<Replace Language='en_US' Tag="LOC_MAPSIZE_SMALL_DESCRIPTION">
			<Text>Small map for 6 players.</Text>
		</Replace>
		<Replace Language='en_US' Tag="LOC_MAPSIZE_STANDARD_DESCRIPTION">
			<Text>Average-sized map for 8 players.</Text>
		</Replace>
		<Replace Language='en_US' Tag="LOC_MAPSIZE_LARGE_DESCRIPTION">
			<Text>Large map for 10 players.</Text>
		</Replace>
		<Replace Language='en_US' Tag="LOC_MAPSIZE_HUGE_DESCRIPTION">
			<Text>Enormous map for 12 players.</Text>
		</Replace>
		<!-- Turn Timer Settings -->
		<Replace Language='en_US' Tag="LOC_TURNTIMER_NONE">
			<Text>No Turn Timer</Text>
		</Replace>
		<Replace Language='en_US' Tag="LOC_TURNTIMER_NONE_DESC">
			<Text>Players take turns without time constraints.</Text>
		</Replace>
		<Replace Language='en_US' Tag="LOC_TURNTIMER_DYNAMIC">
			<Text>Dynamic Turn Timer</Text>
		</Replace>
		<Replace Language='en_US' Tag="LOC_TURNTIMER_DYNAMIC_DESC">
			<Text>Turn time is dynamically scaled based on the number of cities and units in play.</Text>
		</Replace>
		<Replace Language='en_US' Tag="LOC_TURNTIMER_STANDARD">
			<Text>Standard Turn Timer</Text>
		</Replace>
		<Replace Language='en_US' Tag="LOC_TURNTIMER_STANDARD_DESC">
			<Text>Turn time is based on the Turn Time option (in seconds).</Text>
		</Replace>
		<!-- Turn Mode Settings -->
		<Replace Language='en_US' Tag="LOC_TURNPHASE_SIMULTANEOUS">
			<Text>Simultaneous Turns</Text>
		</Replace>
		<Replace Language='en_US' Tag="LOC_TURNPHASE_SIMULTANEOUS_DESC">
			<Text>Players take their turns at the same time.</Text>
		</Replace>
		<Replace Language='en_US' Tag="LOC_TURNPHASE_DYNAMIC">
			<Text>Dynamic Turns</Text>
		</Replace>
		<Replace Language='en_US' Tag="LOC_TURNPHASE_DYNAMIC_DESC">
			<Text>Players at peace take their turns at the same time.  Players at war take their turns sequentially.</Text>
		</Replace>
		<!-- Map Config Descriptions -->
		<Replace Language='en_US' Tag="LOC_MAP_WORLD_AGE_DESCRIPTION">
			<Text>Changes the maps elevation (Hills and Mountains).</Text>
		</Replace>
		<Replace Language='en_US' Tag="LOC_MAP_WORLD_AGE_NEW_DESCRIPTION">
			<Text>A map with more hills, mountains, and volcanoes.</Text>
		</Replace>
		<Replace Language='en_US' Tag="LOC_MAP_WORLD_AGE_STANDARD_DESCRIPTION">
			<Text>A map with standard hills, mountains, and volcanoes.</Text>
		</Replace>
		<Replace Language='en_US' Tag="LOC_MAP_WORLD_AGE_OLD_DESCRIPTION">
			<Text>A map with less hills, mountains, and volcanoes.</Text>
		</Replace>
		<Replace Language='en_US' Tag="LOC_MAP_WORLD_AGE_RANDOM_DESCRIPTION">
			<Text>A map with random hills, mountains, and volcanoes.</Text>
		</Replace>
		<Replace Language='en_US' Tag="LOC_MAP_TEMPERATURE_DESCRIPTION">
			<Text>Adjusts the terrain of the map.</Text>
		</Replace>
		<Replace Language='en_US' Tag="LOC_MAP_TEMPERATURE_HOT_DESCRIPTION">
			<Text>A map with more Desert and less Tundra and Snow.</Text>
		</Replace>
		<Replace Language='en_US' Tag="LOC_MAP_TEMPERATURE_STANDARD_DESCRIPTION">
			<Text>A map with average terrain similar to Earth's terrain patterns.</Text>
		</Replace>
		<Replace Language='en_US' Tag="LOC_MAP_TEMPERATURE_COLD_DESCRIPTION">
			<Text>A map with more Tundra and Snow and less Desert.</Text>
		</Replace>
		<Replace Language='en_US' Tag="LOC_MAP_TEMPERATURE_RANDOM_DESCRIPTION">
			<Text>A map with random terrain temperature zones.</Text>
		</Replace>
		<Replace Language='en_US' Tag="LOC_MAP_RAINFALL_DESCRIPTION">
			<Text>Changes the amount of features present on a map.</Text>
		</Replace>
		<Replace Language='en_US' Tag="LOC_MAP_RAINFALL_ARID_DESCRIPTION">
			<Text>A map with less woods, rainforest, and marsh.</Text>
		</Replace>
		<Replace Language='en_US' Tag="LOC_MAP_RAINFALL_STANDARD_DESCRIPTION">
			<Text>A map with average amounts of woods, rainforest, and marsh.</Text>
		</Replace>
		<Replace Language='en_US' Tag="LOC_MAP_RAINFALL_WET_DESCRIPTION">
			<Text>A map with more woods, rainforest, and marsh.</Text>
		</Replace>
		<Replace Language='en_US' Tag="LOC_MAP_RAINFALL_RANDOM_DESCRIPTION">
			<Text>A map with a random amount of features.</Text>
		</Replace>
		<Replace Language='en_US' Tag="LOC_MAP_SEA_LEVEL_DESCRIPTION">
			<Text>Varies the amount of water on the map.</Text>
		</Replace>
		<Replace Language='en_US' Tag="LOC_MAP_SEA_LEVEL_LOW_DESCRIPTION">
			<Text>A map with less water.</Text>
		</Replace>
		<Replace Language='en_US' Tag="LOC_MAP_SEA_LEVEL_STANDARD_DESCRIPTION">
			<Text>A map with normal amounts of water.</Text>
		</Replace>
		<Replace Language='en_US' Tag="LOC_MAP_SEA_LEVEL_HIGH_DESCRIPTION">
			<Text>A map with more water.</Text>
		</Replace>
		<Replace Language='en_US' Tag="LOC_MAP_SEA_LEVEL_RANDOM_DESCRIPTION">
			<Text>A map with a random amount of water.</Text>
		</Replace>
		<Replace Language='en_US' Tag="LOC_MAP_RESOURCES_DESCRIPTION">
			<Text>Change the quantity of resources.</Text>
		</Replace>
		<Replace Language='en_US' Tag="LOC_MAP_RESOURCES_SPARSE_DESCRIPTION">
			<Text>A map with less resources.</Text>
		</Replace>
		<Replace Language='en_US' Tag="LOC_MAP_RESOURCES_STANDARD_DESCRIPTION">
			<Text>A map with standard resources.</Text>
		</Replace>
		<Replace Language='en_US' Tag="LOC_MAP_RESOURCES_ABUNDANT_DESCRIPTION">
			<Text>A map with more resources.</Text>
		</Replace>
		<Replace Language='en_US' Tag="LOC_MAP_RESOURCES_RANDOM_DESCRIPTION">
			<Text>A map with a random amount of resources.</Text>
		</Replace>
		<Replace Language='en_US' Tag="LOC_MAP_START_POSITION_DESCRIPTION">
			<Text>Shifts the value of your starting position.</Text>
		</Replace>
		<Replace Language='en_US' Tag="LOC_MAP_START_POSITION_BALANCED_DESCRIPTION">
			<Text>All players have equally good starting spots.</Text>
		</Replace>
		<Replace Language='en_US' Tag="LOC_MAP_START_POSITION_STANDARD_DESCRIPTION">
			<Text>Standard starting positions.</Text>
		</Replace>
		<Replace Language='en_US' Tag="LOC_MAP_START_POSITION_LEGENDARY_DESCRIPTION">
			<Text>All players have great, but not necessarily equal starts.</Text>
		</Replace>
    <Replace Language='en_US' Tag="LOC_MAP_START_POSITION_MIRRORED_DESCRIPTION">
      <Text>All players start in the exact same position within their map quadrant.</Text>
    </Replace>
    <Replace Language='en_US' Tag="LOC_GAME_START_ERA">
			<Text>Start Era</Text>
		</Replace>
	<Replace Language='en_US' Tag="LOC_KICK_VOTE">
		<Text>Kick Voting</Text>
	</Replace>
		<Replace Language='en_US' Tag="LOC_MAP_SCRIPT">
			<Text>Map</Text>
		</Replace>
		<!-- Tutorial Select Screen-->
		<Replace Language='en_US' Tag="LOC_SETUP_TUTORIAL_TITLE">
			<Text>Welcome to Civilization</Text>
		</Replace>
		<Replace Language='en_US' Tag="LOC_SETUP_TUTORIAL_DESCRIPTION">
			<Text>It is here that we begin our journey of raising an empire from humble beginnings to greatness, and write your own version of history.[NEWLINE][NEWLINE]Will you conquer the world in great battles or be the first to send your people to the stars? Will you influence the world with the culture of your people, or will your beliefs spread to the ends of the earth?[NEWLINE][NEWLINE]Only time will tell...[NEWLINE][NEWLINE]All great civilizations begin with a great leader. Choose the civilization you would like to play through this tutorial below.</Text>
		</Replace>
		<Replace Language='en_US' Tag="LOC_SETUP_TUTORIAL_LEADER_1">
			<Text>Cleopatra of the Egyptian empire rules a civilization of strong allies and great city builders.</Text>
		</Replace>
		<Replace Language='en_US' Tag="LOC_SETUP_TUTORIAL_LEADER_2">
			<Text>Gilgamesh of the Sumerian empire rules vast lands and is a respected conqueror.</Text>
		</Replace>
		<!-- Loading Screen / Dawn of man -->
		<Replace Language='en_US' Tag="LOC_LOADING_DOMAIN_LAND">
			<Text>A unique land unit</Text>
		</Replace>
		<Replace Language='en_US' Tag="LOC_LOADING_DOMAIN_SEA">
			<Text>A unique naval unit</Text>
		</Replace>
		<Replace Language='en_US' Tag="LOC_LOADING_DOMAIN_AIR">
			<Text>A unique air unit</Text>
		</Replace>
		<Replace Language='en_US' Tag="LOC_LOADING_PLEASE_WAIT">
			<Text>Loading, please wait...</Text>
		</Replace>
		<Replace Language='en_US' Tag="LOC_LOADING_DISTRICT_BUILDING">
			<Text>{1_DistrictName} District Building</Text>
		</Replace>
		<Replace Language='en_US' Tag="LOC_LOADING_UNIQUE_BUILDING">
			<Text>A unique building</Text>
		</Replace>
		<Replace Language='en_US' Tag="LOC_LOADING_UNIQUE_DISTRICT">
			<Text>A unique district</Text>
		</Replace>
		<Replace Language='en_US' Tag="LOC_LOADING_UNIQUE_IMPROVEMENT">
			<Text>A unique improvement</Text>
		</Replace>
		<Replace Language='en_US' Tag="LOC_LOADING_JOIN_THE_WORLD_STAGE">
			<Text>Joins the World Stage</Text>
		</Replace>
		<Replace Language='en_US' Tag="LOC_LOADING_FEATURES_ABILITIES">
			<Text>Features &amp; Abilities</Text>
		</Replace>
		<Replace Language='en_US' Tag="LOC_LOADING_START_GAME">
			<Text>Start Game</Text>
		</Replace>
		<Replace Language='en_US' Tag="LOC_LOADING_CONTINUE_GAME">
			<Text>Continue Game</Text>
		</Replace>
		<Replace Language='en_US' Tag="LOC_LOADING_INFO_LEADER_DEFAULT">
			<Text>It is up to you to lead your people to glory by building a civilization that will stand the test of time.</Text>
		</Replace>
		<Replace Language='en_US' Tag="LOC_LOADING_INFO_LEADER_BARBAROSSA">
			<Text>Heroic Frederick, king of the Germans, your task is to forge the independent states that surround you into an empire. You are blessed to be a great military leader – use those skills to bring these cities under your sway so they may develop into commercial and industrial powerhouses.  Surely then the bards will sing of mighty Frederick with the red beard, the great Holy Roman Emperor.</Text>
		</Replace>
		<Replace Language='en_US' Tag="LOC_LOADING_INFO_LEADER_CATHERINE_DE_MEDICI">
			<Text>It falls to you, Catherine de Medici, to use your gifts of knowledge and of the arts to unite your people. Steer carefully through these troubled times, Queen Mother of France. You will build great wonders, drawing visitors from all corners of the earth. With your keen awareness of all things, both those seen and those hidden in the shadows, your empire will certainly stand the test of time.</Text>
		</Replace>
		<Replace Language='en_US' Tag="LOC_LOADING_INFO_LEADER_CLEOPATRA">
			<Text>There will be those who underestimate you, but you are cunning and full of tricks, Queen Cleopatra. Your charm will establish indestructible alliances with the strongest leaders of the world. Keep your friends close by your side and you will find yourself untouchable, with the glory of Egypt primed to win over the world.</Text>
		</Replace>
		<Replace Language='en_US' Tag="LOC_LOADING_INFO_LEADER_GANDHI">
			<Text>Be kind, Gandhi Bapu, and you will find yourself surrounded by true friends. Keep the Indian people safe, guarding them with magnificent elephant warriors. Your faith will guide you to peace and harmony. Keep your mind open, and be the change you want to see in the world.</Text>
		</Replace>
		<Replace Language='en_US' Tag="LOC_LOADING_INFO_LEADER_GILGAMESH">
			<Text>Much rests upon your shoulders, King Gilgamesh. Your own people, and many people of the world, look to you as leader. But you are more than a mere man, and the weight of the world will never cause you to waver. Encourage the people of Sumer to settle the fertile lands along rivers, and be sure to choose your allies carefully - for there will be many vying for a piece of your strength. Venture forth, for it is time to begin your epic tale.</Text>
		</Replace>
		<Replace Language='en_US' Tag="LOC_LOADING_INFO_LEADER_GORGO">
			<Text>Gorgo, Queen of Sparta; glory to you and your loyal hoplite armies! Greece savors the blessings from Ares that every victory brings. And your people applaud your thoughtful governance and cultural marvels. Stand proud, for the legacy of Greece, and of your achievements, will be told over and over again for generations.</Text>
		</Replace>
		<Replace Language='en_US' Tag="LOC_LOADING_INFO_LEADER_HARDRADA">
			<Text>All men fear the approach of your ships, King Harald of Norway, Thunderbolt of the North. Your longboats dominate the waves, always at the ready to unleash their berserker armies on an unsuspecting shore.  May Odin bless your kingdom and may the skalds sing tales of the victories of your mighty warriors.</Text>
		</Replace>
		<Replace Language='en_US' Tag="LOC_LOADING_INFO_LEADER_HOJO">
			<Text>The great wave of Buddhism follows you, Shikken of Japan, Hojo Tokimune. Your people truly understand what it is to practice balance, and even your finest samurai will be well-learned and spiritually apt. Be strong, embrace the divine wind, and you will reach enlightenment.</Text>
		</Replace>
		<Replace Language='en_US' Tag="LOC_LOADING_INFO_LEADER_MVEMBA">
			<Text>Mother Earth has many gifts for you, King Mvemba a Nzinga. Your people know the dense woods and rainforests as their homes, and glide through them with ease.  Great also are the gifts that come from travelers of distant lands. Keep an open mind, for the inspiration of the open world will let our people create art with power and majesty.</Text>
		</Replace>
		<Replace Language='en_US' Tag="LOC_LOADING_INFO_LEADER_PEDRO">
			<Text>Your people look to you, Emperor Pedro II, to lead Brazil onto the world stage. Use your reputation as a patron of artists, scientists, and engineers to draw the greatest minds to our fertile home. For it is in the lush rainforests, teeming with life, that your people thrive. Watch them in the Carnival as they dance the samba in celebration of your great feats, Pedro the Magnanimous.</Text>
		</Replace>
		<Replace Language='en_US' Tag="LOC_LOADING_INFO_LEADER_PERICLES">
			<Text>Your mastery of the spoken word is a gift of great value, silver-tongued Pericles, leader of the Greeks. Through it you can attract the devotion of a league of states, surrounding yourself with their glory. Establish cultural sites along the rocky shores of Greece to unite your people behind your strong governance.  If all goes well the Sirens will sing of the Age of Pericles!</Text>
		</Replace>
		<Replace Language='en_US' Tag="LOC_LOADING_INFO_LEADER_PETER_GREAT">
			<Text>Embrace the chill winds of the Motherland, Tsar Peter. Your fascination with science and culture is a gift, and you will learn much from your Grand Embassies to foreign lands. Under your rule, Russia will surely flourish and spread, absorbing all that lies around it, perhaps creating the greatest land empire seen on this earth.</Text>
		</Replace>
		<Replace Language='en_US' Tag="LOC_LOADING_INFO_LEADER_PHILIP_II">
			<Text>All Spain stands ready to answer your prayers, devout King Philip II.  From your palace at El Escorial you can send forth your followers: missionaries, apostles, and conquistadors ready to strike out across the seas to spread the good word about your most holy empire.  May the treasures they uncover fuel your quest to unite the world under one faith and one empire, making you truly the Most Catholic king.</Text>
		</Replace>
		<Replace Language='en_US' Tag="LOC_LOADING_INFO_LEADER_QIN">
			<Text>In your people lies your greatest strength, Emperor Qin Shi Huang. From all over the world, others will come to gaze upon the great walls and towering wonders of your united China. May the hands of your men never blister as they work hard and fast to raise the most impressive structures that the world will ever know. Protect them well, and you will forever be immortalized.</Text>
		</Replace>
		<Replace Language='en_US' Tag="LOC_LOADING_INFO_LEADER_SALADIN">
			<Text>The marriage of science and religion is a delicate balancing act, but one that you have mastered, Saladin. Your quest for knowledge is noble, and your people have a deep respect for you. But you need not rush into the unknown. Given time, the answers to life’s most puzzling questions will find their way back to Arabia.</Text>
		</Replace>
		<Replace Language='en_US' Tag="LOC_LOADING_INFO_LEADER_TOMYRIS">
			<Text>All people will tremble with fear and respect for you, great warrior Queen Tomyris. For it is from the back of your stallion that you shall look upon and lead the Scythian people. Great epics will be told of the horse warriors that ride forth from the steppe, and at the front line of every battle - they will find you. Ride on, fierce queen, and may your friends be true just as your enemies falter.</Text>
		</Replace>
		<Replace Language='en_US' Tag="LOC_LOADING_INFO_LEADER_TRAJAN">
			<Text>Cast your net wide, oh Trajan, emperor of mighty Rome. Your legions stand at the ready to march out and establish the largest empire the world has ever seen. If you can truly get all roads to lead to Rome, yours will be an empire of great riches and luxuries.  Surely then our citizens will proclaim you as their best ruler, the Optimus Princeps.</Text>
		</Replace>
		<Replace Language='en_US' Tag="LOC_LOADING_INFO_LEADER_T_ROOSEVELT">
			<Text>And so it is upon your broad shoulders, Theodore Roosevelt, to charge forth and lead your people on their great adventure. Use your military might to give the peoples of your homeland the square deal they so desperately deserve. Surely you will raise America into the limelight and attract visitors from across the oceans just to see your lands. Bully for you, Mr. President.</Text>
		</Replace>
		<Replace Language='en_US' Tag="LOC_LOADING_INFO_LEADER_VICTORIA">
			<Text>Your Majesty the Queen Victoria of England, extend your reach beyond your borders and across the face of the globe.  Worry not over the possibility of defeat for your loyal redcoats and overwhelming navy will surely carry the day. With your calm and steady touch you can bring all lands under England's sway, establishing a true Pax Britannica.</Text>
		</Replace>
		<Replace Language='en_US' Tag="LOC_ERA_ANCIENT_DESCRIPTION">
			<Text>From the first stirrings of life beneath water… to the great beasts of the Stone Age… to man taking his first upright steps, you have come far.  Now begins your greatest quest: from this early cradle of civilization on towards the stars.</Text>
		</Replace>
		<Replace Language='en_US' Tag="LOC_ERA_CLASSICAL_DESCRIPTION">
			<Text>From humble beginnings, you have shown remarkable growth. Leave your bronze for iron and rule with horse and sword. The sky above begins to reveal its secrets, a collection of heaven that uplifts our hearts and guides us to foreign shores.</Text>
		</Replace>
		<Replace Language='en_US' Tag="LOC_ERA_MEDIEVAL_DESCRIPTION">
			<Text>You have built great cities of stone and seen early empires rise and fall.  Soon you will stand under the towering pinnacles of castles alongside your gallant knights. That is where the story of your people will be written. Just as the young apprentice learns to carry a sword, so shall you grow to understand your place in this world.</Text>
		</Replace>
		<Replace Language='en_US' Tag="LOC_ERA_RENAISSANCE_DESCRIPTION">
			<Text>New powers call forth, from the barrel of muskets to flowers of fire in the sky. Even the quiet words on newly printed pages hold great changes within. The world, once so vast and mysterious, has grown smaller and more familiar. Yet, there are always questions to be answered, faiths to be tested, and national identities to be formed.</Text>
		</Replace>
		<Replace Language='en_US' Tag="LOC_ERA_INDUSTRIAL_DESCRIPTION">
			<Text>The steady hum of machinery, the acrid smell of smoke, vision clouded by ash and soot – these are the signs of changing times. The lure of scientific and cultural advancement is the engine driving your realm forward.  Now your challenge is to maintain the delicate balance between earth and man, between peace and war.</Text>
		</Replace>
		<Replace Language='en_US' Tag="LOC_ERA_MODERN_DESCRIPTION">
			<Text>In the beginning, legends of flying men soared. And today, you are on the brink of transforming those legends into a reality. With flight and new forms of communication you can create a small and intimate world.  But at what cost? Our competing ideas of how to govern and how to live threaten to bring conflict on a global scale.  You must choose your own path through this rising din of ideological oratory.</Text>
		</Replace>
		<Replace Language='en_US' Tag="LOC_ERA_ATOMIC_DESCRIPTION">
			<Text>New frontiers of discovery expand our understanding, from the tiny atom to the majesty of outer space. Mysteries long tolerated are closer than ever to revealing their deepest secrets, beyond what we can easily see. You will choose how to use this knowledge, and push back the greatest darkness we have yet faced.</Text>
		</Replace>
		<Replace Language='en_US' Tag="LOC_ERA_INFORMATION_DESCRIPTION">
			<Text>A world of information rests in the palm of your hand, and networks for instantaneous communication span the globe.  Yet a unified vision of our future has never been built.  We compete in technology, culture, and politics. We have deadly weapons that could destroy our planet. Lead us carefully, but boldly, and build a global community that can stand for years to come.</Text>
		</Replace>
		<Replace Language='en_US' Tag="LOC_TUTORIAL_DISABLE">
			<Text>Disable advisor.</Text>
		</Replace>
		<Replace Language='en_US' Tag="LOC_TUTORIAL_NEW_TO_STRATEGY">
			<Text>New to turn-based strategy.</Text>
		</Replace>
		<Replace Language='en_US' Tag="LOC_TUTORIAL_NEW_TO_CIV">
			<Text>New to Civilization</Text>
		</Replace>
		<Replace Language='en_US' Tag="LOC_TUTORIAL_NEW_TO_CIV_6">
			<Text>New to Civilization VI</Text>
		</Replace>
		<Replace Language='en_US' Tag="LOC_NO_DUPLICATE_CIVILIZATIONS_NAME">
			<Text>No Duplicate Civilizations</Text>
		</Replace>
		<Replace Language='en_US' Tag="LOC_NO_DUPLICATE_LEADERS_NAME">
			<Text>No Duplicate Leaders</Text>
		</Replace>
		<Replace Language='en_US' Tag="LOC_NO_TEAMS_NAME">
			<Text>No Teams</Text>
		</Replace>
		<Replace Language='en_US' Tag="LOC_NO_DUPLICATE_CIVILIZATIONS_DESCRIPTION">
			<Text>Enabling this option prevents two or more players from choosing the same civilization.</Text>
		</Replace>
		<Replace Language='en_US' Tag="LOC_NO_DUPLICATE_LEADERS_DESCRIPTION">
			<Text>Enabling this option prevents two or more players from choosing the same leader.</Text>
		</Replace>
		<Replace Language='en_US' Tag="LOC_NO_TEAMS_DESCRIPTION">
			<Text>Enabling this option disables team play.</Text>
		</Replace>
		<Replace Language='en_US' Tag="LOC_LIMIT_TURNS_NAME">
			<Text>Limit Turns</Text>
		</Replace>
		<Replace Language='en_US' Tag="LOC_LIMIT_TURNS_DESCRIPTION">
			<Text>Limit the maximum number of turns</Text>
		</Replace>
		<Replace Language='en_US' Tag="LOC_TURNLIMIT_NONE_NAME">
			<Text>No Turn Limit</Text>
		</Replace>
		<Replace Language='en_US' Tag="LOC_TURNLIMIT_NONE_DESCRIPTION">
			<Text>There is no limit to the number of turns.</Text>
		</Replace>
		<Replace Language='en_US' Tag="LOC_TURNLIMIT_GAMESPEED_NAME">
			<Text>By Game Speed</Text>
		</Replace>
		<Replace Language='en_US' Tag="LOC_TURNLIMIT_GAMESPEED_DESCRIPTION">
			<Text>The game will end at 2050 AD.</Text>
		</Replace>
		<Replace Language='en_US' Tag="LOC_TURNLIMIT_CUSTOM_NAME">
			<Text>Custom</Text>
		</Replace>
		<Replace Language='en_US' Tag="LOC_TURNLIMIT_CUSTOM_DESCRIPTION">
			<Text>The game will end at the specified number of turns.</Text>
		</Replace>
		<Replace Language='en_US' Tag="LOC_CITYSTATE_COUNT_NAME">
			<Text>City-States</Text>
		</Replace>
		<Replace Language='en_US' Tag="LOC_CITYSTATE_COUNT_DESCRIPTION">
			<Text>The number of city-states to include in the game.</Text>
		</Replace>
		<Replace Language='en_US' Tag="LOC_MAX_TURNS_NAME">
			<Text>Max Turns:</Text>
		</Replace>
		<Replace Language='en_US' Tag="LOC_MAX_TURNS_DESCRIPTION">
			<Text>The game will end after the specified number of turns has passed.</Text>
		</Replace>
		<Replace Language='en_US' Tag="LOC_MAINMENU_RESUME_GAME_TT">
			<Text>Resume the last game you were playing.</Text>
		</Replace>
		<Replace Language='en_US' Tag="LOC_MAINMENU_LOAD_GAME_TT">
			<Text>Load a previously saved game.</Text>
		</Replace>
		<Replace Language='en_US' Tag="LOC_MAINMENU_PLAY_NOW_TT">
			<Text>Play on a small Continents map with random leaders.</Text>
		</Replace>
		<Replace Language='en_US' Tag="LOC_MAINMENU_CREATE_GAME_TT">
			<Text>Create a new game with your own settings.</Text>
		</Replace>
		<Replace Language='en_US' Tag="LOC_MAINMENU_SCENARIOS_TT">
			<Text>Play a scenario, a unique experience with specific rules, leaders, and goals.</Text>
		</Replace>
		<Replace Language='en_US' Tag="LOC_MAINMENU_SINGLE_PLAYER_TT">
			<Text>Play now, create a new game, or continue an existing game.</Text>
		</Replace>
		<Replace Language='en_US' Tag="LOC_MAINMENU_MULTIPLAYER_TT">
			<Text>Internet, network, and hot seat matches can be setup or joined here.</Text>
		</Replace>
		<Replace Language='en_US' Tag="LOC_MAINMENU_GAME_OPTIONS_TT">
			<Text>Settings for graphics, audio, key bindings, and more.</Text>
		</Replace>
		<Replace Language='en_US' Tag="LOC_MAINMENU_MODS_TT">
			<Text>Custom creations by fans to extend and expand Civilization VI.</Text>
		</Replace>
		<Replace Language='en_US' Tag="LOC_MAINMENU_TUTORIAL_TT">
			<Text>Completely new to the franchise, or need a refresher? We're here to help!</Text>
		</Replace>
		<Replace Language='en_US' Tag="LOC_MAINMENU_BENCHMARK_TT">
			<Text>How does your hardware stack up?</Text>
		</Replace>
		<Replace Language='en_US' Tag="LOC_MAINMENU_WORLDBUILDER_TT">
			<Text>The World Builder map editor.</Text>
		</Replace>
		<Replace Language='en_US' Tag="LOC_MAINMENU_CREDITS_TT">
			<Text>Everyone who made contributions to Civilization VI.</Text>
		</Replace>
		<Replace Language='en_US' Tag="LOC_MAINMENU_EXIT_GAME_TT">
			<Text>Exit the game completely.</Text>
		</Replace>
		<Replace Language='en_US' Tag="LOC_MAIN_MENU_HALL_OF_FAME">
			<Text>Hall of Fame</Text>
		</Replace>
		<Replace Language='en_US' Tag="LOC_MAIN_MENU_HALL_OF_FAME_TT">
			<Text>Does your gameplay stand the test of time?</Text>
		</Replace>
		<!-- Copyright screen -->
		<Replace Language='en_US' Tag="LOC_COPYRIGHT_TEXT">
			<Text>© 1991 – 2020 Take-Two Interactive Software, Inc. Developed by Firaxis Games. 2K, Firaxis Games, Sid Meier’s Civilization VI, Sid Meier’s Civilization, Civilization, Civ, and their respective logos are trademarks of Take-Two Interactive Software, Inc. Uses Bink Video. Copyright © 1997 – 2020 by RAD Game Tools, Inc. Uses Granny Animation. Copyright © 1999 – 2020 by RAD Game Tools Inc. Powered by WWise © 2006- 2020 Audiokinetic Inc. All rights reserved. Fork Copyright © 2020 Fork Particle, Inc. Sid Meier’s Civilization VI uses Havok®. © 1999 – 2020 Havok.com, Inc. (and its Licensors). All Rights Reserved. See www.havok.com for details. Microsoft, DirectX, Visual Studio, and Windows are either registered trademarks or trademarks of Microsoft Corporation in the United States and/or other countries. Lua Copyright © 1994 – 2020 Lua.org, PUC-Rio. All other marks and trademarks are property of their respective owners. All rights reserved. The content of this videogame is fictional and is not intended to represent or depict an actual record of the events, persons or entities in the game’s historical setting.</Text>
		</Replace>
		<Replace Language='en_US' Tag="LOC_COPYRIGHT_ACCEPT">
			<Text>Continue</Text>
		</Replace>
		<Replace Language='en_US' Tag="LOC_VICTORY_DEFAULT_NAME">
			<Text>Victory</Text>
		</Replace>
		<Replace Language='en_US' Tag="LOC_VICTORY_HEADER">
			<Text>VICTORY!</Text>
		</Replace>
		<Replace Language='en_US' Tag="LOC_DEFEATED_SUBHEADER">
			<Text>DEFEATED</Text>
		</Replace>
		<Replace Language='en_US' Tag="LOC_ELIMINATED_SUBHEADER">
			<Text>ELIMINATED</Text>
		</Replace>
		<Replace Language='en_US' Tag="LOC_VICTORY_SCORE_SUBHEADER">
			<Text>SCORE VICTORY</Text>
		</Replace>
		<Replace Language='en_US' Tag="LOC_VICTORY_SCIENCE_SUBHEADER">
			<Text>SCIENCE VICTORY</Text>
		</Replace>
		<Replace Language='en_US' Tag="LOC_VICTORY_CULTURE_SUBHEADER">
			<Text>CULTURE VICTORY</Text>
		</Replace>
		<Replace Language='en_US' Tag="LOC_VICTORY_DOMINATION_SUBHEADER">
			<Text>DOMINATION VICTORY</Text>
		</Replace>
		<Replace Language='en_US' Tag="LOC_VICTORY_RELIGIOUS_SUBHEADER">
			<Text>RELIGIOUS VICTORY</Text>
		</Replace>
		<Replace Language='en_US' Tag="LOC_VICTORY_SCENARIO_SUBHEADER">
			<Text>VICTORY: {1_ScenarioName}</Text>
		</Replace>
		<Replace Language='en_US' Tag="LOC_VICTORY_SCENARIO_VICTORY_TYPE_SUBHEADER">
			<Text>{1_ScenarioVictoryType}</Text>
		</Replace>
		<Replace Language='en_US' Tag="LOC_VICTORY_GAME_WINNER_SUBHEADER">
			<Text>GAME WINNER</Text>
		</Replace>
		<Replace Language='en_US' Tag="LOC_VICTORY_SCORE_NAME">
			<Text>Score Victory</Text>
		</Replace>
		<Replace Language='en_US' Tag="LOC_VICTORY_SCIENCE_NAME">
			<Text>Science Victory</Text>
		</Replace>
		<Replace Language='en_US' Tag="LOC_VICTORY_CULTURE_NAME">
			<Text>Culture Victory</Text>
		</Replace>
		<Replace Language='en_US' Tag="LOC_VICTORY_DOMINATION_NAME">
			<Text>Domination Victory</Text>
		</Replace>
		<Replace Language='en_US' Tag="LOC_VICTORY_RELIGIOUS_NAME">
			<Text>Religious Victory</Text>
		</Replace>
		<Replace Language='en_US' Tag="LOC_VICTORY_SCORE_TT">
			<Text>While you were not able to achieve a grand victory, you'll take what you can get. This victory is triggered when time runs out, and there are no other victors.</Text>
		</Replace>
		<Replace Language='en_US' Tag="LOC_VICTORY_SCIENCE_TT">
			<Text>Be the first to colonize Mars to win a Science victory. This victory is straight-forward, but can be difficult to achieve before time runs out.</Text>
		</Replace>
		<Replace Language='en_US' Tag="LOC_VICTORY_CULTURE_TT">
			<Text>Your cultural greatness will attract all of the world's people to your empire. This is the most difficult victory to achieve.</Text>
		</Replace>
		<Replace Language='en_US' Tag="LOC_VICTORY_DOMINATION_TT">
			<Text>Through military strength and prowess, you bring the world to its knees. This is the most basic victory to achieve.</Text>
		</Replace>
		<Replace Language='en_US' Tag="LOC_VICTORY_RELIGIOUS_TT">
			<Text>Spread your religion to the four corners of the Earth, bringing light to a dark World. You will have to master diplomatic relationships if you hope to convert the world to the one true religion.</Text>
		</Replace>
		<Replace Language='en_US' Tag="LOC_RULESET_NAME">
			<Text>Standard Rules</Text>
		</Replace>
		<Replace Language='en_US' Tag="LOC_RULESET_DESCRIPTION">
			<Text>This is a standard Civilization VI game.</Text>
		</Replace>
		<Replace Language='en_US' Tag="LOC_TUTORIAL_PLAY_CLEO_NAME">
			<Text>Play as Cleopatra</Text>
		</Replace>
		<Replace Language='en_US' Tag="LOC_TUTORIAL_PLAY_GILG_NAME">
			<Text>Play as Gilgamesh</Text>
		</Replace>
		<Replace Language='en_US' Tag="LOC_MAIN_MENU_ADDITIONAL_CONTENT">
			<Text>Additional Content</Text>
		</Replace>
		<Replace Language='en_US' Tag="LOC_MAIN_MENU_ADDITIONAL_CONTENT_TT">
			<Text>Additional content for Civilization VI.</Text>
		</Replace>
		<Replace Language='en_US' Tag="LOC_MAIN_MENU_DEMO">
			<Text>Demo</Text>
		</Replace>
		<Replace Language='en_US' Tag="LOC_MAIN_MENU_DEMO_PURCHASE">
			<Text>Buy It Now</Text>
		</Replace>
		<Replace Language='en_US' Tag="LOC_MAIN_MENU_DEMO_PURCHASE_TT">
			<Text>Open Steam Store to purchase Sid Meier's Civilization VI</Text>
		</Replace>
		<Replace Language='en_US' Tag="LOC_DEMO_COMPLETE_CONTENT">
			<Text>Congratulations! You have taken the first steps towards building a Civilization to stand the test of time. Will you continue to test yourself against the greatest leaders of history? Can your people’s culture flourish? Your science enlighten? Your faith inspire? Your military dominate?[NEWLINE][NEWLINE]How will you lead in Sid Meier’s Civilization VI? Continue the journey now.[NEWLINE][NEWLINE]Build. Conquer. Inspire.</Text>
		</Replace>
		<Replace Language='en_US' Tag="LOC_DEMO_COMPLETE_MAIN_MENU">
			<Text>Fade into History</Text>
		</Replace>
		<Replace Language='en_US' Tag="LOC_DEMO_COMPLETE_BUY">
			<Text>Achieve Greatness</Text>
		</Replace>
		<Replace Language='en_US' Tag="LOC_ARX_VICTORY_PROGRESS">
			<Text>{1_CivName} Victory Progress</Text>
		</Replace>
		<Replace Language='en_US' Tag="LOC_ARX_TOP_5">
			<Text>Top 5</Text>
		</Replace>
		<Replace Language='en_US' Tag="LOC_ARX_GOSSIP_LOG">
			<Text>Gossip Log</Text>
		</Replace>
		<!-- File Errors -->
		<Replace Language='en_US' Tag="LOC_SERIALIZATION_ERROR_VERSION_MISMATCH">
			<Text>Save cannot be loaded in this version of the game.</Text>
		</Replace>
		<Replace Language='en_US' Tag="LOC_SERIALIZATION_ERROR_FAILED_TO_OPEN">
			<Text>Unable to open save.</Text>
		</Replace>
		<Replace Language='en_US' Tag="LOC_SERIALIZATION_ERROR_FAILED_TO_WRITE">
			<Text>Unable to write save.</Text>
		</Replace>
		<Replace Language='en_US' Tag="LOC_SERIALIZATION_ERROR_FAILED_TO_READ">
			<Text>Unable to read save.</Text>
		</Replace>
		<Replace Language='en_US' Tag="LOC_SERIALIZATION_ERROR_FAILED_TO_REMOVE">
			<Text>Unable to remove save.</Text>
		</Replace>
		<Replace Language='en_US' Tag="LOC_SERIALIZATION_ERROR_NOT_SAVE_GAME">
			<Text>File is not a save game.</Text>
		</Replace>
		<Replace Language='en_US' Tag="LOC_SERIALIZATION_ERROR_CORRUPT_SAVE">
			<Text>Save game is corrupt.</Text>
		</Replace>
		<Replace Language='en_US' Tag="LOC_SERIALIZATION_ERROR_UNEXPECTED_END_OF_FILE">
			<Text>Save loading unexpectedly ended.</Text>
		</Replace>
		<Replace Language='en_US' Tag="LOC_SERIALIZATION_ERROR_RESTORING_STATE">
			<Text>Unable to restore the game state.</Text>
		</Replace>
		<Replace Language='en_US' Tag="LOC_SERIALIZATION_ERROR_PATH_NOT_FOUND">
			<Text>Unable find the path to the save.</Text>
		</Replace>
		<Replace Language='en_US' Tag="LOC_SERIALIZATION_ERROR_INVALID_DEVICE">
			<Text>The save device is invalid.</Text>
		</Replace>
		<Replace Language='en_US' Tag="LOC_SERIALIZATION_ERROR_MISSING_REQUIRED_FILE_LIST">
			<Text>Unable to retrieve the save list from the device.</Text>
		</Replace>
		<Replace Language='en_US' Tag="LOC_SERIALIZATION_ERROR_MISSING_REQUIRED_MOD">
			<Text>One or more required Mods for the save are not installed.</Text>
		</Replace>
		<Replace Language='en_US' Tag="LOC_SERIALIZATION_ERROR_MISSING_REQUIRED_DLC">
			<Text>One or more required DLC packages for the save are not installed.</Text>
		</Replace>
		<Replace Language='en_US' Tag="LOC_SERIALIZATION_ERROR_MISSING_REQUIRED_EXPANSION">
			<Text>One or more required Expansion packages for the save are not installed.</Text>
		</Replace>
		<Replace Language='en_US' Tag="LOC_TEAM_NAME_SELECT_TITLE">
			<Text>Team Name</Text>
		</Replace>
		<Replace Language='en_US' Tag="LOC_TEAM_NAME_ENTRY_TITLE">
			<Text>Enter Team Name</Text>
		</Replace>
		<Replace Language='en_US' Tag="LOC_CHOOSE_TEAM_ICON">
			<Text>Choose Team Icon</Text>
		</Replace>
		<Replace Language='en_US' Tag="LOC_MESSAGE_OF_THE_DAY_HEADING">
			<Text>Message of the Day:</Text>
		</Replace>
		<!-- -->
		<Replace Language='en_US' Tag="LOC_GAME_START_ERROR_DESC">
			<Text>There was an error starting the game.[NEWLINE][NEWLINE]We recommend disabling any mods and trying again.</Text>
		</Replace>
		<Replace Language='en_US' Tag="LOC_GAME_START_ERROR_CODE">
			<Text>Error - {1_ErrorCode}</Text>
		</Replace>
		<Replace Language='en_US' Tag="LOC_GAME_START_VIEW_MODS">
			<Text>Manage Mods</Text>
		</Replace>
		<Replace Language='en_US' Tag="LOC_GAME_START_ERROR_TITLE">
			<Text>Error Starting Game</Text>
		</Replace>
		<Replace Language='en_US' Tag="LOC_GAME_START_ERROR_UNKNOWN_VERSION">
			<Text>Save version is incompatible.</Text>
		</Replace>
		<Replace Language='en_US' Tag="LOC_GAME_START_ERROR_MOD_CONTENT">
			<Text>One or more Mods failed to load content.</Text>
		</Replace>
		<Replace Language='en_US' Tag="LOC_GAME_START_ERROR_MOD_CONFIG">
			<Text>One or more Mods failed to configure content or database entries.</Text>
		</Replace>
		<Replace Language='en_US' Tag="LOC_GAME_START_ERROR_MOD_OWNERSHIP">
			<Text>One or more Mods has not been purchased.</Text>
		</Replace>
		<Replace Language='en_US' Tag="LOC_GAME_START_ERROR_SCRIPT_PROCESSING">
			<Text>One or more of the startup scripts has an error. See lua.log</Text>
		</Replace>
		<Replace Language='en_US' Tag="LOC_CLOUD_SAVES_REQUIRE_LINKED_ACCOUNT">
			<Text>Cloud saves require a linked 2K Account.</Text>
		</Replace>
		<Replace Language='en_US' Tag="LOC_CLOUD_SAVES_SERVICE_NOT_CONNECTED">
			<Text>Cloud save services are unavailable.</Text>
		</Replace>
		<Replace Language='en_US' Tag="LOC_PAUSEMENU_INFO_OVERVIEW_TOOLTIP">
			<Text>Technical information about this game:</Text>
		</Replace>
		<Replace Language='en_US' Tag="LOC_PAUSEMENU_INFO_VERSION_TOOLTIP">
			<Text>Version: {1_Version}</Text>
		</Replace>
		<Replace Language='en_US' Tag="LOC_PAUSEMENU_INFO_MAP_SEED">
			<Text>Map Seed: {1_MapSeed}</Text>
		</Replace>
		<Replace Language='en_US' Tag="LOC_PAUSEMENU_INFO_GAME_SEED">
			<Text>Game Seed: {1_GameSeed}</Text>
		</Replace>
		<Replace Language='en_US' Tag="LOC_PAUSEMENU_INFO_MOUSE_COPY_TOOLTIP">
			<Text>Right click to copy information.</Text>
		</Replace>
		<Replace Language='en_US' Tag="LOC_PAUSEMENU_INFO_TOUCH_COPY_TOOLTIP">
			<Text>Hold for 5 seconds to copy information.</Text>
		</Replace>
		<Replace Language='en_US' Tag="LOC_MOD_SCOUT_CAT_TITLE">
			<Text>DLC: Scout Cat</Text>
		</Replace>
		<Replace Language='en_US' Tag="LOC_MOD_SCOUT_CAT_TEASER">
			<Text>Replaces the Scout's dog with a clowder of cats.</Text>
		</Replace>
		<Replace Language='en_US' Tag="LOC_MOD_SCOUT_CAT_DESCRIPTION">
			<Text>Sometimes a player loves "Scout" the dog so much that they cannot stand to see Scout working so hard in the wild. So the obvious solution is to send in a clowder of cats so Scout can relax back at the village. Or, if you're a huge fan of felines, then this DLC is simply righting a wrong.</Text>
		</Replace>
	</LocalizedText>
</GameData>
