<?xml version="1.0" encoding="utf-8"?>
<GameData>
	<LocalizedText>
		<!-- Multiplayer Lobby Screen -->
		<Replace Language='en_US' Tag="LOC_LOBBY_GAME_STARTED_TOOLTIP">
			<Text>Game in progress</Text>
		</Replace>
		<Replace Language='en_US' Tag="LOC_LOBBY_GAME_LOADING_SAVE_TOOLTIP">
			<Text>Game loading save</Text>
		</Replace>
		<Replace Language='en_US' Tag="LOC_LOBBY_GAME_VERSION_MISMATCH_TOOLTIP">
			<Text>This game is running a different version of the game.[NEWLINE]Game: {1_GameVersion} Local: {2_GameVersion}</Text>
		</Replace>
		<Replace Language='en_US' Tag="LOC_LOBBY_JOIN_DISABLED_VERSION_MISMATCH_TOOLTIP">
			<Text>Unable to join games with a different version.</Text>
		</Replace>
	</LocalizedText>
</GameData>
