<?xml version="1.0" encoding="utf-8"?>
<!-- edited with XMLSPY v2004 rel. 2 U (http://www.xmlspy.com) by Anton Strenger (Firaxis Games) -->
<GameData>
	<LocalizedText>
		<!--Instance Names-->
		<Replace Language='en_US' Tag="LOC_QUEST_TRAIN_UNIT_TYPE_INSTANCE_NAME">
			<Text>Train {LOC_GRAMMAR_A_AN &lt;&lt; {1_UnitName}}.</Text>
		</Replace>
		<Replace Language='en_US' Tag="LOC_QUEST_ZONE_DISTRICT_TYPE_INSTANCE_NAME">
			<Text>Construct {LOC_GRAMMAR_A_AN &lt;&lt; {1_DistrictName}}.</Text>
		</Replace>
		<Replace Language='en_US' Tag="LOC_QUEST_TRIGGER_TECH_BOOST_INSTANCE_NAME">
			<Text>Trigger a [ICON_TechBoosted] Eureka for {1_TechName}.</Text>
		</Replace>
		<Replace Language='en_US' Tag="LOC_QUEST_TRIGGER_CIVIC_BOOST_INSTANCE_NAME">
			<Text>Trigger an [ICON_CivicBoosted] Inspiration for {1_CivicName}.</Text>
		</Replace>
		<Replace Language='en_US' Tag="LOC_QUEST_RECRUIT_GREAT_PERSON_CLASS_INSTANCE_NAME">
			<Text>Recruit {LOC_GRAMMAR_A_AN &lt;&lt; {1_GreatPersonClassName}}.</Text>
		</Replace>
		<!--Descriptions-->
		<Replace Language='en_US' Tag="LOC_QUEST_CONVERT_CAPITAL_TO_RELIGION_DESCRIPTION">
			<Text>Convert the city-state to your [ICON_Religion] religion.</Text>
		</Replace>
		<Replace Language='en_US' Tag="LOC_QUEST_SEND_TRADE_ROUTE_DESCRIPTION">
			<Text>Send a [ICON_TradeRoute] Trade Route to the city-state.</Text>
		</Replace>
		<Replace Language='en_US' Tag="LOC_QUEST_CLEAR_BARBARIAN_CAMP_DESCRIPTION">
			<Text>Destroy one [ICON_Barbarian] Barbarian Outpost within 5 tiles of the city.</Text>
		</Replace>
		<Replace Language='en_US' Tag="LOC_QUEST_TRAIN_UNIT_TYPE_DESCRIPTION">
			<Text>Train a randomly selected military [ICON_Unit] unit type.</Text>
		</Replace>
		<Replace Language='en_US' Tag="LOC_QUEST_ZONE_DISTRICT_TYPE_DESCRIPTION">
			<Text>Construct a randomly selected specialty [ICON_District] district type.</Text>
		</Replace>
		<Replace Language='en_US' Tag="LOC_QUEST_TRIGGER_TECH_BOOST_DESCRIPTION">
			<Text>Trigger a randomly selected [ICON_TechBoosted] Eureka moment.</Text>
		</Replace>
		<Replace Language='en_US' Tag="LOC_QUEST_TRIGGER_CIVIC_BOOST_DESCRIPTION">
			<Text>Trigger a randomly selected [ICON_CivicBoosted] Inspiration moment.</Text>
		</Replace>
		<Replace Language='en_US' Tag="LOC_QUEST_RECRUIT_GREAT_PERSON_CLASS_DESCRIPTION">
			<Text>Recruit a randomly selected [ICON_GreatPerson] Great Person class.</Text>
		</Replace>
		<!--Instance Descriptions-->
		<Replace Language='en_US' Tag="LOC_QUEST_TRAIN_UNIT_TYPE_INSTANCE_DESCRIPTION">
			<Text>Train {LOC_GRAMMAR_A_AN &lt;&lt; {1_UnitName}} military unit.</Text>
		</Replace>
		<Replace Language='en_US' Tag="LOC_QUEST_ZONE_DISTRICT_TYPE_INSTANCE_DESCRIPTION">
			<Text>Construct {LOC_GRAMMAR_A_AN &lt;&lt; {1_DistrictName}} district.</Text>
		</Replace>
		<Replace Language='en_US' Tag="LOC_QUEST_TRIGGER_TECH_BOOST_INSTANCE_DESCRIPTION">
			<Text>Trigger the [ICON_TechBoosted] Eureka moment for the {1_TechnologyName} technology.</Text>
		</Replace>
		<Replace Language='en_US' Tag="LOC_QUEST_TRIGGER_CIVIC_BOOST_INSTANCE_DESCRIPTION">
			<Text>Trigger the [ICON_CivicBoosted] Inspiration moment for the {1_CivicName} civic.</Text>
		</Replace>
		<Replace Language='en_US' Tag="LOC_QUEST_RECRUIT_GREAT_PERSON_CLASS_INSTANCE_DESCRIPTION">
			<Text>Recruit one {1_IconString} {2_GreatPersonClassName}.</Text>
		</Replace>
		<!--Rewards-->
		<Replace Language='en_US' Tag="LOC_QUEST_REWARD_ENVOYS">
			<Text>[ICON_Envoy] Envoys</Text>
		</Replace>
		<!--Instance Rewards-->
		<Replace Language='en_US' Tag="LOC_QUEST_REWARD_ENVOYS_NUMBER">
			<Text>[ICON_Envoy] {1_Amount} {1_Amount : plural 1?Envoy; other?Envoys;}</Text>
		</Replace>
	</LocalizedText>
</GameData>
