<?xml version="1.0" encoding="UTF-8" standalone="yes"?>
<GameData>
  <LocalizedText>
    <Replace Language='en_US' Tag="LOC_UNITNAME_BASE_TEMPLATE">
      <Text>{1_Prefix} {2_Suffix}</Text>
    </Replace>
    <Replace Language='en_US' Tag="LOC_UNITNAME_RANDOMIZE_BUTTON_TEXT">
      <Text>Randomize</Text>
    </Replace>
    <Replace Language='en_US' Tag="LOC_UNITNAME_CHOOSE_NAME">
      <Text>Choose a title for this unit:</Text>
    </Replace>
    <Replace Language='en_US' Tag="LOC_UNITNAME_CONFIRM">
      <Text>Confirm Name</Text>
    </Replace>
    <Replace Language='en_US' Tag="LOC_UNITNAME_RANDOM_FIRST">
      <Text>Randomize First Name</Text>
    </Replace>
    <Replace Language='en_US' Tag="LOC_UNITNAME_RANDOM_SECOND">
      <Text>Randomize Second Name</Text>
    </Replace>
    <Replace Language='en_US' Tag="LOC_UNITNAME_PREFIX_1ST">
      <Text>The 1st</Text>
    </Replace>
    <Replace Language='en_US' Tag="LOC_UNITNAME_PREFIX_2ND">
      <Text>The 2nd</Text>
    </Replace>
    <Replace Language='en_US' Tag="LOC_UNITNAME_PREFIX_3RD">
      <Text>The 3rd</Text>
    </Replace>
    <Replace Language='en_US' Tag="LOC_UNITNAME_PREFIX_4TH">
      <Text>The 4th</Text>
    </Replace>
    <Replace Language='en_US' Tag="LOC_UNITNAME_PREFIX_AIMED">
      <Text>The Aimed</Text>
    </Replace>
    <Replace Language='en_US' Tag="LOC_UNITNAME_PREFIX_ALPHA">
      <Text>The Alpha</Text>
    </Replace>
    <Replace Language='en_US' Tag="LOC_UNITNAME_PREFIX_ALPINE">
      <Text>The Alpine</Text>
    </Replace>
    <Replace Language='en_US' Tag="LOC_UNITNAME_PREFIX_ANGEL">
      <Text>The Angel</Text>
    </Replace>
    <Replace Language='en_US' Tag="LOC_UNITNAME_PREFIX_ARMORED">
      <Text>The Armored</Text>
    </Replace>
    <Replace Language='en_US' Tag="LOC_UNITNAME_PREFIX_BIG_RED">
      <Text>The Red</Text>
    </Replace>
    <Replace Language='en_US' Tag="LOC_UNITNAME_PREFIX_BLACK">
      <Text>The Black</Text>
    </Replace>
    <Replace Language='en_US' Tag="LOC_UNITNAME_PREFIX_BLOOD">
      <Text>The Blood</Text>
    </Replace>
    <Replace Language='en_US' Tag="LOC_UNITNAME_PREFIX_BLOODY">
      <Text>The Bloody</Text>
    </Replace>
    <Replace Language='en_US' Tag="LOC_UNITNAME_PREFIX_BRAVE">
      <Text>The Brave</Text>
    </Replace>
    <Replace Language='en_US' Tag="LOC_UNITNAME_PREFIX_BULL">
      <Text>The Bull</Text>
    </Replace>
    <Replace Language='en_US' Tag="LOC_UNITNAME_PREFIX_CELESTIAL">
      <Text>The Celestial</Text>
    </Replace>
    <Replace Language='en_US' Tag="LOC_UNITNAME_PREFIX_COLONIAL">
      <Text>The Colonial</Text>
    </Replace>
    <Replace Language='en_US' Tag="LOC_UNITNAME_PREFIX_CRAZY">
      <Text>The Crazy</Text>
    </Replace>
    <Replace Language='en_US' Tag="LOC_UNITNAME_PREFIX_DEAD_CENTER">
      <Text>The Center</Text>
    </Replace>
    <Replace Language='en_US' Tag="LOC_UNITNAME_PREFIX_DEADLY">
      <Text>The Deadly</Text>
    </Replace>
    <Replace Language='en_US' Tag="LOC_UNITNAME_PREFIX_DEATHS">
      <Text>The Death's</Text>
    </Replace>
    <Replace Language='en_US' Tag="LOC_UNITNAME_PREFIX_DELTA">
      <Text>The Delta</Text>
    </Replace>
    <Replace Language='en_US' Tag="LOC_UNITNAME_PREFIX_DESERT">
      <Text>The Desert</Text>
    </Replace>
    <Replace Language='en_US' Tag="LOC_UNITNAME_PREFIX_DIRTY">
      <Text>The Dirty</Text>
    </Replace>
    <Replace Language='en_US' Tag="LOC_UNITNAME_PREFIX_DRAGON">
      <Text>The Dragon</Text>
    </Replace>
    <Replace Language='en_US' Tag="LOC_UNITNAME_PREFIX_DRAWN">
      <Text>The Drawn</Text>
    </Replace>
    <Replace Language='en_US' Tag="LOC_UNITNAME_PREFIX_ELITE">
      <Text>The Elite</Text>
    </Replace>
    <Replace Language='en_US' Tag="LOC_UNITNAME_PREFIX_FIGHTING">
      <Text>The Fighting</Text>
    </Replace>
    <Replace Language='en_US' Tag="LOC_UNITNAME_PREFIX_FLYING">
      <Text>The Flying</Text>
    </Replace>
    <Replace Language='en_US' Tag="LOC_UNITNAME_PREFIX_GALLOPING">
      <Text>The Galloping</Text>
    </Replace>
    <Replace Language='en_US' Tag="LOC_UNITNAME_PREFIX_GHOST">
      <Text>The Ghost</Text>
    </Replace>
    <Replace Language='en_US' Tag="LOC_UNITNAME_PREFIX_GLORY">
      <Text>The Glory</Text>
    </Replace>
    <Replace Language='en_US' Tag="LOC_UNITNAME_PREFIX_GOLDEN">
      <Text>The Golden</Text>
    </Replace>
    <Replace Language='en_US' Tag="LOC_UNITNAME_PREFIX_GREAT">
      <Text>The Great</Text>
    </Replace>
    <Replace Language='en_US' Tag="LOC_UNITNAME_PREFIX_GREEN">
      <Text>The Green</Text>
    </Replace>
    <Replace Language='en_US' Tag="LOC_UNITNAME_PREFIX_GRIM">
      <Text>The Grim</Text>
    </Replace>
    <Replace Language='en_US' Tag="LOC_UNITNAME_PREFIX_HADES">
      <Text>The Hades</Text>
    </Replace>
    <Replace Language='en_US' Tag="LOC_UNITNAME_PREFIX_HELLISH">
      <Text>The Hellish</Text>
    </Replace>
    <Replace Language='en_US' Tag="LOC_UNITNAME_PREFIX_HELLS">
      <Text>The Hells</Text>
    </Replace>
    <Replace Language='en_US' Tag="LOC_UNITNAME_PREFIX_HOLY">
      <Text>The Holy</Text>
    </Replace>
    <Replace Language='en_US' Tag="LOC_UNITNAME_PREFIX_INVINCIBLE">
      <Text>The Invincible</Text>
    </Replace>
    <Replace Language='en_US' Tag="LOC_UNITNAME_PREFIX_IRON">
      <Text>The Iron</Text>
    </Replace>
    <Replace Language='en_US' Tag="LOC_UNITNAME_PREFIX_JUNGLE">
      <Text>The Jungle</Text>
    </Replace>
    <Replace Language='en_US' Tag="LOC_UNITNAME_PREFIX_KINGS">
      <Text>The King's</Text>
    </Replace>
    <Replace Language='en_US' Tag="LOC_UNITNAME_PREFIX_LAVA">
      <Text>The Lava</Text>
    </Replace>
    <Replace Language='en_US' Tag="LOC_UNITNAME_PREFIX_LIGHT">
      <Text>The Light</Text>
    </Replace>
    <Replace Language='en_US' Tag="LOC_UNITNAME_PREFIX_LIGHTNING">
      <Text>The Lightning</Text>
    </Replace>
    <Replace Language='en_US' Tag="LOC_UNITNAME_PREFIX_LION">
      <Text>The Lion</Text>
    </Replace>
    <Replace Language='en_US' Tag="LOC_UNITNAME_PREFIX_LONG">
      <Text>The Long</Text>
    </Replace>
    <Replace Language='en_US' Tag="LOC_UNITNAME_PREFIX_MAGNIFICENT">
      <Text>The Magnificent</Text>
    </Replace>
    <Replace Language='en_US' Tag="LOC_UNITNAME_PREFIX_MOUNTAIN">
      <Text>The Mountain</Text>
    </Replace>
    <Replace Language='en_US' Tag="LOC_UNITNAME_PREFIX_MOUNTED">
      <Text>The Mounted</Text>
    </Replace>
    <Replace Language='en_US' Tag="LOC_UNITNAME_PREFIX_NOMADIC">
      <Text>The Nomadic</Text>
    </Replace>
    <Replace Language='en_US' Tag="LOC_UNITNAME_PREFIX_OLD">
      <Text>The Old</Text>
    </Replace>
    <Replace Language='en_US' Tag="LOC_UNITNAME_PREFIX_ORPHAN">
      <Text>The Orphan</Text>
    </Replace>
    <Replace Language='en_US' Tag="LOC_UNITNAME_PREFIX_PARTISAN">
      <Text>The Partisan</Text>
    </Replace>
    <Replace Language='en_US' Tag="LOC_UNITNAME_PREFIX_PRESIDENTS">
      <Text>The President's</Text>
    </Replace>
    <Replace Language='en_US' Tag="LOC_UNITNAME_PREFIX_QUEENS">
      <Text>The Queen's</Text>
    </Replace>
    <Replace Language='en_US' Tag="LOC_UNITNAME_PREFIX_RAGGED">
      <Text>The Ragged</Text>
    </Replace>
    <Replace Language='en_US' Tag="LOC_UNITNAME_PREFIX_RAINING">
      <Text>The Raining</Text>
    </Replace>
    <Replace Language='en_US' Tag="LOC_UNITNAME_PREFIX_REVOLUTIONARY">
      <Text>The Revolutionary</Text>
    </Replace>
    <Replace Language='en_US' Tag="LOC_UNITNAME_PREFIX_RIVER">
      <Text>The River</Text>
    </Replace>
    <Replace Language='en_US' Tag="LOC_UNITNAME_PREFIX_ROCK">
      <Text>The Rock</Text>
    </Replace>
    <Replace Language='en_US' Tag="LOC_UNITNAME_PREFIX_ROYAL">
      <Text>The Royal</Text>
    </Replace>
    <Replace Language='en_US' Tag="LOC_UNITNAME_PREFIX_SACRED">
      <Text>The Sacred</Text>
    </Replace>
    <Replace Language='en_US' Tag="LOC_UNITNAME_PREFIX_SALTY">
      <Text>The Salty</Text>
    </Replace>
    <Replace Language='en_US' Tag="LOC_UNITNAME_PREFIX_SCREAMING">
      <Text>The Screaming</Text>
    </Replace>
    <Replace Language='en_US' Tag="LOC_UNITNAME_PREFIX_SEA">
      <Text>The Sea</Text>
    </Replace>
    <Replace Language='en_US' Tag="LOC_UNITNAME_PREFIX_SHARP">
      <Text>The Sharp</Text>
    </Replace>
    <Replace Language='en_US' Tag="LOC_UNITNAME_PREFIX_SILENT">
      <Text>The Silent</Text>
    </Replace>
    <Replace Language='en_US' Tag="LOC_UNITNAME_PREFIX_SOARING">
      <Text>The Soaring</Text>
    </Replace>
    <Replace Language='en_US' Tag="LOC_UNITNAME_PREFIX_STONE">
      <Text>The Stone</Text>
    </Replace>
    <Replace Language='en_US' Tag="LOC_UNITNAME_PREFIX_STONEWALL">
      <Text>The Stonewall</Text>
    </Replace>
    <Replace Language='en_US' Tag="LOC_UNITNAME_PREFIX_STORM">
      <Text>The Storm</Text>
    </Replace>
    <Replace Language='en_US' Tag="LOC_UNITNAME_PREFIX_TALL">
      <Text>The Tall</Text>
    </Replace>
    <Replace Language='en_US' Tag="LOC_UNITNAME_PREFIX_TEN">
      <Text>The Ten</Text>
    </Replace>
    <Replace Language='en_US' Tag="LOC_UNITNAME_PREFIX_TERRIBLE">
      <Text>The Terrible</Text>
    </Replace>
    <Replace Language='en_US' Tag="LOC_UNITNAME_PREFIX_THUNDERING">
      <Text>The Thundering</Text>
    </Replace>
    <Replace Language='en_US' Tag="LOC_UNITNAME_PREFIX_TIMBER">
      <Text>The Timber</Text>
    </Replace>
    <Replace Language='en_US' Tag="LOC_UNITNAME_PREFIX_TROPIC">
      <Text>The Tropic</Text>
    </Replace>
    <Replace Language='en_US' Tag="LOC_UNITNAME_PREFIX_TUNDRA">
      <Text>The Tundra</Text>
    </Replace>
    <Replace Language='en_US' Tag="LOC_UNITNAME_PREFIX_WALKING">
      <Text>The Walking</Text>
    </Replace>
    <Replace Language='en_US' Tag="LOC_UNITNAME_PREFIX_WAR">
      <Text>The War</Text>
    </Replace>
    <Replace Language='en_US' Tag="LOC_UNITNAME_PREFIX_WHITE">
      <Text>The White</Text>
    </Replace>
    <Replace Language='en_US' Tag="LOC_UNITNAME_PREFIX_WILD">
      <Text>The Wild</Text>
    </Replace>
    <Replace Language='en_US' Tag="LOC_UNITNAME_PREFIX_WINDING">
      <Text>The Winding</Text>
    </Replace>
    <Replace Language='en_US' Tag="LOC_UNITNAME_SUFFIX_ARTISTS">
      <Text>Artists</Text>
    </Replace>
    <Replace Language='en_US' Tag="LOC_UNITNAME_SUFFIX_BANNER">
      <Text>Banner</Text>
    </Replace>
    <Replace Language='en_US' Tag="LOC_UNITNAME_SUFFIX_BASTARDS">
      <Text>Bastards</Text>
    </Replace>
    <Replace Language='en_US' Tag="LOC_UNITNAME_SUFFIX_BATTALION">
      <Text>Battalion</Text>
    </Replace>
    <Replace Language='en_US' Tag="LOC_UNITNAME_SUFFIX_BERETS">
      <Text>Berets</Text>
    </Replace>
    <Replace Language='en_US' Tag="LOC_UNITNAME_SUFFIX_BODYGUARDS">
      <Text>Bodyguards</Text>
    </Replace>
    <Replace Language='en_US' Tag="LOC_UNITNAME_SUFFIX_BOOTS">
      <Text>Boots</Text>
    </Replace>
    <Replace Language='en_US' Tag="LOC_UNITNAME_SUFFIX_BOYS">
      <Text>Boys</Text>
    </Replace>
    <Replace Language='en_US' Tag="LOC_UNITNAME_SUFFIX_BRAVES">
      <Text>Braves</Text>
    </Replace>
    <Replace Language='en_US' Tag="LOC_UNITNAME_SUFFIX_BRIGADE">
      <Text>Brigade</Text>
    </Replace>
    <Replace Language='en_US' Tag="LOC_UNITNAME_SUFFIX_BROTHERS">
      <Text>Brothers</Text>
    </Replace>
    <Replace Language='en_US' Tag="LOC_UNITNAME_SUFFIX_BUTCHERS">
      <Text>Butchers</Text>
    </Replace>
    <Replace Language='en_US' Tag="LOC_UNITNAME_SUFFIX_CAPS">
      <Text>Caps</Text>
    </Replace>
    <Replace Language='en_US' Tag="LOC_UNITNAME_SUFFIX_CHAMPIONS">
      <Text>Champions</Text>
    </Replace>
    <Replace Language='en_US' Tag="LOC_UNITNAME_SUFFIX_CIRCUS">
      <Text>Circus</Text>
    </Replace>
    <Replace Language='en_US' Tag="LOC_UNITNAME_SUFFIX_COMPANY">
      <Text>Company</Text>
    </Replace>
    <Replace Language='en_US' Tag="LOC_UNITNAME_SUFFIX_COMRADES">
      <Text>Comrades</Text>
    </Replace>
    <Replace Language='en_US' Tag="LOC_UNITNAME_SUFFIX_CROSSES">
      <Text>Crosses</Text>
    </Replace>
    <Replace Language='en_US' Tag="LOC_UNITNAME_SUFFIX_CROWS">
      <Text>Crows</Text>
    </Replace>
    <Replace Language='en_US' Tag="LOC_UNITNAME_SUFFIX_DEAD">
      <Text>Dead</Text>
    </Replace>
    <Replace Language='en_US' Tag="LOC_UNITNAME_SUFFIX_DEMONS">
      <Text>Demons</Text>
    </Replace>
    <Replace Language='en_US' Tag="LOC_UNITNAME_SUFFIX_DEVILS">
      <Text>Devils</Text>
    </Replace>
    <Replace Language='en_US' Tag="LOC_UNITNAME_SUFFIX_DOGS">
      <Text>Dogs</Text>
    </Replace>
    <Replace Language='en_US' Tag="LOC_UNITNAME_SUFFIX_DOZEN">
      <Text>Dozen</Text>
    </Replace>
    <Replace Language='en_US' Tag="LOC_UNITNAME_SUFFIX_DRAGONS">
      <Text>Dragons</Text>
    </Replace>
    <Replace Language='en_US' Tag="LOC_UNITNAME_SUFFIX_EAGLES">
      <Text>Eagles</Text>
    </Replace>
    <Replace Language='en_US' Tag="LOC_UNITNAME_SUFFIX_EXCELLERS">
      <Text>Excellers</Text>
    </Replace>
    <Replace Language='en_US' Tag="LOC_UNITNAME_SUFFIX_FORCE">
      <Text>Force</Text>
    </Replace>
    <Replace Language='en_US' Tag="LOC_UNITNAME_SUFFIX_FUSILIERS">
      <Text>Fusiliers</Text>
    </Replace>
    <Replace Language='en_US' Tag="LOC_UNITNAME_SUFFIX_GAMBLERS">
      <Text>Gamblers</Text>
    </Replace>
    <Replace Language='en_US' Tag="LOC_UNITNAME_SUFFIX_GANG">
      <Text>Gang</Text>
    </Replace>
    <Replace Language='en_US' Tag="LOC_UNITNAME_SUFFIX_GARDE">
      <Text>Garde</Text>
    </Replace>
    <Replace Language='en_US' Tag="LOC_UNITNAME_SUFFIX_GIANTS">
      <Text>Giants</Text>
    </Replace>
    <Replace Language='en_US' Tag="LOC_UNITNAME_SUFFIX_GOONS">
      <Text>Goons</Text>
    </Replace>
    <Replace Language='en_US' Tag="LOC_UNITNAME_SUFFIX_GRENADIERS">
      <Text>Grenadiers</Text>
    </Replace>
    <Replace Language='en_US' Tag="LOC_UNITNAME_SUFFIX_GUARD">
      <Text>Guard</Text>
    </Replace>
    <Replace Language='en_US' Tag="LOC_UNITNAME_SUFFIX_GUARDIANS">
      <Text>Guardians</Text>
    </Replace>
    <Replace Language='en_US' Tag="LOC_UNITNAME_SUFFIX_HATS">
      <Text>Hats</Text>
    </Replace>
    <Replace Language='en_US' Tag="LOC_UNITNAME_SUFFIX_HELMETS">
      <Text>Helmets</Text>
    </Replace>
    <Replace Language='en_US' Tag="LOC_UNITNAME_SUFFIX_HORDE">
      <Text>Horde</Text>
    </Replace>
    <Replace Language='en_US' Tag="LOC_UNITNAME_SUFFIX_HOUNDS">
      <Text>Hounds</Text>
    </Replace>
    <Replace Language='en_US' Tag="LOC_UNITNAME_SUFFIX_HUNTERS">
      <Text>Hunters</Text>
    </Replace>
    <Replace Language='en_US' Tag="LOC_UNITNAME_SUFFIX_IMMORTALS">
      <Text>Immortals</Text>
    </Replace>
    <Replace Language='en_US' Tag="LOC_UNITNAME_SUFFIX_INFANTRY">
      <Text>Infantry</Text>
    </Replace>
    <Replace Language='en_US' Tag="LOC_UNITNAME_SUFFIX_IRONS">
      <Text>Irons</Text>
    </Replace>
    <Replace Language='en_US' Tag="LOC_UNITNAME_SUFFIX_KILLERS">
      <Text>Killers</Text>
    </Replace>
    <Replace Language='en_US' Tag="LOC_UNITNAME_SUFFIX_KINGS">
      <Text>Kings</Text>
    </Replace>
    <Replace Language='en_US' Tag="LOC_UNITNAME_SUFFIX_LADS">
      <Text>Lads</Text>
    </Replace>
    <Replace Language='en_US' Tag="LOC_UNITNAME_SUFFIX_LAMBS">
      <Text>Lambs</Text>
    </Replace>
    <Replace Language='en_US' Tag="LOC_UNITNAME_SUFFIX_LEGION">
      <Text>Legion</Text>
    </Replace>
    <Replace Language='en_US' Tag="LOC_UNITNAME_SUFFIX_LIBERATORS">
      <Text>Liberators</Text>
    </Replace>
    <Replace Language='en_US' Tag="LOC_UNITNAME_SUFFIX_LINE">
      <Text>Line</Text>
    </Replace>
    <Replace Language='en_US' Tag="LOC_UNITNAME_SUFFIX_LIONS">
      <Text>Lions</Text>
    </Replace>
    <Replace Language='en_US' Tag="LOC_UNITNAME_SUFFIX_MARTYRS">
      <Text>Martyrs</Text>
    </Replace>
    <Replace Language='en_US' Tag="LOC_UNITNAME_SUFFIX_ONE">
      <Text>Ones</Text>
    </Replace>
    <Replace Language='en_US' Tag="LOC_UNITNAME_SUFFIX_OWN">
      <Text>Own</Text>
    </Replace>
    <Replace Language='en_US' Tag="LOC_UNITNAME_SUFFIX_PANTHERS">
      <Text>Panthers</Text>
    </Replace>
    <Replace Language='en_US' Tag="LOC_UNITNAME_SUFFIX_PEACEMAKERS">
      <Text>Peacemakers</Text>
    </Replace>
    <Replace Language='en_US' Tag="LOC_UNITNAME_SUFFIX_PHANTOMS">
      <Text>Phantoms</Text>
    </Replace>
    <Replace Language='en_US' Tag="LOC_UNITNAME_SUFFIX_PROFESSIONALS">
      <Text>Professionals</Text>
    </Replace>
    <Replace Language='en_US' Tag="LOC_UNITNAME_SUFFIX_RAIDERS">
      <Text>Raiders</Text>
    </Replace>
    <Replace Language='en_US' Tag="LOC_UNITNAME_SUFFIX_RAMPAGERS">
      <Text>Rampagers</Text>
    </Replace>
    <Replace Language='en_US' Tag="LOC_UNITNAME_SUFFIX_REDS">
      <Text>Reds</Text>
    </Replace>
    <Replace Language='en_US' Tag="LOC_UNITNAME_SUFFIX_REGIMENT">
      <Text>Regiment</Text>
    </Replace>
    <Replace Language='en_US' Tag="LOC_UNITNAME_SUFFIX_RELIABLES">
      <Text>Reliables</Text>
    </Replace>
    <Replace Language='en_US' Tag="LOC_UNITNAME_SUFFIX_SAINTS">
      <Text>Saints</Text>
    </Replace>
    <Replace Language='en_US' Tag="LOC_UNITNAME_SUFFIX_SAVAGES">
      <Text>Savages</Text>
    </Replace>
    <Replace Language='en_US' Tag="LOC_UNITNAME_SUFFIX_SEEKERS">
      <Text>Seekers</Text>
    </Replace>
    <Replace Language='en_US' Tag="LOC_UNITNAME_SUFFIX_SHIELDS">
      <Text>Shields</Text>
    </Replace>
    <Replace Language='en_US' Tag="LOC_UNITNAME_SUFFIX_SHIRTS">
      <Text>Shirts</Text>
    </Replace>
    <Replace Language='en_US' Tag="LOC_UNITNAME_SUFFIX_SONS">
      <Text>Sons</Text>
    </Replace>
    <Replace Language='en_US' Tag="LOC_UNITNAME_SUFFIX_TIGERS">
      <Text>Tigers</Text>
    </Replace>
    <Replace Language='en_US' Tag="LOC_UNITNAME_SUFFIX_TIMBERWOLVES">
      <Text>Timberwolves</Text>
    </Replace>
    <Replace Language='en_US' Tag="LOC_UNITNAME_SUFFIX_TOUGHS">
      <Text>Toughs</Text>
    </Replace>
    <Replace Language='en_US' Tag="LOC_UNITNAME_SUFFIX_TROOP">
      <Text>Troop</Text>
    </Replace>
    <Replace Language='en_US' Tag="LOC_UNITNAME_SUFFIX_VOLUNTEERS">
      <Text>Volunteers</Text>
    </Replace>
    <Replace Language='en_US' Tag="LOC_UNITNAME_SUFFIX_WARLORDS">
      <Text>Warlords</Text>
    </Replace>
    <Replace Language='en_US' Tag="LOC_UNITNAME_SUFFIX_WATCH">
      <Text>Watch</Text>
    </Replace>
    <Replace Language='en_US' Tag="LOC_UNITNAME_SUFFIX_WIDOWMAKERS">
      <Text>Widowmakers</Text>
    </Replace>
    <Replace Language='en_US' Tag="LOC_UNITNAME_SUFFIX_WOLFHOUNDS">
      <Text>Wolfhounds</Text>
    </Replace>
    <Replace Language='en_US' Tag="LOC_UNITNAME_SUFFIX_WOLVES">
      <Text>Wolves</Text>
    </Replace>
    <Replace Language='en_US' Tag="LOC_UNITNAME_SUFFIX_APES">
      <Text>Apes</Text>
    </Replace>
    <Replace Language='en_US' Tag="LOC_UNITNAME_SUFFIX_BLADES">
      <Text>Blades</Text>
    </Replace>
    <Replace Language='en_US' Tag="LOC_UNITNAME_SUFFIX_COMMANDOS">
      <Text>Commandos</Text>
    </Replace>
    <Replace Language='en_US' Tag="LOC_UNITNAME_SUFFIX_EYES">
      <Text>Eyes</Text>
    </Replace>
    <Replace Language='en_US' Tag="LOC_UNITNAME_SUFFIX_JACKETS">
      <Text>Jackets</Text>
    </Replace>
    <Replace Language='en_US' Tag="LOC_UNITNAME_SUFFIX_KNIVES">
      <Text>Knives</Text>
    </Replace>
    <Replace Language='en_US' Tag="LOC_UNITNAME_SUFFIX_MARAUDERS">
      <Text>Marauders</Text>
    </Replace>
    <Replace Language='en_US' Tag="LOC_UNITNAME_SUFFIX_NOMADS">
      <Text>Nomads</Text>
    </Replace>
    <Replace Language='en_US' Tag="LOC_UNITNAME_SUFFIX_OUTLAWS">
      <Text>Outlaws</Text>
    </Replace>
    <Replace Language='en_US' Tag="LOC_UNITNAME_SUFFIX_PATHFINDERS">
      <Text>Pathfinders</Text>
    </Replace>
    <Replace Language='en_US' Tag="LOC_UNITNAME_SUFFIX_RANGERS">
      <Text>Rangers</Text>
    </Replace>
    <Replace Language='en_US' Tag="LOC_UNITNAME_SUFFIX_RECON">
      <Text>Recon</Text>
    </Replace>
    <Replace Language='en_US' Tag="LOC_UNITNAME_SUFFIX_RUNNERS">
      <Text>Runners</Text>
    </Replace>
    <Replace Language='en_US' Tag="LOC_UNITNAME_SUFFIX_SCOUTS">
      <Text>Scouts</Text>
    </Replace>
    <Replace Language='en_US' Tag="LOC_UNITNAME_SUFFIX_SNAKES">
      <Text>Snakes</Text>
    </Replace>
    <Replace Language='en_US' Tag="LOC_UNITNAME_SUFFIX_WANDERERS">
      <Text>Wanderers</Text>
    </Replace>
    <Replace Language='en_US' Tag="LOC_UNITNAME_SUFFIX_ARROWS">
      <Text>Arrows</Text>
    </Replace>
    <Replace Language='en_US' Tag="LOC_UNITNAME_SUFFIX_ARTILLERY">
      <Text>Artillery</Text>
    </Replace>
    <Replace Language='en_US' Tag="LOC_UNITNAME_SUFFIX_BATTERY">
      <Text>Battery</Text>
    </Replace>
    <Replace Language='en_US' Tag="LOC_UNITNAME_SUFFIX_BLAZERS">
      <Text>Blazers</Text>
    </Replace>
    <Replace Language='en_US' Tag="LOC_UNITNAME_SUFFIX_BOMBARDIERS">
      <Text>Bombardiers</Text>
    </Replace>
    <Replace Language='en_US' Tag="LOC_UNITNAME_SUFFIX_BOWS">
      <Text>Bows</Text>
    </Replace>
    <Replace Language='en_US' Tag="LOC_UNITNAME_SUFFIX_DEATH">
      <Text>Death</Text>
    </Replace>
    <Replace Language='en_US' Tag="LOC_UNITNAME_SUFFIX_FIRE_BREATHERS">
      <Text>Breathers</Text>
    </Replace>
    <Replace Language='en_US' Tag="LOC_UNITNAME_SUFFIX_GUNNERS">
      <Text>Gunners</Text>
    </Replace>
    <Replace Language='en_US' Tag="LOC_UNITNAME_SUFFIX_KNOCKERS">
      <Text>Knockers</Text>
    </Replace>
    <Replace Language='en_US' Tag="LOC_UNITNAME_SUFFIX_MARKSMEN">
      <Text>Marksmen</Text>
    </Replace>
    <Replace Language='en_US' Tag="LOC_UNITNAME_SUFFIX_RAIN">
      <Text>Rain</Text>
    </Replace>
    <Replace Language='en_US' Tag="LOC_UNITNAME_SUFFIX_SHARPS">
      <Text>Sharps</Text>
    </Replace>
    <Replace Language='en_US' Tag="LOC_UNITNAME_SUFFIX_SHARPSHOOTERS">
      <Text>Sharpshooters</Text>
    </Replace>
    <Replace Language='en_US' Tag="LOC_UNITNAME_SUFFIX_SLINGERS">
      <Text>Slingers</Text>
    </Replace>
    <Replace Language='en_US' Tag="LOC_UNITNAME_SUFFIX_SNIPERS">
      <Text>Snipers</Text>
    </Replace>
    <Replace Language='en_US' Tag="LOC_UNITNAME_SUFFIX_STRIKERS">
      <Text>Strikers</Text>
    </Replace>
    <Replace Language='en_US' Tag="LOC_UNITNAME_SUFFIX_DRAGOONS">
      <Text>Dragoons</Text>
    </Replace>
    <Replace Language='en_US' Tag="LOC_UNITNAME_SUFFIX_FEATHERS">
      <Text>Feathers</Text>
    </Replace>
    <Replace Language='en_US' Tag="LOC_UNITNAME_SUFFIX_FOXES">
      <Text>Foxes</Text>
    </Replace>
    <Replace Language='en_US' Tag="LOC_UNITNAME_SUFFIX_HAMMER">
      <Text>Hammer</Text>
    </Replace>
    <Replace Language='en_US' Tag="LOC_UNITNAME_SUFFIX_HORSE">
      <Text>Horse</Text>
    </Replace>
    <Replace Language='en_US' Tag="LOC_UNITNAME_SUFFIX_HORSEMEN">
      <Text>Horsemen</Text>
    </Replace>
    <Replace Language='en_US' Tag="LOC_UNITNAME_SUFFIX_HUSSARS">
      <Text>Hussars</Text>
    </Replace>
    <Replace Language='en_US' Tag="LOC_UNITNAME_SUFFIX_KNIGHTS">
      <Text>Knights</Text>
    </Replace>
    <Replace Language='en_US' Tag="LOC_UNITNAME_SUFFIX_KORPS">
      <Text>Korps</Text>
    </Replace>
    <Replace Language='en_US' Tag="LOC_UNITNAME_SUFFIX_LANCERS">
      <Text>Lancers</Text>
    </Replace>
    <Replace Language='en_US' Tag="LOC_UNITNAME_SUFFIX_PONIES">
      <Text>Ponies</Text>
    </Replace>
    <Replace Language='en_US' Tag="LOC_UNITNAME_SUFFIX_RIDERS">
      <Text>Riders</Text>
    </Replace>
    <Replace Language='en_US' Tag="LOC_UNITNAME_SUFFIX_STEEDS">
      <Text>Steeds</Text>
    </Replace>
    <Replace Language='en_US' Tag="LOC_UNITNAME_SUFFIX_VANGUARD">
      <Text>Vanguard</Text>
    </Replace>
    <Replace Language='en_US' Tag="LOC_UNITNAME_SUFFIX_WARHORSES">
      <Text>Warhorses</Text>
    </Replace>
    <Replace Language='en_US' Tag="LOC_UNITNAME_SUFFIX_ARMADA">
      <Text>Armada</Text>
    </Replace>
    <Replace Language='en_US' Tag="LOC_UNITNAME_SUFFIX_BOUNTY">
      <Text>Bounty</Text>
    </Replace>
    <Replace Language='en_US' Tag="LOC_UNITNAME_SUFFIX_BUCCANEERS">
      <Text>Buccaneers</Text>
    </Replace>
    <Replace Language='en_US' Tag="LOC_UNITNAME_SUFFIX_CONQUEROR">
      <Text>Conqueror</Text>
    </Replace>
    <Replace Language='en_US' Tag="LOC_UNITNAME_SUFFIX_DREADNOUGHT">
      <Text>Dreadnought</Text>
    </Replace>
    <Replace Language='en_US' Tag="LOC_UNITNAME_SUFFIX_EEL">
      <Text>Eel</Text>
    </Replace>
    <Replace Language='en_US' Tag="LOC_UNITNAME_SUFFIX_ENDEAVOR">
      <Text>Endeavor</Text>
    </Replace>
    <Replace Language='en_US' Tag="LOC_UNITNAME_SUFFIX_FLAGSHIP">
      <Text>Flagship</Text>
    </Replace>
    <Replace Language='en_US' Tag="LOC_UNITNAME_SUFFIX_FLOTILLA">
      <Text>Flotilla</Text>
    </Replace>
    <Replace Language='en_US' Tag="LOC_UNITNAME_SUFFIX_INTREPID">
      <Text>Intrepid</Text>
    </Replace>
    <Replace Language='en_US' Tag="LOC_UNITNAME_SUFFIX_INVINCIBLE">
      <Text>Invincible</Text>
    </Replace>
    <Replace Language='en_US' Tag="LOC_UNITNAME_SUFFIX_IRONSIDES">
      <Text>Ironsides</Text>
    </Replace>
    <Replace Language='en_US' Tag="LOC_UNITNAME_SUFFIX_NARWHAL">
      <Text>Narwhal</Text>
    </Replace>
    <Replace Language='en_US' Tag="LOC_UNITNAME_SUFFIX_ORCA">
      <Text>Orca</Text>
    </Replace>
    <Replace Language='en_US' Tag="LOC_UNITNAME_SUFFIX_REDOUBTABLE">
      <Text>Redoubtable</Text>
    </Replace>
    <Replace Language='en_US' Tag="LOC_UNITNAME_SUFFIX_RESOLUTION">
      <Text>Resolution</Text>
    </Replace>
    <Replace Language='en_US' Tag="LOC_UNITNAME_SUFFIX_REVENGE">
      <Text>Revenge</Text>
    </Replace>
    <Replace Language='en_US' Tag="LOC_UNITNAME_SUFFIX_SEAWOLVES">
      <Text>Seawolves</Text>
    </Replace>
    <Replace Language='en_US' Tag="LOC_UNITNAME_SUFFIX_SHARK">
      <Text>Shark</Text>
    </Replace>
    <Replace Language='en_US' Tag="LOC_UNITNAME_SUFFIX_STRIKE_GROUP">
      <Text>Group</Text>
    </Replace>
    <Replace Language='en_US' Tag="LOC_UNITNAME_SUFFIX_TRIDENT">
      <Text>Trident</Text>
    </Replace>
    <Replace Language='en_US' Tag="LOC_UNITNAME_SUFFIX_VICTORY">
      <Text>Victory</Text>
    </Replace>
    <Replace Language='en_US' Tag="LOC_UNITNAME_SUFFIX_WHALE">
      <Text>Whale</Text>
    </Replace>
    <Replace Language='en_US' Tag="LOC_UNITNAME_SUFFIX_ACES">
      <Text>Aces</Text>
    </Replace>
    <Replace Language='en_US' Tag="LOC_UNITNAME_SUFFIX_AIRMEN">
      <Text>Airmen</Text>
    </Replace>
    <Replace Language='en_US' Tag="LOC_UNITNAME_SUFFIX_ANGELS">
      <Text>Angels</Text>
    </Replace>
    <Replace Language='en_US' Tag="LOC_UNITNAME_SUFFIX_BIRDS">
      <Text>Birds</Text>
    </Replace>
    <Replace Language='en_US' Tag="LOC_UNITNAME_SUFFIX_FALCONS">
      <Text>Falcons</Text>
    </Replace>
    <Replace Language='en_US' Tag="LOC_UNITNAME_SUFFIX_FLYERS">
      <Text>Flyers</Text>
    </Replace>
    <Replace Language='en_US' Tag="LOC_UNITNAME_SUFFIX_GUNFIGHTERS">
      <Text>Gunfighters</Text>
    </Replace>
    <Replace Language='en_US' Tag="LOC_UNITNAME_SUFFIX_GUNS">
      <Text>Guns</Text>
    </Replace>
    <Replace Language='en_US' Tag="LOC_UNITNAME_SUFFIX_HAWKS">
      <Text>Hawks</Text>
    </Replace>
    <Replace Language='en_US' Tag="LOC_UNITNAME_SUFFIX_HORNETS">
      <Text>Hornets</Text>
    </Replace>
    <Replace Language='en_US' Tag="LOC_UNITNAME_SUFFIX_INTERCEPTORS">
      <Text>Interceptors</Text>
    </Replace>
    <Replace Language='en_US' Tag="LOC_UNITNAME_SUFFIX_INTRUDERS">
      <Text>Intruders</Text>
    </Replace>
    <Replace Language='en_US' Tag="LOC_UNITNAME_SUFFIX_NIGHTSTALKERS">
      <Text>Nightstalkers</Text>
    </Replace>
    <Replace Language='en_US' Tag="LOC_UNITNAME_SUFFIX_SQUADRON">
      <Text>Squadron</Text>
    </Replace>
    <Replace Language='en_US' Tag="LOC_UNITNAME_SUFFIX_THUNDERBOLTS">
      <Text>Thunderbolts</Text>
    </Replace>
    <Replace Language='en_US' Tag="LOC_UNITNAME_SUFFIX_VAMPIRES">
      <Text>Vampires</Text>
    </Replace>
    <Replace Language='en_US' Tag="LOC_UNITNAME_SUFFIX_WARHAWKS">
      <Text>Warhawks</Text>
    </Replace>
    <Replace Language='en_US' Tag="LOC_UNITNAME_SUFFIX_WING">
      <Text>Wing</Text>
    </Replace>

	  <Replace Language='en_US' Tag="LOC_UNITNAME_PREFIX_HEAVENLY">
		  <Text>The Heavenly</Text>
	  </Replace>
	  <Replace Language='en_US' Tag="LOC_UNITNAME_PREFIX_BRIGHT">
		  <Text>The Bright</Text>
	  </Replace>
	  <Replace Language='en_US' Tag="LOC_UNITNAME_PREFIX_HIDDEN">
		  <Text>The Hidden</Text>
	  </Replace>
	  <Replace Language='en_US' Tag="LOC_UNITNAME_PREFIX_JADE">
		  <Text>The Jade</Text>
	  </Replace>
	  <Replace Language='en_US' Tag="LOC_UNITNAME_PREFIX_CRIMSON">
		  <Text>The Crimson</Text>
	  </Replace>
	  <Replace Language='en_US' Tag="LOC_UNITNAME_PREFIX_SPIRIT">
		  <Text>The Spirit</Text>
	  </Replace>
	  <Replace Language='en_US' Tag="LOC_UNITNAME_PREFIX_ETERNAL">
		  <Text>The Eternal</Text>
	  </Replace>
	  <Replace Language='en_US' Tag="LOC_UNITNAME_PREFIX_NORTHERN">
		  <Text>The Northern</Text>
	  </Replace>
	  <Replace Language='en_US' Tag="LOC_UNITNAME_PREFIX_SOUTHERN">
		  <Text>The Southern</Text>
	  </Replace>
	  <Replace Language='en_US' Tag="LOC_UNITNAME_PREFIX_EASTERN">
		  <Text>The Eastern</Text>
	  </Replace>
	  <Replace Language='en_US' Tag="LOC_UNITNAME_PREFIX_WESTERN">
		  <Text>The Western</Text>
	  </Replace>
	  <Replace Language='en_US' Tag="LOC_UNITNAME_PREFIX_EARTHEN">
		  <Text>The Earthen</Text>
	  </Replace>
	  <Replace Language='en_US' Tag="LOC_UNITNAME_PREFIX_GALE">
		  <Text>The Gale</Text>
	  </Replace>
	  <Replace Language='en_US' Tag="LOC_UNITNAME_PREFIX_FIRE">
		  <Text>The Fire</Text>
	  </Replace>
	  <Replace Language='en_US' Tag="LOC_UNITNAME_PREFIX_METAL">
		  <Text>The Metal</Text>
	  </Replace>
	  <Replace Language='en_US' Tag="LOC_UNITNAME_PREFIX_WATER">
		  <Text>The Water</Text>
	  </Replace>
	  <Replace Language='en_US' Tag="LOC_UNITNAME_PREFIX_BOXING">
		  <Text>The Boxing</Text>
	  </Replace>
	  <Replace Language='en_US' Tag="LOC_UNITNAME_PREFIX_OPEN">
		  <Text>The Open</Text>
	  </Replace>
	  <Replace Language='en_US' Tag="LOC_UNITNAME_PREFIX_RAGING">
		  <Text>The Raging</Text>
	  </Replace>
	  <Replace Language='en_US' Tag="LOC_UNITNAME_PREFIX_CALM">
		  <Text>The Calm</Text>
	  </Replace>
	  <Replace Language='en_US' Tag="LOC_UNITNAME_PREFIX_SLEEPING">
		  <Text>The Sleeping</Text>
	  </Replace>
	  <Replace Language='en_US' Tag="LOC_UNITNAME_SUFFIX_FLAMES">
		  <Text>Flames</Text>
	  </Replace>
	  <Replace Language='en_US' Tag="LOC_UNITNAME_SUFFIX_WINDS">
		  <Text>Winds</Text>
	  </Replace>
	  <Replace Language='en_US' Tag="LOC_UNITNAME_SUFFIX_FLOODS">
		  <Text>Floods</Text>
	  </Replace>
	  <Replace Language='en_US' Tag="LOC_UNITNAME_SUFFIX_MONKEYS">
		  <Text>Monkeys</Text>
	  </Replace>
	  <Replace Language='en_US' Tag="LOC_UNITNAME_SUFFIX_CRANES">
		  <Text>Cranes</Text>
	  </Replace>
	  <Replace Language='en_US' Tag="LOC_UNITNAME_SUFFIX_MANTIS">
		  <Text>Mantis</Text>
	  </Replace>
	  <Replace Language='en_US' Tag="LOC_UNITNAME_SUFFIX_PANDAS">
		  <Text>Pandas</Text>
	  </Replace>
	  <Replace Language='en_US' Tag="LOC_UNITNAME_SUFFIX_ORDER">
		  <Text>Order</Text>
	  </Replace>
	  <Replace Language='en_US' Tag="LOC_UNITNAME_SUFFIX_HAND">
		  <Text>Hand</Text>
	  </Replace>
	  <Replace Language='en_US' Tag="LOC_UNITNAME_SUFFIX_FIST">
		  <Text>Fist</Text>
	  </Replace>
	  <Replace Language='en_US' Tag="LOC_UNITNAME_SUFFIX_CLAW">
		  <Text>Claw</Text>
	  </Replace>
	  <Replace Language='en_US' Tag="LOC_UNITNAME_SUFFIX_STARS">
		  <Text>Stars</Text>
	  </Replace>
	  <Replace Language='en_US' Tag="LOC_UNITNAME_SUFFIX_PALM">
		  <Text>Palm</Text>
	  </Replace>
	  <Replace Language='en_US' Tag="LOC_UNITNAME_SUFFIX_MENDICANTS">
		  <Text>Mendicants</Text>
	  </Replace>
	  <Replace Language='en_US' Tag="LOC_UNITNAME_SUFFIX_PILGRIMS">
		  <Text>Pilgrims</Text>
	  </Replace>
	  <Replace Language='en_US' Tag="LOC_UNITNAME_SUFFIX_TEACHERS">
		  <Text>Teachers</Text>
	  </Replace>
	  <Replace Language='en_US' Tag="LOC_UNITNAME_SUFFIX_MASTERS">
		  <Text>Masters</Text>
	  </Replace>
	  <Replace Language='en_US' Tag="LOC_UNITNAME_SUFFIX_SWEEPERS">
		  <Text>Sweepers</Text>
	  </Replace>
	  <Replace Language='en_US' Tag="LOC_UNITNAME_SUFFIX_FOOT">
		  <Text>Foot</Text>
	  </Replace>
	  <Replace Language='en_US' Tag="LOC_UNITNAME_SUFFIX_GRASSHOPPERS">
		  <Text>Grasshoppers</Text>
	  </Replace>
  </LocalizedText>
</GameData>