<?xml version="1.0" encoding="utf-8"?>
<!-- edited with XMLSPY v2004 rel. 2 U (http://www.xmlspy.com) by Ed Beach (Firaxis Games) -->
<GameData>
	<LocalizedText>
		<!-- Civ Info-->
		<Replace Language="en_US" Tag="LOC_CIVILIZATION_AUSTRALIA_DESCRIPTION">
			<Text>Đế chế Úc</Text>
		</Replace>
		<Replace Language="en_US" Tag="LOC_CIVILIZATION_AUSTRALIA_ADJECTIVE">
			<Text>Người Úc</Text>
		</Replace>
		<!-- Leader Agenda-->
		<Replace Language="en_US" Tag="LOC_AGENDA_PERPETUALLY_ON_GUARD_NAME">
			<Text>Bảo Vệ Vĩnh Viễn</Text>
		</Replace>
		<Replace Language="en_US" Tag="LOC_AGENDA_PERPETUALLY_ON_GUARD_DESCRIPTION">
			<Text>Thích những nền văn minh mà giải phóng các thành phố. Không thích những nền văn minh trong chiến tranh mà chiếm giữ lấy các thành phố của kẻ địch.</Text>
		</Replace>
		<Replace Language="en_US" Tag="LOC_CIVINFO_AUSTRALIA_LOCATION">
			<Text>Úc Đại Lục</Text>
		</Replace>
		<Replace Language="en_US" Tag="LOC_CIVINFO_AUSTRALIA_SIZE">
			<Text>Khoảng 2.97 triệu dặm vuông (7.7 triệu km vuông)</Text>
		</Replace>
		<Replace Language="en_US" Tag="LOC_CIVINFO_AUSTRALIA_POPULATION">
			<Text>Khoảng 24 triệu (theo ước tính 2017)</Text>
		</Replace>
		<Replace Language="en_US" Tag="LOC_CIVINFO_AUSTRALIA_CAPITAL">
			<Text>Melbourne, bây giờ là Canberra</Text>
		</Replace>
		<!-- City Names -->
		<Replace Language="en_US" Tag="LOC_CITY_NAME_CANBERRA">
			<Text>Canberra</Text>
		</Replace>
		<Replace Language="en_US" Tag="LOC_CITY_NAME_SYDNEY">
			<Text>Sydney</Text>
		</Replace>
		<Replace Language="en_US" Tag="LOC_CITY_NAME_MELBOURNE">
			<Text>Melbourne</Text>
		</Replace>
		<Replace Language="en_US" Tag="LOC_CITY_NAME_BRISBANE">
			<Text>Brisbane</Text>
		</Replace>
		<Replace Language="en_US" Tag="LOC_CITY_NAME_ADELAIDE">
			<Text>Adelaide</Text>
		</Replace>
		<Replace Language="en_US" Tag="LOC_CITY_NAME_PERTH">
			<Text>Perth</Text>
		</Replace>
		<Replace Language="en_US" Tag="LOC_CITY_NAME_HOBART">
			<Text>Hobart</Text>
		</Replace>
		<Replace Language="en_US" Tag="LOC_CITY_NAME_GEELONG">
			<Text>Geelong</Text>
		</Replace>
		<Replace Language="en_US" Tag="LOC_CITY_NAME_LAUNCESTON">
			<Text>Launceston </Text>
		</Replace>
		<Replace Language="en_US" Tag="LOC_CITY_NAME_BALLAARAT">
			<Text>Ballaarat</Text>
		</Replace>
		<Replace Language="en_US" Tag="LOC_CITY_NAME_ROCKHAMPTON">
			<Text>Rockhampton</Text>
		</Replace>
		<Replace Language="en_US" Tag="LOC_CITY_NAME_TOOWOOMBA">
			<Text>Toowoomba</Text>
		</Replace>
		<Replace Language="en_US" Tag="LOC_CITY_NAME_TOWNSVILLE">
			<Text>Townsville</Text>
		</Replace>
		<Replace Language="en_US" Tag="LOC_CITY_NAME_BENDIGO">
			<Text>Bendigo</Text>
		</Replace>
		<Replace Language="en_US" Tag="LOC_CITY_NAME_BROKEN_HILL">
			<Text>Broken Hill</Text>
		</Replace>
		<Replace Language="en_US" Tag="LOC_CITY_NAME_MAITLAND">
			<Text>Maitland</Text>
		</Replace>
		<Replace Language="en_US" Tag="LOC_CITY_NAME_WOLLONGONG">
			<Text>Wollongong</Text>
		</Replace>
		<Replace Language="en_US" Tag="LOC_CITY_NAME_CAIRNS">
			<Text>Cairns</Text>
		</Replace>
		<Replace Language="en_US" Tag="LOC_CITY_NAME_DARWIN">
			<Text>Darwin</Text>
		</Replace>
		<Replace Language="en_US" Tag="LOC_CITY_NAME_GOULBURN">
			<Text>Goulburn</Text>
		</Replace>
		<Replace Language="en_US" Tag="LOC_CITY_NAME_BUNDABERG">
			<Text>Bundaberg</Text>
		</Replace>
		<Replace Language="en_US" Tag="LOC_CITY_NAME_WAGGA_WAGGA">
			<Text>Wagga Wagga</Text>
		</Replace>
		<Replace Language="en_US" Tag="LOC_CITY_NAME_LISMORE">
			<Text>Lismore</Text>
		</Replace>
		<Replace Language="en_US" Tag="LOC_CITY_NAME_LITHGOW">
			<Text>Lithgow</Text>
		</Replace>
		<Replace Language="en_US" Tag="LOC_CITY_NAME_MARYBOROUGH">
			<Text>Maryborough</Text>
		</Replace>
		<Replace Language="en_US" Tag="LOC_CITY_NAME_ALBURY">
			<Text>Albury</Text>
		</Replace>
		<Replace Language="en_US" Tag="LOC_CITY_NAME_ORANGE">
			<Text>Orange</Text>
		</Replace>
		<Replace Language="en_US" Tag="LOC_CITY_NAME_FREMANTLE">
			<Text>Fremantle</Text>
		</Replace>
		<Replace Language="en_US" Tag="LOC_CITY_NAME_TWEED_HEADS">
			<Text>Tweed Heads</Text>
		</Replace>
		<Replace Language="en_US" Tag="LOC_CITY_NAME_COFFS_HARBOUR">
			<Text>Coffs Harbour</Text>
		</Replace>
		<Replace Language="en_US" Tag="LOC_CITY_NAME_HERVEY_BAY">
			<Text>Hervey Bay</Text>
		</Replace>
		<Replace Language="en_US" Tag="LOC_CITY_NAME_KALGOORLIE">
			<Text>Kalgoorlie</Text>
		</Replace>
		<Replace Language="en_US" Tag="LOC_CITY_NAME_PORT_MACQUARIE">
			<Text>Port Macquarie</Text>
		</Replace>
		<Replace Language="en_US" Tag="LOC_CITY_NAME_ALICE_SPRINGS">
			<Text>Alice Springs</Text>
		</Replace>
		<Replace Language="en_US" Tag="LOC_CITY_NAME_BATHURST">
			<Text>Bathurst</Text>
		</Replace>
		<Replace Language="en_US" Tag="LOC_CITY_NAME_GLADSTONE">
			<Text>Gladstone</Text>
		</Replace>
		<Replace Language="en_US" Tag="LOC_CITY_NAME_QUEANBEYAN">
			<Text>Queanbeyan</Text>
		</Replace>
		<Replace Language="en_US" Tag="LOC_CITY_NAME_PORT_PIRIE">
			<Text>Port Pirie</Text>
		</Replace>
		<Replace Language="en_US" Tag="LOC_CITY_NAME_BOOMAHNOOMOONAH">
			<Text>Boomahnoomoonah</Text>
		</Replace>
		<!-- Citizen Names -->
		<Replace Language="en_US" Tag="LOC_CITIZEN_AUSTRALIA_MALE_1">
			<Text>Anatjari</Text>
		</Replace>
		<Replace Language="en_US" Tag="LOC_CITIZEN_AUSTRALIA_MALE_2">
			<Text>Colebee</Text>
		</Replace>
		<Replace Language="en_US" Tag="LOC_CITIZEN_AUSTRALIA_MALE_3">
			<Text>Djalu</Text>
		</Replace>
		<Replace Language="en_US" Tag="LOC_CITIZEN_AUSTRALIA_MALE_4">
			<Text>Gurumarra</Text>
		</Replace>
		<Replace Language="en_US" Tag="LOC_CITIZEN_AUSTRALIA_MALE_5">
			<Text>Jarli</Text>
		</Replace>
		<Replace Language="en_US" Tag="LOC_CITIZEN_AUSTRALIA_MALE_6">
			<Text>Mandawuy</Text>
		</Replace>
		<Replace Language="en_US" Tag="LOC_CITIZEN_AUSTRALIA_MALE_7">
			<Text>Toba</Text>
		</Replace>
		<Replace Language="en_US" Tag="LOC_CITIZEN_AUSTRALIA_MALE_8">
			<Text>Yarran</Text>
		</Replace>
		<Replace Language="en_US" Tag="LOC_CITIZEN_AUSTRALIA_MALE_9">
			<Text>Warrin</Text>
		</Replace>
		<Replace Language="en_US" Tag="LOC_CITIZEN_AUSTRALIA_MALE_10">
			<Text>Waku</Text>
		</Replace>
		<Replace Language="en_US" Tag="LOC_CITIZEN_AUSTRALIA_FEMALE_1">
			<Text>Bindi</Text>
		</Replace>
		<Replace Language="en_US" Tag="LOC_CITIZEN_AUSTRALIA_FEMALE_2">
			<Text>Kalinda</Text>
		</Replace>
		<Replace Language="en_US" Tag="LOC_CITIZEN_AUSTRALIA_FEMALE_3">
			<Text>Kirra</Text>
		</Replace>
		<Replace Language="en_US" Tag="LOC_CITIZEN_AUSTRALIA_FEMALE_4">
			<Text>Ellin</Text>
		</Replace>
		<Replace Language="en_US" Tag="LOC_CITIZEN_AUSTRALIA_FEMALE_5">
			<Text>Jedda</Text>
		</Replace>
		<Replace Language="en_US" Tag="LOC_CITIZEN_AUSTRALIA_FEMALE_6">
			<Text>Lenah</Text>
		</Replace>
		<Replace Language="en_US" Tag="LOC_CITIZEN_AUSTRALIA_FEMALE_7">
			<Text>Marindah</Text>
		</Replace>
		<Replace Language="en_US" Tag="LOC_CITIZEN_AUSTRALIA_FEMALE_8">
			<Text>Parara</Text>
		</Replace>
		<Replace Language="en_US" Tag="LOC_CITIZEN_AUSTRALIA_FEMALE_9">
			<Text>Tatali</Text>
		</Replace>
		<Replace Language="en_US" Tag="LOC_CITIZEN_AUSTRALIA_FEMALE_10">
			<Text>Wintjiya</Text>
		</Replace>
		<Replace Language="en_US" Tag="LOC_CITIZEN_AUSTRALIA_MODERN_MALE_1">
			<Text>James</Text>
		</Replace>
		<Replace Language="en_US" Tag="LOC_CITIZEN_AUSTRALIA_MODERN_MALE_2">
			<Text>Luke</Text>
		</Replace>
		<Replace Language="en_US" Tag="LOC_CITIZEN_AUSTRALIA_MODERN_MALE_3">
			<Text>Jackson</Text>
		</Replace>
		<Replace Language="en_US" Tag="LOC_CITIZEN_AUSTRALIA_MODERN_MALE_4">
			<Text>Cody</Text>
		</Replace>
		<Replace Language="en_US" Tag="LOC_CITIZEN_AUSTRALIA_MODERN_MALE_5">
			<Text>Mitch</Text>
		</Replace>
		<Replace Language="en_US" Tag="LOC_CITIZEN_AUSTRALIA_MODERN_MALE_6">
			<Text>Blake</Text>
		</Replace>
		<Replace Language="en_US" Tag="LOC_CITIZEN_AUSTRALIA_MODERN_MALE_7">
			<Text>Hugo</Text>
		</Replace>
		<Replace Language="en_US" Tag="LOC_CITIZEN_AUSTRALIA_MODERN_MALE_8">
			<Text>Brenden</Text>
		</Replace>
		<Replace Language="en_US" Tag="LOC_CITIZEN_AUSTRALIA_MODERN_MALE_9">
			<Text>Jordan</Text>
		</Replace>
		<Replace Language="en_US" Tag="LOC_CITIZEN_AUSTRALIA_MODERN_MALE_10">
			<Text>Michael</Text>
		</Replace>
		<Replace Language="en_US" Tag="LOC_CITIZEN_AUSTRALIA_MODERN_FEMALE_1">
			<Text>Nicole</Text>
		</Replace>
		<Replace Language="en_US" Tag="LOC_CITIZEN_AUSTRALIA_MODERN_FEMALE_2">
			<Text>Olivia</Text>
		</Replace>
		<Replace Language="en_US" Tag="LOC_CITIZEN_AUSTRALIA_MODERN_FEMALE_3">
			<Text>Zoe</Text>
		</Replace>
		<Replace Language="en_US" Tag="LOC_CITIZEN_AUSTRALIA_MODERN_FEMALE_4">
			<Text>Holly</Text>
		</Replace>
		<Replace Language="en_US" Tag="LOC_CITIZEN_AUSTRALIA_MODERN_FEMALE_5">
			<Text>Paige</Text>
		</Replace>
		<Replace Language="en_US" Tag="LOC_CITIZEN_AUSTRALIA_MODERN_FEMALE_6">
			<Text>Kathleen</Text>
		</Replace>
		<Replace Language="en_US" Tag="LOC_CITIZEN_AUSTRALIA_MODERN_FEMALE_7">
			<Text>Louisa</Text>
		</Replace>
		<Replace Language="en_US" Tag="LOC_CITIZEN_AUSTRALIA_MODERN_FEMALE_8">
			<Text>Michele</Text>
		</Replace>
		<Replace Language="en_US" Tag="LOC_CITIZEN_AUSTRALIA_MODERN_FEMALE_9">
			<Text>Elizabeth</Text>
		</Replace>
		<Replace Language="en_US" Tag="LOC_CITIZEN_AUSTRALIA_MODERN_FEMALE_10">
			<Text>Alicia</Text>
		</Replace>
		<!-- Feature Info-->
		<Replace Language="en_US" Tag="LOC_FEATURE_ULURU_NAME">
			<Text>Uluru</Text>
		</Replace>
		<Replace Language="en_US" Tag="LOC_FEATURE_ULURU_DESCRIPTION">
			<Text>Một ô kỳ quan thiên nhiên không thể băng qua. +2 [ICON_CULTURE] Văn minh và +2 [ICON_FAITH] Đức tin cho các ô đất liền kề. +4 Sức hấp dẫn cho các ô đất liền kề thay vì +2.</Text>
		</Replace>
		<Replace Language="en_US" Tag="LOC_FEATURE_ULURU_QUOTE">
			<Text>"Thật là một cảnh tượng hũng chỉ có trong mùa mưa; những thác nước đều có ở mọi nơi!"[NEWLINE]– William Gosse</Text>
		</Replace>
		<!-- Trait Info-->
		<Replace Language="en_US" Tag="LOC_TRAIT_CIVILIZATION_IMPROVEMENT_OUTBACK_STATION_NAME">
			<Text>Công trình đặc biệt của Úc: Nông Trại Ngoại Thành</Text>
		</Replace>
		<!-- Diplo Text -->
		<Replace Language="en_US" Tag="LOC_DIPLO_ACCEPT_DECLARE_FRIEND_FROM_HUMAN_LEADER_JOHN_CURTIN_ANY">
			<Text>Chúng tôi rất sẵn lòng công nhận tình hữu nghị mạnh mẽ giữa các quốc gia.</Text>
		</Replace>
		<Replace Language="en_US" Tag="LOC_DIPLO_REJECT_DECLARE_FRIEND_FROM_HUMAN_LEADER_JOHN_CURTIN_ANY">
			<Text>Hy vọng ngài sẽ hiểu, ta chỉ không thể cam kết bất kỳ yêu cầu chính thức gì tại thời điểm này.</Text>
		</Replace>
		<Replace Language="en_US" Tag="LOC_DIPLO_DECLARE_FRIEND_FROM_AI_LEADER_JOHN_CURTIN_ANY">
			<Text>Ta tin rằng tình hữu nghị của chúng ta được xây dựng dựa trên lợi ích chung trong việc duy trì sự ổn định và phòng vệ khi cần thiết. Hy vọng ngài đồng ý.</Text>
		</Replace>
		<Replace Language="en_US" Tag="LOC_DIPLO_ACCEPT_DECLARE_FRIEND_FROM_AI_LEADER_JOHN_CURTIN_ANY">
			<Text>Ta đánh giá cao tất cả mọi thứ mà ngài đã làm.</Text>
		</Replace>
		<Replace Language="en_US" Tag="LOC_DIPLO_REJECT_DECLARE_FRIEND_FROM_AI_LEADER_JOHN_CURTIN_ANY">
			<Text>Một lần nữa không được hoan nghênh.</Text>
		</Replace>
		<Replace Language="en_US" Tag="LOC_DIPLO_DECLARE_WAR_FROM_HUMAN_LEADER_JOHN_CURTIN_ANY">
			<Text>Ta sẽ tập hợp mọi phương tiện để ngăn chặn sự vi phạm này đối với đất nước ta!</Text>
		</Replace>
		<Replace Language="en_US" Tag="LOC_DIPLO_DECLARE_WAR_FROM_AI_LEADER_JOHN_CURTIN_ANY">
			<Text>Sau khi cân nhắc kỹ lưỡng, Úc nhận ra mình đang ở bước ngoặt. Chiến tranh cần tới ta, hãy chuẩn bị tinh thần đi.</Text>
		</Replace>
		<Replace Language="en_US" Tag="LOC_DIPLO_ACCEPT_DELEGATION_FROM_HUMAN_LEADER_JOHN_CURTIN_ANY">
			<Text>Nước Úc nhiệt liệt chào mừng đoàn đại biểu của ngài đến thăm thủ đô của ta. Ta sẽ lên kế hoạch gặp gỡ từng cá nhân để thảo luận về những nỗ lực mới nhất.</Text>
		</Replace>
		<Replace Language="en_US" Tag="LOC_DIPLO_REJECT_DELEGATION_FROM_HUMAN_LEADER_JOHN_CURTIN_ANY">
			<Text>Ta trân trọng từ chối phái đoàn của ngài.</Text>
		</Replace>
		<Replace Language="en_US" Tag="LOC_DIPLO_DELEGATION_FROM_AI_LEADER_JOHN_CURTIN_ANY">
			<Text>Ta đã gửi một phái đoàn thương mại đến lãnh thổ của ngài cùng với một ít thịt trong trang trại. Ta hy vọng ngài sẽ nhận được chúng cùng lời cảm ơn chân thành của phái đoàn.</Text>
		</Replace>
		<Replace Language="en_US" Tag="LOC_DIPLO_DENOUNCE_FROM_HUMAN_LEADER_JOHN_CURTIN_ANY">
			<Text>Phỉ báng nước Úc và người dân của họ sẽ được lan truyền xa và rộng khi quốc gia của ngài yếu đi và sụp đổ!</Text>
		</Replace>
		<Replace Language="en_US" Tag="LOC_DIPLO_DENOUNCE_FROM_AI_LEADER_JOHN_CURTIN_ANY">
			<Text>Những lời chỉ trích và hành động của ngài đã chứng minh ngài chỉ có thể lãnh đạo người dân của mình đi xuống với một lối sống của sự ngu dốt và thiếu thốn. (Lăng mạ bạn).</Text>
		</Replace>
		<Replace Language="en_US" Tag="LOC_DIPLO_FIRST_MEET_LEADER_JOHN_CURTIN_ANY">
			<Text>John Curtin , ta thông báo cho người dân Úc biết đây là Thủ tướng của họ. Bọn ta sẽ tìm kiếm các đồng minh ủng hộ ta trong cuộc chiến chống lại những con diều hâu của chiến tranh.</Text>
		</Replace>
		<Replace Language="en_US" Tag="LOC_DIPLO_FIRST_MEET_VISIT_RECIPIENT_LEADER_JOHN_CURTIN_ANY">
			<Text>Nếu ngài có hứng, ta muốn ngài ghé thăm thành phố gần nhất của bọn ta. Có lẽ ngài sẽ bị lôi cuốn với món thịt quay cùng hạt cây macadamia?</Text>
		</Replace>
		<Replace Language="en_US" Tag="LOC_DIPLO_FIRST_MEET_NEAR_INITIATOR_POSITIVE_LEADER_JOHN_CURTIN_ANY">
			<Text>Tất nhiên.</Text>
		</Replace>
		<Replace Language="en_US" Tag="LOC_DIPLO_FIRST_MEET_NO_MANS_INFO_EXCHANGE_LEADER_JOHN_CURTIN_ANY">
			<Text>Ta nghĩ rằng việc trao đổi kiến thức, tiểu sử của các thủ đô của chúng ta có lẽ sẽ là một lợi ích rất lớn đối với tình hữu nghị vừa nảy nở.</Text>
		</Replace>
		<Replace Language="en_US" Tag="LOC_DIPLO_GREETING_LEADER_JOHN_CURTIN_ANY">
			<Text>Rất vinh dự khi được gặp ngài!</Text>
		</Replace>
		<Replace Language="en_US" Tag="LOC_DIPLO_KUDO_EXIT_LEADER_JOHN_CURTIN_ANY">
			<Text>Ta khen ngợi sự kiên trì của ngài. Bọn ta chia sẻ quyền lợi chung trong việc bảo vệ những người không thể tự bảo vệ mình.</Text>
		</Replace>
		<Replace Language="en_US" Tag="LOC_DIPLO_WARNING_EXIT_LEADER_JOHN_CURTIN_ANY">
			<Text>Chiến tranh chỉ mang lại cho chúng ta những mất mát. Mất tính mạng, mất khả năng sản suất, mất nhân tính!</Text>
		</Replace>
		<Replace Language="en_US" Tag="LOC_DIPLO_MAKE_ALLIANCE_FROM_AI_LEADER_JOHN_CURTIN_ANY">
			<Text>Ngài có muốn hình thành một liên minh?</Text>
		</Replace>
		<Replace Language="en_US" Tag="LOC_DIPLO_MAKE_PEACE_AI_ACCEPT_DEAL_LEADER_JOHN_CURTIN_ANY">
			<Text>Bọn ta luôn chào đón một nền hòa bình lâu dài giữa các quốc gia.</Text>
		</Replace>
		<Replace Language="en_US" Tag="LOC_DIPLO_MAKE_PEACE_AI_REFUSE_DEAL_LEADER_JOHN_CURTIN_ANY">
			<Text>Không, điều đó sẽ không được thực hiện.</Text>
		</Replace>
		<Replace Language="en_US" Tag="LOC_DIPLO_MAKE_PEACE_FROM_AI_LEADER_JOHN_CURTIN_ANY">
			<Text>Các nước muốn sống trong tình hữu nghị phải trả giá cho hòa bình. Bọn ta rất sẵn lòng. Câu hỏi đặt ra là, ngài có muốn không?</Text>
		</Replace>
		<Replace Language="en_US" Tag="LOC_DIPLO_ACCEPT_OPEN_BORDERS_FROM_HUMAN_LEADER_JOHN_CURTIN_ANY">
			<Text>Miễn là những nỗ lực của ngài mang tinh thần thiện chí, ta không có vấn đề gì với điều này.</Text>
		</Replace>
		<Replace Language="en_US" Tag="LOC_DIPLO_REJECT_OPEN_BORDERS_FROM_HUMAN_LEADER_JOHN_CURTIN_ANY">
			<Text>Với hoàn cảnh và nền tảng hiện tại các lực lượng của nước Úc, ta sợ rằng bây giờ là không khôn ngoan.</Text>
		</Replace>
		<Replace Language="en_US" Tag="LOC_DIPLO_OPEN_BORDERS_FROM_AI_LEADER_JOHN_CURTIN_ANY">
			<Text>Để duy trì hòa bình, hãy cho lực lượng của nước Úc đi qua lãnh thổ của ngài.</Text>
		</Replace>
		<Replace Language="en_US" Tag="LOC_DIPLO_WARNING_TOO_MANY_TROOPS_NEAR_ME_LEADER_JOHN_CURTIN_ANY">
			<Text>Ngài có thể tưởng tượng việc tập trung lực lượng của ngài dọc theo biên giới được nhìn nhận như thế nào? Đó là điều sai lầm ngạo mạn.</Text>
		</Replace>
		<Replace Language="en_US" Tag="LOC_DIPLO_DEFEAT_FROM_AI_LEADER_JOHN_CURTIN_ANY">
			<Text>Những nguyên tắc mà bọn ta đã đấu tranh sẽ tồn tại lâu hơn bất kỳ quốc gia nào mà ngươi có thể xây dựng.</Text>
		</Replace>
		<Replace Language="en_US" Tag="LOC_DIPLO_REJECT_MAKE_DEAL_FROM_AI_LEADER_JOHN_CURTIN_ANY">
			<Text>Một lượt không mong muốn.</Text>
		</Replace>
		<Replace Language="en_US" Tag="LOC_DIPLO_ACCEPT_MAKE_DEAL_FROM_AI_LEADER_JOHN_CURTIN_ANY">
			<Text>Sau đó chúng tôi đã đồng ý!</Text>
		</Replace>
		<Replace Language="en_US" Tag="LOC_DIPLO_MODIFIER_ON_GUARD_LIBERATE">
			<Text>John Curtin hài lòng khi ngài giải phóng một thành phố</Text>
		</Replace>
		<Replace Language="en_US" Tag="LOC_DIPLO_MODIFIER_ON_GUARD_OCCUPY">
			<Text>John Curtin không vui khi ngài đang chiếm đóng thành phố của đối phương</Text>
		</Replace>
	</LocalizedText>
</GameData>
