<?xml version="1.0" encoding="utf-8"?>
<GameData>
	<LocalizedText>
		<Replace Language="en_US" Tag="LOC_PEDIA_CIVILIZATIONS_PAGE_CIVILIZATION_AUSTRALIA_CHAPTER_HISTORY_PARA_1">
			<Text>Lần lượt được định cư bởi thổ dân, tù nhân, kẻ ăn thịt người, người thăm dò và người buôn bán, vùng đất “dưới xuôi” bị người dân chiếm đóng lần đầu tiên vào khoảng 45 nghìn năm trước khi một số người di cư qua các hòn đảo của Indonesia và đến bờ phía bắc của lục địa. Ở đó những người săn bắt hái lượm này thịnh vượng một cách biệt lập, với một nền văn hóa truyền khẩu và tâm linh phong phú, cho đến năm 1770 sau Công nguyên khi James Cook đi thuyền dọc theo bờ biển và tuyên bố toàn bộ nơi này cho Vương quốc Anh. Thuyền trưởng Cook không phải là người đầu tiên đến Úc - người Hà Lan Willem Janszoon và người Anh William Dampier đã làm trước đó - nhưng anh ta là người đầu tiên nhìn thấy cơ hội ở một vùng đất xa xôi và nguy hiểm.</Text>
		</Replace>
		<Replace Language="en_US" Tag="LOC_PEDIA_CIVILIZATIONS_PAGE_CIVILIZATION_AUSTRALIA_CHAPTER_HISTORY_PARA_2">
			<Text>Khi quốc gia mới thành lập của Mỹ từ chối tiếp nhận các chuyến tàu chở tù nhân Anh ban đầu được dự kiến đến một thuộc địa hình sự, các nhà chức trách Anh đã xem xét lại kế hoạch của họ. Cũng giống như suy nghĩ phổ biến vào thời điểm đó, "còn nơi nào tốt hơn để phá vỡ sự chênh lệch không mong muốn của chúng ta hơn là nơi tận cùng của thế giới?" Và do đó, Commodore Arthur Phillip rời nước Anh trên Đệ nhất hạm đội, bao gồm 11 tàu (hai tàu hộ tống hải quân, sáu tàu vận tải và ba tàu chở hàng) đến New South Wales. Đến Vịnh Botany vào tháng 1 năm 1788, Phillip nhanh chóng quyết định vùng đầm lầy xung quanh quá không lành mạnh cho một thuộc địa và chuyển khu định cư về phía bắc đến bến cảng tự nhiên tốt đẹp của Port Jackson - ngày nay được biết đến với tên gọi Cảng Sydney.</Text>
		</Replace>
		<Replace Language="en_US" Tag="LOC_PEDIA_CIVILIZATIONS_PAGE_CIVILIZATION_AUSTRALIA_CHAPTER_HISTORY_PARA_3">
			<Text>Những năm đầu tiên thật khó khăn đối với thị trấn biên giới nhỏ bé của Sydney. Cuối thế kỷ 18 tội phạm chuyên nghiệp (và nhỏ mọn) đã không làm được những người nông dân có năng lực, và tàu cung cấp rất ít. Từ năm 1788 đến năm 1792, 3.546 tù nhân nam và 766 nữ khác đến — hầu hết đều quá ốm yếu hoặc không đủ sức lao động khổ sai. Khi Hạm đội thứ hai đến vào năm 1790, hơn một phần tư số hành khách của nó đã chết trên đường bay, và điều kiện của những người mới đến với Hạm đội thứ ba khiến những người đầu tiên phải kinh ngạc. Nhưng Phillip tỏ ra là người công bằng khi quan tâm đến sự thành công của thuộc địa, và hạnh phúc của những người thuộc địa… dù hầu hết đều là những kẻ bị kết án. Ông cử các bên thăm dò để tìm kiếm đất canh tác tốt hơn, chào đón các tàu buôn, thúc đẩy các sáng kiến ​​y tế công cộng, thành lập một số khu định cư vệ tinh nhỏ để giảm bớt tình trạng quá tải, và phớt lờ nhiều đơn đặt hàng không liên quan và lỗi thời từ Anh. Khi Thống đốc Phillip trở lại Anh vào cuối năm 1792, thuộc địa này cuối cùng đã đủ ổn định để chào đón những người định cư đến theo ý muốn của riêng họ.</Text>
		</Replace>
		<Replace Language="en_US" Tag="LOC_PEDIA_CIVILIZATIONS_PAGE_CIVILIZATION_AUSTRALIA_CHAPTER_HISTORY_PARA_4">
			<Text>Những người thuộc địa ban đầu ít chú ý đến những thổ dân bản địa, những người sống trong một thế giới huyền diệu vượt thời gian của Thời kỳ mộng mơ. Vào cuối thế kỷ 18, có khoảng một triệu người bản xứ, sống rải rác trong 300 thị tộc và nói 250 ngôn ngữ với khoảng 700 phương ngữ. Mỗi tộc có một mối liên hệ tâm linh với một vùng đất cụ thể — những mảnh đất của sa mạc hoặc rừng mưa nhiệt đới hoặc núi. Theo thổ dân, tổ tiên thần linh vật tổ đã tạo ra tất cả các khía cạnh của cuộc sống trong Thời kỳ mơ ước của sự sáng tạo thế giới và đan xen quá khứ, hiện tại và tương lai.</Text>
		</Replace>
		<Replace Language="en_US" Tag="LOC_PEDIA_CIVILIZATIONS_PAGE_CIVILIZATION_AUSTRALIA_CHAPTER_HISTORY_PARA_5">
			<Text>Mặc dù người Hà Lan tuyên bố chủ quyền đối với phần phía tây của lục địa, người Anh đã thành lập các khu định cư dọc theo bờ biển của Úc dưới hình thức bất đồng hiếu chiến thụ động được thực hiện bởi các quốc gia. Vùng đất Van Diemen (nay được gọi là Tasmania) được định cư vào năm 1803, một thuyền trưởng Bremer đã thành lập thuộc địa ngắn ngủi Fort Dundas vào năm 1824, một thuộc địa hình sự mới được thành lập trên cửa sông Brisbane vào năm 1824, và Thiếu tá Lockyer đã thành lập một khu định cư trên King George Sound vào năm 1826. Vì vậy, cùng năm đó, Vương quốc Anh đã tuyên bố chủ quyền toàn bộ lục địa cho riêng mình.</Text>
		</Replace>
		<Replace Language="en_US" Tag="LOC_PEDIA_CIVILIZATIONS_PAGE_CIVILIZATION_AUSTRALIA_CHAPTER_HISTORY_PARA_6">
			<Text>Các quần thể thuộc địa bùng nổ khi một lượng lớn người đến, tìm kiếm một cuộc sống mới hoặc những thứ dễ kiếm. Những người lính cũ và những kẻ bị kết án đã di dời gia tộc Yuggera và chiếm lấy đất đai của họ gần Brisbane ngày nay. Perth được định cư bởi người Anh vào năm 1829. Squatters đi thuyền đến Vịnh Port Phillip và được cho là thành lập Melbourne vào năm 1835. Trong khi đó, Công ty Nam Úc, được cấp phép bởi Vương miện Anh, đã thành lập Adelaide.</Text>
		</Replace>
		<Replace Language="en_US" Tag="LOC_PEDIA_CIVILIZATIONS_PAGE_CIVILIZATION_AUSTRALIA_CHAPTER_HISTORY_PARA_7">
			<Text>Theo số liệu của nhà sử học Lloyd Robson, trong tám mươi năm (1788-1868), khoảng 161.700 người bị kết án đã được chuyển đến các thuộc địa khác nhau của Úc. Khoảng hai phần ba trong số đó là những tên trộm đến từ các thành phố công nghiệp đang bùng nổ, đông đúc (đặc biệt là từ Trung du và phía Bắc), phần lớn những người mới đến này tái phạm. Ngoài ra, những con tàu ngày càng thường xuyên mang theo những người thợ và những người được đào tạo với các kỹ năng (y tế, tôn giáo, luật pháp, kỹ thuật) cần thiết cho một nước Anh của Jolly Ol ’Antipodean ngày càng phát triển.</Text>
		</Replace>
		<Replace Language="en_US" Tag="LOC_PEDIA_CIVILIZATIONS_PAGE_CIVILIZATION_AUSTRALIA_CHAPTER_HISTORY_PARA_8">
			<Text>Từ đầu những năm 1820, số lượng ngày càng tăng của những người ngồi xổm đã mạo hiểm ra ngoài và chiếm đất bên ngoài rìa của các khu định cư đã thành lập. Ở đó, họ xây dựng các trạm rộng rãi để nuôi cừu và trồng lúa mì và yến mạch. Chỉ với một ít chi phí, họ có thể kiếm được lợi nhuận đáng kể, do đó khuyến khích người khác làm theo sự dẫn dắt của họ. Sản xuất len trở thành mặt hàng xuất khẩu lớn nhất và mang lại lợi nhuận cao nhất của Úc, chịu nhiều ràng buộc nhất đối với các nhà máy ở Anh. Đến năm 1850 khoảng 200 người lấn chiếm đất tuyên bố hơn 115.830 dặm vuông (300.000 km vuông), tạo thành một "đáng kính" phân khúc mạnh mẽ và của xã hội trên lục địa này.</Text>
		</Replace>
		<Replace Language="en_US" Tag="LOC_PEDIA_CIVILIZATIONS_PAGE_CIVILIZATION_AUSTRALIA_CHAPTER_HISTORY_PARA_9">
			<Text>Trong khi đó, Tuyên bố của Văn phòng Thuộc địa Anh của Thống đốc Burke tuyên bố lục địa Úc là 'terra nullius' (hay "vùng đất không có người"). Bằng cách tuyên bố rằng không có quốc gia hoặc dân tộc nào sở hữu đất đai của Úc ngoài Vương quyền, người Anh đã dập tắt mọi cơ hội ký kết các hiệp ước với các thị tộc thổ dân. Những căn bệnh do người châu Âu du nhập khiến điều này trở thành một điều tốt đẹp hợp pháp, vì bệnh đậu mùa, cúm, sởi, ho gà, và bệnh lao đã tàn phá người bản xứ. Thật vậy, ngay sau khi thuộc địa ở Sydney được thành lập, một trận dịch hạch đậu mùa đã giết chết một nửa số thổ dân trong khu vực. Điều đó không có nghĩa là chính những người thuộc địa cũng không tham gia tích cực vào việc giết những cư dân đầu tiên — Chiến tranh Hawkesbury (1795-1816), Chiến tranh Pemulwuy (1795-1802), Chiến tranh Tedbury (1808-1809), và Chiến tranh Nepean (1814-1816) tiếp tục củng cố quan hệ châu Âu / thổ dân.</Text>
		</Replace>
		<Replace Language="en_US" Tag="LOC_PEDIA_CIVILIZATIONS_PAGE_CIVILIZATION_AUSTRALIA_CHAPTER_HISTORY_PARA_10">
			<Text>Việc phát hiện ra vàng năm 1851 ở New South Wales và trung tâm Victoria đã mang lại một dòng người đổ xô đến, cuối cùng đã vượt qua sự bùng nổ dân số trong cơn sốt tìm vàng năm 1848 ở California. Những đoàn thuyền gồm những người đàn ông trẻ tuổi (và một số phụ nữ trẻ thích phiêu lưu mạo hiểm) đến từ Trung Quốc, các bãi vàng của California, Ireland, Anh và Ấn Độ — một lễ hội hỗn loạn của các nghệ sĩ giải trí, những kẻ phá hoại, những người trượt băng, những kẻ lang thang, những con bạc và công chúng hòa vào những người khách hàng tiềm năng thực tế. Thuộc địa Victoria đã phát triển với tốc độ không thể tin được, từ 76.000 lặt vặt vào năm 1850 lên hơn 530.000 vào năm 1859. Chính phủ đã cố gắng áp đặt trật tự thông qua giấy phép và binh lính nặng tay, nhưng điều này nhanh chóng dẫn đến bạo lực, đỉnh điểm là cuộc chiến ở Ballarat ở cuối năm 1854 khiến ít nhất 30 “thợ đào” thiệt mạng và nhiều người khác bị thương. Nhưng vài tháng sau, một ủy ban hoàng gia đã thực hiện các cải cách sâu rộng đối với việc quản lý các mỏ vàng đang mở rộng, bao gồm việc bãi bỏ giấy phép, tổ chức lại cảnh sát và quyền biểu quyết cho các thợ mỏ.</Text>
		</Replace>
		<Replace Language="en_US" Tag="LOC_PEDIA_CIVILIZATIONS_PAGE_CIVILIZATION_AUSTRALIA_CHAPTER_HISTORY_PARA_11">
			<Text>Bất chấp sự đổ máu ở các mỏ vàng và vùng hẻo lánh, sự giàu có từ vàng và len đã mang lại sự đầu tư và văn minh cho những người như Melbourne, Victoria và Sydney. Vào những năm 1880, đây là những thành phố biên giới văn hóa, hiện đại, nơi người dân bị xả súng trên đường phố là một chuyện không phổ biến. Vào thời điểm này, phần lớn những người sống trên lục địa này sinh ra ở Úc, và bắt đầu nghĩ về bản thân theo cách như vậy. Phong cách riêng biệt của Úc đã gắn liền với các phong trào văn học và nghệ thuật quốc gia. Với tất cả sự tiến bộ và văn hóa này, không thể tránh khỏi những người thực dân Úc sẽ bắt đầu nghĩ về quyền tự trị lớn hơn từ một nước Anh xa xôi.</Text>
		</Replace>
		<Replace Language="en_US" Tag="LOC_PEDIA_CIVILIZATIONS_PAGE_CIVILIZATION_AUSTRALIA_CHAPTER_HISTORY_PARA_12">
			<Text>Năm 1890, đại diện của sáu thuộc địa (và ban đầu là một số người New Zealand) đã gặp nhau tại Melbourne. Họ kêu gọi các thuộc địa khác nhau thống nhất và bầu ra đại diện cho một công ước lập hiến. Ngay năm sau, “Công ước Quốc gia Úc” đã được kêu gọi thực hiện tại Sydney và, với nhiều tranh luận, dự thảo hiến pháp đã được đưa ra. Mặc dù có nhiều sự pha trộn, vào tháng 3 năm 1900, các đại biểu của Aussie đến London với một dự luật. Quốc hội đã thông qua nó vào tháng 7, và Nữ hoàng Victoria đã ký nó ngay sau đó. Một lãnh chúa Anh đã được cử đến Úc để thành lập một nội các lâm thời, giám sát việc hình thành một khối thịnh vượng chung và tổ chức các cuộc bầu cử đầu tiên. Do đó, Khối thịnh vượng chung Úc ra đời vào ngày 1 tháng 1 năm 1901.</Text>
		</Replace>
		<Replace Language="en_US" Tag="LOC_PEDIA_CIVILIZATIONS_PAGE_CIVILIZATION_AUSTRALIA_CHAPTER_HISTORY_PARA_13">
			<Text>Ngay cả khi hạn hán tàn khốc và bệnh dịch thỏ đã tàn phá vĩnh viễn nhiều vùng đất nông nghiệp của Úc, đất nước mới vẫn thịnh vượng và dẫn đầu một sự tồn tại yên tĩnh. Quốc hội Úc đã thông qua các luật (một số điểm khác biệt đáng ngờ, chẳng hạn như Đạo luật Hạn chế Nhập cư năm 1901), quốc gia này tập hợp quân đội và hải quân quốc gia từ tàn dư của các lực lượng vũ trang thuộc địa, và chính nước Úc đã nhúng chân vào kinh doanh thuộc địa. khi New Guinea thuộc Anh trở thành Lãnh thổ Papua do Úc quản lý vào năm 1906. Tất cả dường như tương đối bình lặng - cho đến khi quốc gia mới bị kéo vào một cuộc chiến tranh thế giới.</Text>
		</Replace>
		<Replace Language="en_US" Tag="LOC_PEDIA_CIVILIZATIONS_PAGE_CIVILIZATION_AUSTRALIA_CHAPTER_HISTORY_PARA_14">
			<Text>Gần một phần mười dân số 4,9 triệu người Úc đã tình nguyện tham gia nghĩa vụ quân sự trong Chiến tranh thế giới thứ nhất, trong đó hơn 60.000 người sẽ chết tại Gallipoli, ở Mặt trận phía Tây và ở Trung Đông. Đổi lại tất cả xương máu này, các đại diện của Úc đã ngồi tại hội nghị hòa bình Versailles và ký kết hiệp ước quốc tế, hiệp ước đầu tiên dành cho Úc. Quốc gia này cũng giành được một ghế trong Liên đoàn các quốc gia, và vì rắc rối của nó đã tiếp nhận một số thuộc địa của Đức - New Guinea thuộc Đức, Quần đảo Bismarck và Nauru nhỏ bé.</Text>
		</Replace>
		<Replace Language="en_US" Tag="LOC_PEDIA_CIVILIZATIONS_PAGE_CIVILIZATION_AUSTRALIA_CHAPTER_HISTORY_PARA_15">
			<Text>Những năm 1920 mang đến những rắc rối lao động, hiện đại hóa tràn lan, cuộc Đại suy thoái và nhiều cuộc khủng hoảng chính trị khác nhau. Thêm vào đó vào những năm 1930, căng thẳng quốc tế ngày càng gia tăng, đặc biệt là với việc Nhật Bản ngày càng mở rộng sang Nam Thái Bình Dương đủ để cả đảng Tự do và Lao động đều coi việc tăng chi tiêu quốc phòng trở thành một vấn đề chiến dịch trong cuộc bầu cử năm 1937. Việc chính phủ nhấn mạnh sự hợp tác với Vương quốc Anh trong “chính sách phòng thủ đế quốc” chắc chắn đã kéo Úc vào một cuộc chiến tranh thế giới khác vào tháng 9 năm 1939. Mặc dù các đơn vị của Úc đều chiến đấu ở Địa Trung Hải và trên biển, trong vòng hai năm, họ phải đối mặt với một mối đe dọa trực tiếp hơn như Đế quốc Nhật Bản đã tấn công trên khắp Thái Bình Dương, Đông Nam Á, và qua Indonesia và Philippines. Vào tháng 2 năm 1942, cảng tại Darwin đã hứng chịu một cuộc không kích tàn khốc — cuộc không kích đầu tiên trong số hơn 100 chiếc trên đất liền Úc.</Text>
		</Replace>
		<Replace Language="en_US" Tag="LOC_PEDIA_CIVILIZATIONS_PAGE_CIVILIZATION_AUSTRALIA_CHAPTER_HISTORY_PARA_16">
			<Text>Được truyền cảm hứng từ Thủ tướng Curtin, Úc đã tham gia vào nhiều mặt trận… đặc biệt là trong các khu rừng rậm của New Guinea ở phía bắc, là bước đệm cho bất kỳ cuộc xâm lược nào của Nhật Bản. Ở mặt trận quê hương, chính phủ Curtin đặt đất nước vào tình thế chiến tranh tổng lực, thiết lập phân chia khẩu phần, tiếp nhận người tị nạn, xây dựng các nhà máy sản xuất và xưởng đóng tàu, đồng thời khuyến khích mọi người “đi đúng hướng”. Vào thời điểm cuộc chiến kết thúc, Australia đã mất 27.000 binh lính, không quân và thủy thủ.</Text>
		</Replace>
		<Replace Language="en_US" Tag="LOC_PEDIA_CIVILIZATIONS_PAGE_CIVILIZATION_AUSTRALIA_CHAPTER_HISTORY_PARA_17">
			<Text>Úc trải qua thời kỳ bùng nổ sau chiến tranh, được đánh dấu bằng nền kinh tế xuất khẩu thịnh vượng, chương trình nhập cư châu Âu quy mô lớn do chính phủ tài trợ, sự bùng nổ ở vùng ngoại ô, "chủ nghĩa dân tộc mới" trong nghệ thuật, thể chế dân quyền cho thổ dân, và tránh hầu hết các tay nghề hoang tưởng của Chiến tranh Lạnh. Thế kỷ 21 hứa hẹn nhiều điều tốt đẹp hơn cho người Úc.</Text>
		</Replace>
		<Replace Language="en_US" Tag="LOC_PEDIA_LEADERS_PAGE_LEADER_JOHN_CURTIN_QUOTE">
			<Text>Tôi tin rằng ở Úc ngày nay có một tình yêu đất nước mãnh liệt, thể hiện rõ nét hơn những gì chưa từng được nhắc đến ở bất kỳ thời kỳ nào trước đây trong lịch sử của Úc.</Text>
		</Replace>
		<Replace Language="en_US" Tag="LOC_PEDIA_LEADERS_PAGE_LEADER_JOHN_CURTIN_CHAPTER_HISTORY_PARA_1">
			<Text>Cuộc đời của John Joseph Curtin có thể được coi là chiến thắng của những người bình thường - nghĩa là, nếu một người bình thường được hiểu là một nhà hoạt động chính trị, lãnh đạo đảng và thủ tướng. Ông đã được các đồng minh chính trị cũng như đối thủ đánh giá cao. Điều này một phần không nhỏ là do sự hướng dẫn của ông đối với nước Úc trong sự hỗn loạn của Chiến tranh thế giới thứ hai, trước mối đe dọa lớn nhất mà đất nước non trẻ này chưa từng đối mặt.</Text>
		</Replace>
		<Replace Language="en_US" Tag="LOC_PEDIA_LEADERS_PAGE_LEADER_JOHN_CURTIN_CHAPTER_HISTORY_PARA_2">
			<Text>John được sinh ra bởi những người nhập cư Ireland John và Catherine vào tháng 1 năm 1885 sau Công nguyên tại Creswick, Victoria. John (anh cả) từng là quản giáo tại Pentridge Gaol, lính, cảnh sát ở Creswick, sau đó là quản lý tại nhiều khách sạn khác nhau ở Melbourne, Dromana, Macedon và những nơi khác. Cuối cùng gia đình đến Brunswick, khá nghèo. Điều gì xảy ra với tất cả những gì đang di chuyển, John (đứa trẻ) có một nền giáo dục thất thường, chủ yếu là trong các trường Công giáo. Khoảng năm 13 tuổi, anh rời trường học để phụ giúp gia đình tài chính bằng cách nhận công việc sao chép giấy tờ tại tờ báo 'Age' ở Creswick, sau đó là một chàng trai văn phòng tại 'Rambler', và một người làm công việc làm gốm. Cuối cùng, vào tháng 9 năm 1903, chàng trai trẻ John đã nhận được một công việc với mức lương cao ngất ngưởng hai bảng Anh mỗi tuần tại Công ty Sản xuất Titan. Điều này khiến anh có chút thời gian rảnh rỗi trong thư viện công cộng, nơi anh say mê đọc những cuốn sách và bài luận "nghiêm túc" về chính trị.</Text>
		</Replace>
		<Replace Language="en_US" Tag="LOC_PEDIA_LEADERS_PAGE_LEADER_JOHN_CURTIN_CHAPTER_HISTORY_PARA_3">
			<Text>Đến năm 1911, khi được làm Thư ký cho Hiệp hội Thợ gỗ, John đã đọc rất nhiều, từ bỏ đức tin Công giáo, tham gia Hội đồng Lao động Chính trị địa phương và Đảng Xã hội Victoria, nổi tiếng là “Nhà hùng biện của cậu bé lao động, ”Bắt đầu viết cho các tờ báo cấp tiến và xã hội chủ nghĩa, và chơi với Câu lạc bộ bóng đá Brunswick. Năm 1917, ông kết hôn với Elsie Needham, em gái của thượng nghị sĩ Lao động Ted Needham, và chuyển đến gần Perth để trở thành biên tập viên cho tờ 'Westralian Worker.' Tây Úc chắc hẳn cũng đồng ý với anh ta, vì anh ta đã sớm được bầu làm chủ tịch Hiệp hội Nhà báo Úc. Nhưng không phải trước khi anh ta bị buộc tội không nhập ngũ trong Chiến tranh thế giới thứ nhất, bị kết án vắng mặt đến ba tháng tù và cuối cùng bị bỏ tù trong ba ngày.</Text>
		</Replace>
		<Replace Language="en_US" Tag="LOC_PEDIA_LEADERS_PAGE_LEADER_JOHN_CURTIN_CHAPTER_HISTORY_PARA_4">
			<Text>Sau khi là đại biểu của Úc tham dự hội nghị thường niên của Tổ chức Lao động Quốc tế tại Geneva vào năm 1924, "người thợ đỏ từ phương đông" đã tranh cử và giành được ghế liên bang của Freemantle vào năm 1928 và một lần nữa vào năm 1929. Rất ít thành viên đã tham gia Nghị viện với nhiều kinh nghiệm cơ sở hơn của giai cấp công nhân, nhưng Curtin đã bị xáo trộn khi ông không được bổ nhiệm làm một trong những bộ trưởng trong chính quyền của James Scullin. Chán nản, ủ rũ, xa lánh và uống rượu nhiều, Curtin tính đến chuyện rút lui khỏi chính trường.</Text>
		</Replace>
		<Replace Language="en_US" Tag="LOC_PEDIA_LEADERS_PAGE_LEADER_JOHN_CURTIN_CHAPTER_HISTORY_PARA_5">
			<Text>Thay vào đó, khi Scullin có nhiều ác cảm từ chức lãnh đạo Đảng Lao động vào năm 1935, Curtin quyết định ứng cử để thay thế ông. Đối thủ của ông để lãnh đạo đảng là Frank Forde, người từng gắn bó chặt chẽ với các chính sách kinh tế tai hại của chính quyền Scullin. Do đó, các phe cánh tả và các tổ chức công đoàn đã ủng hộ Curtin chưa được thử thách và thiếu kinh nghiệm - với lời hứa rằng anh sẽ kiêng rượu. Ông đã đánh bại Forde chỉ bằng một phiếu bầu để trở thành lãnh đạo của cả Đảng Lao động và Đảng đối lập (Trung thành) ở Úc.</Text>
		</Replace>
		<Replace Language="en_US" Tag="LOC_PEDIA_LEADERS_PAGE_LEADER_JOHN_CURTIN_CHAPTER_HISTORY_PARA_6">
			<Text>Mang năng lượng bình thường của mình cho bữa tiệc đã rạn nứt, Curtin liên tục đi tham quan các trung tâm đảng ở tiểu bang và địa phương, và — theo các chuyên gia chính trị — “tính ổn định trầm lặng và sự rõ ràng sâu sắc” của anh đã chứng tỏ hiệu quả trong việc vực dậy vận may của Labour. Trong khi Đảng Lao động đã đạt được nhiều lợi ích, thì chiến tranh bùng nổ đã làm lệch kế hoạch của mọi người. Sau khi Vương quốc Anh tuyên chiến với Đức Quốc xã, Thủ tướng Úc nổi tiếng Robert Menzies đã nhanh chóng thông báo sự ủng hộ của đất nước ông đối với các nỗ lực chiến tranh của Khối thịnh vượng chung. Thật không may cho Menzies, chính đảng của anh ta đã rút lại sự ủng hộ của họ khi anh ta đi vắng ở Anh. Menzies buộc phải từ chức.</Text>
		</Replace>
		<Replace Language="en_US" Tag="LOC_PEDIA_LEADERS_PAGE_LEADER_JOHN_CURTIN_CHAPTER_HISTORY_PARA_7">
			<Text>Với việc Nhật Bản ngày càng gia tăng mối lo ngại đối với tất cả người dân Úc, Quốc hội đã ủng hộ Curtin làm thủ tướng — sau một loạt khởi đầu sai lầm và các ứng cử viên không hấp dẫn đã khiến ông trở thành lựa chọn tốt nhất (nhưng chưa được kiểm chứng). Curtin tuyên thệ nhậm chức vào tháng 10 năm 1941, ở tuổi 56 ... đúng vào tháng 12 chứng kiến một cuộc tấn công mới của hải quân Nhật Bản trên khắp Thái Bình Dương.</Text>
		</Replace>
		<Replace Language="en_US" Tag="LOC_PEDIA_LEADERS_PAGE_LEADER_JOHN_CURTIN_CHAPTER_HISTORY_PARA_8">
			<Text>Việc hai thiết giáp hạm cuối cùng của Anh bị phá hủy ở Nam Thái Bình Dương, sự thất thủ của Singapore, và các cuộc không kích của Nhật Bản vào miền bắc Australia đã dẫn đến nỗi sợ hãi về cuộc xâm lược. Do đó, Curtin đã thiết lập lại lợi ích của Úc với Hoa Kỳ, thiết lập chính sách cho phép binh lính nhập ngũ được triển khai bên ngoài Úc, và khẳng định địa vị thống trị của Úc đối với mức độ độc lập cao hơn khỏi Vương quốc Anh. Mặc dù Lao động phản đối nhiều chính sách quân sự của chính phủ ông, những cải cách xã hội tiến bộ của Curtin đã làm hài lòng tất cả trừ những người theo đường lối cứng rắn - có tác dụng cho bất kỳ ai muốn nó, lương hưu cho những người không thể làm việc và mở rộng quyền cho thổ dân.</Text>
		</Replace>
		<Replace Language="en_US" Tag="LOC_PEDIA_LEADERS_PAGE_LEADER_JOHN_CURTIN_CHAPTER_HISTORY_PARA_9">
			<Text>Trong bốn năm chiến tranh, Curtin đã điều hướng các bãi cạn của nhuệ khí công, những thất bại và chiến thắng của quân đội, đồng thời hợp tác với những đồng minh thiếu kiên nhẫn. Xét về mọi mặt, anh ấy đã làm rất xuất sắc — nhưng điều đó đã gây tổn hại đến sức khỏe của anh ấy. Cuối tháng 4 năm 1945, khi cuộc xung đột gần kết thúc đẫm máu, phổi của ông bị tắc nghẽn. Sau nhiều tuần nằm viện, Curtin nhất quyết quay lại làm việc. Ông mất vào tháng 7, sáu tuần trước khi Chiến tranh thế giới thứ hai kết thúc.</Text>
		</Replace>
		<Replace Language="en_US" Tag="LOC_PEDIA_LEADERS_PAGE_LEADER_JOHN_CURTIN_CHAPTER_CAPSULE_BODY">
			<Text>Úc xem bản đồ với con mắt độc đáo, tìm kiếm những khu vực có mức độ hấp dẫn cao và những vùng đất rộng mở để chăn nuôi. Định cư ở những vùng đất mà người khác không muốn cho phép họ xây dựng một công dân mạnh mẽ, thậm chí còn mạnh hơn khi John Curtin dẫn dắt họ trong các cuộc chiến tranh bảo vệ hoặc giải phóng.</Text>
		</Replace>
		<Replace Language="en_US" Tag="LOC_PEDIA_LEADERS_PAGE_LEADER_JOHN_CURTIN_CHAPTER_DETAILED_BODY">
			<Text>Úc yêu những bờ biển. Định cư ở đó mang lại cho họ nhiều nhà ở và những viên gạch Kháng cáo cao mà họ có thể chuyển thành lợi suất tiền thưởng cho các quận của họ. Họ sẽ muốn lan vào đất liền từ các thành phố ven biển đó bất cứ nơi nào họ có thể tìm thấy gia súc, sử dụng khả năng đánh bom trong văn hóa Đồng cỏ của họ trên các nguồn tài nguyên đó để giành được chỗ cần thiết cho các Trạm hẻo lánh liền kề. Trong lĩnh vực ngoại giao, khả năng của John Curtin đã giúp họ trở thành một lực lượng cảnh sát hoàn hảo. Họ không thích những công dân hung hãn và sẽ cử các đơn vị của họ, đặc biệt là các Diggers đáng tin cậy của họ, ra ngoài để đẩy lùi quân xâm lược và giải phóng các thành phố khi có thể.</Text>
		</Replace>
		<Replace Language="en_US" Tag="LOC_PEDIA_UNITS_PAGE_UNIT_DIGGER_CHAPTER_HISTORY_PARA_1">
			<Text>Vào đầu Thế chiến thứ nhất, nhu cầu sử dụng binh lính của Quân đội Anh đã dẫn đến việc thành lập Lực lượng Đế quốc Úc. Để dễ quan liêu, những đội quân này được kết hợp thành một quân đoàn cùng với những người lính từ New Zealand. Quân đoàn mới được thành lập đã trải qua một cuộc rửa tội trước hỏa lực của kẻ thù trong Trận Gallipoli, bắt đầu bằng cuộc đổ bộ (khi đó) lớn nhất trong kỷ nguyên hiện đại. Được gọi là "Thợ đào" vì khả năng nhập cuộc nhanh chóng của họ - hoặc bởi các đồng chí người Anh của họ, những người nghĩ rằng tất cả người Úc đều làm việc trong hầm mỏ - họ đã nổi bật cho đến khi đình chiến, đạt được danh tiếng can đảm và lâu đời bất chấp nhiều gian khổ. Giải thể sau khi chiến tranh kết thúc, Diggers đã được thành lập lại khi quân đội Úc và New Zealand chiến đấu cùng nhau trong các cuộc xung đột quy mô lớn hơn (chẳng hạn như Thế chiến II và Việt Nam).</Text>
		</Replace>
		<Replace Language="en_US" Tag="LOC_PEDIA_FEATURES_PAGE_FEATURE_ULURU_CHAPTER_HISTORY_PARA_1">
			<Text>Sự hình thành đá sa thạch khổng lồ tại trung tâm địa lý của Úc là một tảng núi - một "đảo đá" nổi lên từ những vùng đất bụi bằng phẳng xung quanh. Được biết đến với cái tên Uluru đối với thổ dân trong khu vực, nó có ý nghĩa văn hóa và tinh thần đối với người Anangu trong vô số thế hệ. Vào năm 1873, một nhà thám hiểm thuộc địa đã gọi nó là “Ayers Rock” để vinh danh Henry Ayers, một công chức thuộc địa, người có công lớn nhất là đã đặt tên của mình cho một tảng đá lớn đã có tên. Uluru được biết đến với vẻ đẹp tự nhiên và màu sắc thay đổi, đặc biệt rõ ràng vào lúc bình minh và hoàng hôn.</Text>
		</Replace>
		<Replace Language="en_US" Tag="LOC_PEDIA_IMPROVEMENTS_PAGE_IMPROVEMENT_OUTBACK_STATION_CHAPTER_HISTORY_PARA_1">
			<Text>Các trạm hẻo lánh được biết đến với diện tích đất đai rộng lớn, đàn gia súc và khả năng tự cung tự cấp. Hơi tương tự như một trang trại, các nhà ga đặc biệt của Úc được điều hành bởi các máy đo ở những khu vực hẻo lánh và có phần khắc nghiệt. Chúng thường rộng lớn để bù đắp cho bãi chăn thả mỏng và thỉnh thoảng bị hạn hán. Có thể dự đoán, các trạm gia súc thả gia súc và các trạm cừu thả cừu. Chó dingo hoang dã nhận thấy cừu ngon và không có khả năng tự vệ, vì vậy những người chăn cừu ở các khu vực nhiễm dingo theo truyền thống đã chuyển đàn của họ sang (hầu hết) gia súc chống dingo.</Text>
		</Replace>
	</LocalizedText>
</GameData>
