<?xml version="1.0" encoding="utf-8"?>
<!-- edited with XMLSPY v2004 rel. 2 U (http://www.xmlspy.com) by Ed Beach (Firaxis Games) -->
<GameData>
	<LocalizedText>
		<Replace Language='en_US' Tag="LOC_AUSTRALIA_SCENARIO_NAME">
			<Text>Outback Tycoon</Text>
		</Replace>
		<Replace Language='en_US' Tag="LOC_AUSTRALIA_SCENARIO_TOOLTIP">
			<Text>Which colony will make the most of Australia's natural riches? Lasts 60 Turns.</Text>
		</Replace>
		<Replace Language='en_US' Tag="LOC_AUSTRALIA_SCENARIO_DESCRIPTION">
			<Text>In this 60 turn scenario, you race to explore Australia, find its natural resources, and use them to enrich your colony. This competitive economic scenario has no combat. It emphasizes exploration and territorial expansion to increase your [ICON_Gold] Gold Per Turn net income, which is your score.[NEWLINE][NEWLINE]Single-player: Each difficulty has a [ICON_Gold] Gold Per Turn threshold. Exceed that number before the end of the game to win.[NEWLINE][NEWLINE]Multiplayer: The player with the highest [ICON_Gold] Gold Per Turn at end of the game is the winner.</Text>
		</Replace>
		<Replace Language='en_US' Tag="LOC_LOADING_INFO_AUSTRALIA_SCENARIO">
			<Text>Your fledgling Australian colony seeks not to repeat the success found in New South Wales, but to exceed it. Can you gain fame in these desolate lands where so many others have failed? Will your fortune come from locating long-rumored goldfields, fielding massive herds of livestock, or preserving the land's natural beauty for future generations?</Text>
		</Replace>
		<Replace Language='en_US' Tag="LOC_AUSTRALIA_SCENARIO_MAP_NAME">
			<Text>Australia Map</Text>
		</Replace>
		<Replace Language='en_US' Tag="LOC_AUSTRALIA_SCENARIO_MAP_DESCRIPTION">
			<Text>A randomly generated Australian continent with the real-world outline.</Text>
		</Replace>
		<!-- Civilizations-->
		<Replace Language='en_US' Tag="LOC_CIVILIZATION_AUSTRALIA_SCENARIO_QUEENSLAND_NAME">
			<Text>Queensland</Text>
		</Replace>
		<Replace Language='en_US' Tag="LOC_CIVILIZATION_AUSTRALIA_SCENARIO_WESTERN_AUSTRALIA_NAME">
			<Text>Western Australia</Text>
		</Replace>
		<Replace Language='en_US' Tag="LOC_CIVILIZATION_AUSTRALIA_SCENARIO_VICTORIA_NAME">
			<Text>Victoria</Text>
		</Replace>
		<Replace Language='en_US' Tag="LOC_CIVILIZATION_AUSTRALIA_SCENARIO_SOUTH_AUSTRALIA_NAME">
			<Text>South Australia</Text>
		</Replace>
		<Replace Language='en_US' Tag="LOC_CIVILIZATION_AUSTRALIA_SCENARIO_QUEENSLAND_DESCRIPTION">
			<Text>State of Queensland</Text>
		</Replace>
		<Replace Language='en_US' Tag="LOC_CIVILIZATION_AUSTRALIA_SCENARIO_WESTERN_AUSTRALIA_DESCRIPTION">
			<Text>State of Western Australia</Text>
		</Replace>
		<Replace Language='en_US' Tag="LOC_CIVILIZATION_AUSTRALIA_SCENARIO_VICTORIA_DESCRIPTION">
			<Text>State of Victoria</Text>
		</Replace>
		<Replace Language='en_US' Tag="LOC_CIVILIZATION_AUSTRALIA_SCENARIO_SOUTH_AUSTRALIA_DESCRIPTION">
			<Text>State of South Australia</Text>
		</Replace>
		<Replace Language='en_US' Tag="LOC_CIVILIZATION_SCENARIO_QUEENSLAND_ABILITY_NAME">
			<Text>Land Down Under</Text>
		</Replace>
		<Replace Language='en_US' Tag="LOC_CIVILIZATION_SCENARIO_WESTERN_AUSTRALIA_ABILITY_NAME">
			<Text>Land Down Under</Text>
		</Replace>
		<Replace Language='en_US' Tag="LOC_CIVILIZATION_SCENARIO_VICTORIA_ABILITY_NAME">
			<Text>Land Down Under</Text>
		</Replace>
		<Replace Language='en_US' Tag="LOC_CIVILIZATION_SCENARIO_SOUTH_AUSTRALIA_ABILITY_NAME">
			<Text>Land Down Under</Text>
		</Replace>
		<Replace Language='en_US' Tag="LOC_CIVILIZATION_SCENARIO_QUEENSLAND_ABILITY_DESCRIPTION">
			<Text>+3 [ICON_Housing] Housing for any city on the Coast. Pastures trigger a Culture Bomb. Yields from Campuses, Commercial Hubs, and Theater Squares are +2 in tiles with Charming Appeal, +4 in Breathtaking. </Text>
		</Replace>
		<Replace Language='en_US' Tag="LOC_CIVILIZATION_SCENARIO_WESTERN_AUSTRALIA_ABILITY_DESCRIPTION">
			<Text>+3 [ICON_Housing] Housing for any city on the Coast. Pastures trigger a Culture Bomb. Yields from Campuses, Commercial Hubs, and Theater Squares are +2 in tiles with Charming Appeal, +4 in Breathtaking. </Text>
		</Replace>
		<Replace Language='en_US' Tag="LOC_CIVILIZATION_SCENARIO_VICTORIA_ABILITY_DESCRIPTION">
			<Text>+3 [ICON_Housing] Housing for any city on the Coast. Pastures trigger a Culture Bomb. Yields from Campuses, Commercial Hubs, and Theater Squares are +2 in tiles with Charming Appeal, +4 in Breathtaking. </Text>
		</Replace>
		<Replace Language='en_US' Tag="LOC_CIVILIZATION_SCENARIO_SOUTH_AUSTRALIA_ABILITY_DESCRIPTION">
			<Text>+3 [ICON_Housing] Housing for any city on the Coast. Pastures trigger a Culture Bomb. Yields from Campuses, Commercial Hubs, and Theater Squares are +2 in tiles with Charming Appeal, +4 in Breathtaking. </Text>
		</Replace>
		<!-- Leaders -->
		<Replace Language='en_US' Tag="LOC_LEADER_AUSTRALIA_SCENARIO_QUEENSLAND_NAME">
			<Text>Premier of Queensland</Text>
		</Replace>
		<Replace Language='en_US' Tag="LOC_LEADER_AUSTRALIA_SCENARIO_WESTERN_AUSTRALIA_NAME">
			<Text>Premier of Western Australia</Text>
		</Replace>
		<Replace Language='en_US' Tag="LOC_LEADER_AUSTRALIA_SCENARIO_VICTORIA_NAME">
			<Text>Premier of Victoria</Text>
		</Replace>
		<Replace Language='en_US' Tag="LOC_LEADER_AUSTRALIA_SCENARIO_SOUTH_AUSTRALIA_NAME">
			<Text>Premier of South Australia</Text>
		</Replace>
		<Replace Language='en_US' Tag="LOC_LEADER_SCENARIO_QUEENSLAND_ABILITY_NAME">
			<Text>Sunshine State</Text>
		</Replace>
		<Replace Language='en_US' Tag="LOC_LEADER_SCENARIO_WESTERN_AUSTRALIA_ABILITY_NAME">
			<Text>Golden Outback</Text>
		</Replace>
		<Replace Language='en_US' Tag="LOC_LEADER_SCENARIO_VICTORIA_ABILITY_NAME">
			<Text>Victorian Gold Rush</Text>
		</Replace>
		<Replace Language='en_US' Tag="LOC_LEADER_SCENARIO_SOUTH_AUSTRALIA_ABILITY_NAME">
			<Text>Free Colony</Text>
		</Replace>
		<Replace Language='en_US' Tag="LOC_LEADER_SCENARIO_QUEENSLAND_ABILITY_DESCRIPTION">
			<Text>All tiles gain +1 Appeal.</Text>
		</Replace>
		<Replace Language='en_US' Tag="LOC_LEADER_SCENARIO_WESTERN_AUSTRALIA_ABILITY_DESCRIPTION">
			<Text>Gain additional tiles when settling cities.</Text>
		</Replace>
		<Replace Language='en_US' Tag="LOC_LEADER_SCENARIO_VICTORIA_ABILITY_DESCRIPTION">
			<Text>Start the game with a Prospector.  All Prospectors trained in one of their cities gain 1 extra build action.</Text>
		</Replace>
		<Replace Language='en_US' Tag="LOC_LEADER_SCENARIO_SOUTH_AUSTRALIA_ABILITY_DESCRIPTION">
			<Text>Start the game with a Grazier.  All Graziers trained in one of their cities gain 1 extra build action.</Text>
		</Replace>
	</LocalizedText>
</GameData>
