<?xml version="1.0" encoding="utf-8"?>
<!-- edited with XMLSPY v2004 rel. 2 U (http://www.xmlspy.com) by Ed Beach (Firaxis Games) -->
<GameData>
	<LocalizedText>
		<!-- Political Event Titles-->
		<Replace Language='en_US' Tag="LOC_SCENARIO_AUSTRALIA_EVENT_POLITICAL_TITLE_1">
			<Text>EXPLORER READY</Text>
		</Replace>
		<Replace Language='en_US' Tag="LOC_SCENARIO_AUSTRALIA_EVENT_POLITICAL_TITLE_2">
			<Text>COLONY SHIP ARRIVES</Text>
		</Replace>
		<Replace Language='en_US' Tag="LOC_SCENARIO_AUSTRALIA_EVENT_POLITICAL_TITLE_3">
			<Text>A NATION IS BORN</Text>
		</Replace>
		<Replace Language='en_US' Tag="LOC_SCENARIO_AUSTRALIA_EVENT_POLITICAL_TITLE_4">
			<Text>WORLD WAR I</Text>
		</Replace>
		<Replace Language='en_US' Tag="LOC_SCENARIO_AUSTRALIA_EVENT_POLITICAL_TITLE_5">
			<Text>WORLD WAR II</Text>
		</Replace>
		<Replace Language='en_US' Tag="LOC_SCENARIO_AUSTRALIA_EVENT_POLITICAL_TITLE_6">
			<Text>ADDITIONAL COLONISTS</Text>
		</Replace>
		<!-- Political Event Descriptions-->
		<Replace Language='en_US' Tag="LOC_SCENARIO_AUSTRALIA_EVENT_POLITICAL_DESCRIPTION_1">
			<Text>An adventurous explorer has departed the British colony of New South Wales to uncover the mysteries of the Australian continent. </Text>
		</Replace>
		<Replace Language='en_US' Tag="LOC_SCENARIO_AUSTRALIA_EVENT_POLITICAL_DESCRIPTION_2">
			<Text>We have recruited a ship of hardy souls to start your new colony. We have high hopes for this band: not all of them are convicts.</Text>
		</Replace>
		<Replace Language='en_US' Tag="LOC_SCENARIO_AUSTRALIA_EVENT_POLITICAL_DESCRIPTION_3">
			<Text>Now that many generations have lived and died as native Australians, our people want to form our separate states into a united country.  It is time for Australia to federate, forming a new nation independent from Britain. </Text>
		</Replace>
		<Replace Language='en_US' Tag="LOC_SCENARIO_AUSTRALIA_EVENT_POLITICAL_DESCRIPTION_4">
			<Text>A great war afflicts the continent of Europe and our mother country of Britain has been thrown into that fray.  We will send troops to lend our support.  </Text>
		</Replace>
		<Replace Language='en_US' Tag="LOC_SCENARIO_AUSTRALIA_EVENT_POLITICAL_DESCRIPTION_5">
			<Text>Another world war has broken out and this time even our homeland of Australia is at risk. As our prime minister John Curtin has reminded us: “The flame of freedom lit in this land by our first settlers, and kept aglow by the generations which followed, is not extinguishable by any enemy.”</Text>
		</Replace>
		<Replace Language='en_US' Tag="LOC_SCENARIO_AUSTRALIA_EVENT_POLITICAL_DESCRIPTION_6">
			<Text>Your civic progress has been noticed back in England.  More colonists have just arrived wishing to make your colony their new home.</Text>
		</Replace>
		<!-- Political Event Gameplay Effects-->
		<Replace Language='en_US' Tag="LOC_SCENARIO_AUSTRALIA_EVENT_POLITICAL_EFFECT_1">
			<Text>Use this explorer for the next four turns to find the best place for a new settlement.</Text>
		</Replace>
		<Replace Language='en_US' Tag="LOC_SCENARIO_AUSTRALIA_EVENT_POLITICAL_EFFECT_2">
			<Text>A free Settler will appear at the start of next turn in the coastal tile closest to your explorer.</Text>
		</Replace>
		<Replace Language='en_US' Tag="LOC_SCENARIO_AUSTRALIA_EVENT_POLITICAL_EFFECT_3">
			<Text>Once you complete the Federation Civic you will be able to upgrade to the strongest governmental system, State Government.</Text>
		</Replace>
		<Replace Language='en_US' Tag="LOC_SCENARIO_AUSTRALIA_EVENT_POLITICAL_EFFECT_4">
			<Text>You may now initiate the AIF project in any of your cities. Each such contribution you make to the war effort will enhance your state’s standing in our nation, earning you +10 [ICON_Gold] Gold per turn.</Text>
		</Replace>
		<Replace Language='en_US' Tag="LOC_SCENARIO_AUSTRALIA_EVENT_POLITICAL_EFFECT_5">
			<Text>Completing the AIF project is even more critical at this time and will reward you with +20 [ICON_Gold] Gold per turn.</Text>
		</Replace>
		<Replace Language='en_US' Tag="LOC_SCENARIO_AUSTRALIA_EVENT_POLITICAL_EFFECT_6">
			<Text>A free Settler has appeared in your capital. From this point forward, new cities must be built within 10 tiles of one of your existing cities.</Text>
		</Replace>
		<!-- Danger Event Gameplay Effects-->
		<Replace Language='en_US' Tag="LOC_SCENARIO_AUSTRALIA_EVENT_DANGER_EFFECT_1">
			<Text>Your {1_UnitName} has suffered {2_Damage} damage.</Text>
		</Replace>
		<Replace Language='en_US' Tag="LOC_SCENARIO_AUSTRALIA_EVENT_DANGER_EFFECT_2">
			<Text>Your {1_UnitName} has been killed.</Text>
		</Replace>
		<Replace Language='en_US' Tag="LOC_SCENARIO_AUSTRALIA_EVENT_DANGER_EFFECT_3">
			<Text>Your {1_UnitName} has permanently lost 1 [ICON_Movement] Movement.</Text>
		</Replace>
		<Replace Language='en_US' Tag="LOC_SCENARIO_AUSTRALIA_EVENT_DANGER_EFFECT_4">
			<Text>You lose {1_Amount} [ICON_Gold] Gold.</Text>
		</Replace>
		<Replace Language='en_US' Tag="LOC_SCENARIO_AUSTRALIA_EVENT_DANGER_EFFECT_5">
			<Text>Your {1_UnitName} has returned to the nearest city of {2_CityName}.</Text>
		</Replace>
		<Replace Language='en_US' Tag="LOC_SCENARIO_AUSTRALIA_EVENT_DANGER_EFFECT_6">
			<Text>Your nearby {1_Improvement} has been pillaged.</Text>
		</Replace>
		<!-- Delay Event Gameplay Effects-->
		<Replace Language='en_US' Tag="LOC_SCENARIO_AUSTRALIA_EVENT_DELAY_EFFECT_1">
			<Text>Your {1_UnitName} has lost {2_Movement} movement points for this turn.</Text>
		</Replace>
		<Replace Language='en_US' Tag="LOC_SCENARIO_AUSTRALIA_EVENT_DELAY_EFFECT_2">
			<Text>Your {1_UnitName} will not be able to move this turn.</Text>
		</Replace>
		<Replace Language='en_US' Tag="LOC_SCENARIO_AUSTRALIA_EVENT_DELAY_EFFECT_3">
			<Text>Knowledge of some of the terrain near {1_UnitName} has been lost.</Text>
		</Replace>
		<!-- Benefit Event Gameplay Effects-->
		<Replace Language='en_US' Tag="LOC_SCENARIO_AUSTRALIA_EVENT_BENEFIT_EFFECT_1">
			<Text>A {1_UnitName} has arrived in the closest city of {2_CityName}.</Text>
		</Replace>
		<Replace Language='en_US' Tag="LOC_SCENARIO_AUSTRALIA_EVENT_BENEFIT_EFFECT_2">
			<Text>A {1_UnitName} has arrived next to your {2_UnitName}.</Text>
		</Replace>
		<Replace Language='en_US' Tag="LOC_SCENARIO_AUSTRALIA_EVENT_BENEFIT_EFFECT_3">
			<Text>Unexplored territory near your {1_UnitName} has been revealed.</Text>
		</Replace>
		<Replace Language='en_US' Tag="LOC_SCENARIO_AUSTRALIA_EVENT_BENEFIT_EFFECT_4">
			<Text>Your {1_UnitName} has permanently gained +1 [ICON_Movement] Movement.</Text>
		</Replace>
		<Replace Language='en_US' Tag="LOC_SCENARIO_AUSTRALIA_EVENT_BENEFIT_EFFECT_5">
			<Text>Your {1_UnitName} has been completely healed.</Text>
		</Replace>
		<Replace Language='en_US' Tag="LOC_SCENARIO_AUSTRALIA_EVENT_BENEFIT_EFFECT_6">
			<Text>Your {1_UnitName} has had {2_HitPoints} points of damage healed.</Text>
		</Replace>
		<Replace Language='en_US' Tag="LOC_SCENARIO_AUSTRALIA_EVENT_BENEFIT_EFFECT_7">
			<Text>Your nearby city of {1_CityName} has gained 1 Population.</Text>
		</Replace>
		<Replace Language='en_US' Tag="LOC_SCENARIO_AUSTRALIA_EVENT_BENEFIT_EFFECT_8">
			<Text>You gain {1_Amount} [ICON_Gold] Gold.</Text>
		</Replace>
		<Replace Language='en_US' Tag="LOC_SCENARIO_AUSTRALIA_EVENT_BENEFIT_EFFECT_9">
			<Text>You receive a Eureka for the technology {1_TechName}.</Text>
		</Replace>
		<Replace Language='en_US' Tag="LOC_SCENARIO_AUSTRALIA_EVENT_BENEFIT_EFFECT_10">
			<Text>Your receive an Inspiration for the civic {1_CivicName}.</Text>
		</Replace>
		<!-- Exploration Event Titles-->
		<Replace Language='en_US' Tag="LOC_SCENARIO_AUSTRALIA_EVENT_EXPLORATION_COAST_ADJACENT_TITLE_1">
			<Text>Caught in Rip Current</Text>
		</Replace>
		<Replace Language='en_US' Tag="LOC_SCENARIO_AUSTRALIA_EVENT_EXPLORATION_COAST_ADJACENT_TITLE_2">
			<Text>Brushed Against Box Jellyfish</Text>
		</Replace>
		<Replace Language='en_US' Tag="LOC_SCENARIO_AUSTRALIA_EVENT_EXPLORATION_COAST_ADJACENT_TITLE_3">
			<Text>Collected a Cone Shell</Text>
		</Replace>
		<Replace Language='en_US' Tag="LOC_SCENARIO_AUSTRALIA_EVENT_EXPLORATION_COAST_ADJACENT_TITLE_4">
			<Text>Delayed by Perilous Fog</Text>
		</Replace>
		<Replace Language='en_US' Tag="LOC_SCENARIO_AUSTRALIA_EVENT_EXPLORATION_COAST_ADJACENT_TITLE_5">
			<Text>Resupplied by Aboriginal Fishermen</Text>
		</Replace>
		<Replace Language='en_US' Tag="LOC_SCENARIO_AUSTRALIA_EVENT_EXPLORATION_COAST_ADJACENT_TITLE_6">
			<Text>Rock Hoppers For Hire</Text>
		</Replace>
		<Replace Language='en_US' Tag="LOC_SCENARIO_AUSTRALIA_EVENT_EXPLORATION_COAST_ADJACENT_TITLE_7">
			<Text>Bountiful Waters Located</Text>
		</Replace>
		<Replace Language='en_US' Tag="LOC_SCENARIO_AUSTRALIA_EVENT_EXPLORATION_DESERT_TITLE_1">
			<Text>Woefully Underestimated Water Needs</Text>
		</Replace>
		<Replace Language='en_US' Tag="LOC_SCENARIO_AUSTRALIA_EVENT_EXPLORATION_DESERT_TITLE_2">
			<Text>Stampeding Camels</Text>
		</Replace>
		<Replace Language='en_US' Tag="LOC_SCENARIO_AUSTRALIA_EVENT_EXPLORATION_DESERT_TITLE_3">
			<Text>Stepped on Death Adder</Text>
		</Replace>
		<Replace Language='en_US' Tag="LOC_SCENARIO_AUSTRALIA_EVENT_EXPLORATION_DESERT_TITLE_4">
			<Text>Delayed by Incessant Dust Storm</Text>
		</Replace>
		<Replace Language='en_US' Tag="LOC_SCENARIO_AUSTRALIA_EVENT_EXPLORATION_DESERT_TITLE_5">
			<Text>Oasis Spotted</Text>
		</Replace>
		<Replace Language='en_US' Tag="LOC_SCENARIO_AUSTRALIA_EVENT_EXPLORATION_DESERT_TITLE_6">
			<Text>Found Unguarded Dingo Litter</Text>
		</Replace>
		<Replace Language='en_US' Tag="LOC_SCENARIO_AUSTRALIA_EVENT_EXPLORATION_GRASSLAND_TITLE_1">
			<Text>Waylaid by Bushrangers</Text>
		</Replace>
		<Replace Language='en_US' Tag="LOC_SCENARIO_AUSTRALIA_EVENT_EXPLORATION_GRASSLAND_TITLE_2">
			<Text>Caught in Bushfire</Text>
		</Replace>
		<Replace Language='en_US' Tag="LOC_SCENARIO_AUSTRALIA_EVENT_EXPLORATION_GRASSLAND_TITLE_3">
			<Text>Harassed by Dingoes</Text>
		</Replace>
		<Replace Language='en_US' Tag="LOC_SCENARIO_AUSTRALIA_EVENT_EXPLORATION_GRASSLAND_TITLE_4">
			<Text>Ate the Wrong Berries</Text>
		</Replace>
		<Replace Language='en_US' Tag="LOC_SCENARIO_AUSTRALIA_EVENT_EXPLORATION_GRASSLAND_TITLE_5">
			<Text>Resupplied by Squatters</Text>
		</Replace>
		<Replace Language='en_US' Tag="LOC_SCENARIO_AUSTRALIA_EVENT_EXPLORATION_GRASSLAND_TITLE_6">
			<Text>Swagmen For Hire</Text>
		</Replace>
		<Replace Language='en_US' Tag="LOC_SCENARIO_AUSTRALIA_EVENT_EXPLORATION_MOUNTAINS_ADJACENT_TITLE_1">
			<Text>Rockslide!</Text>
		</Replace>
		<Replace Language='en_US' Tag="LOC_SCENARIO_AUSTRALIA_EVENT_EXPLORATION_MOUNTAINS_ADJACENT_TITLE_2">
			<Text>Exceptionally Freezing Nights</Text>
		</Replace>
		<Replace Language='en_US' Tag="LOC_SCENARIO_AUSTRALIA_EVENT_EXPLORATION_MOUNTAINS_ADJACENT_TITLE_3">
			<Text>Supplies Fell Into Gorge</Text>
		</Replace>
		<Replace Language='en_US' Tag="LOC_SCENARIO_AUSTRALIA_EVENT_EXPLORATION_MOUNTAINS_ADJACENT_TITLE_4">
			<Text>Fruitless Passage</Text>
		</Replace>
		<Replace Language='en_US' Tag="LOC_SCENARIO_AUSTRALIA_EVENT_EXPLORATION_MOUNTAINS_ADJACENT_TITLE_5">
			<Text>Fossickers For Hire</Text>
		</Replace>
		<Replace Language='en_US' Tag="LOC_SCENARIO_AUSTRALIA_EVENT_EXPLORATION_MOUNTAINS_ADJACENT_TITLE_6">
			<Text>Discovered Mountain Spring</Text>
		</Replace>
		<Replace Language='en_US' Tag="LOC_SCENARIO_AUSTRALIA_EVENT_EXPLORATION_PLAINS_TITLE_1">
			<Text>Altercation With Red Kangaroo</Text>
		</Replace>
		<Replace Language='en_US' Tag="LOC_SCENARIO_AUSTRALIA_EVENT_EXPLORATION_PLAINS_TITLE_2">
			<Text>Continuing Drought Conditions</Text>
		</Replace>
		<Replace Language='en_US' Tag="LOC_SCENARIO_AUSTRALIA_EVENT_EXPLORATION_PLAINS_TITLE_3">
			<Text>Spinifex Infection</Text>
		</Replace>
		<Replace Language='en_US' Tag="LOC_SCENARIO_AUSTRALIA_EVENT_EXPLORATION_PLAINS_TITLE_4">
			<Text>Complete Loss of Direction</Text>
		</Replace>
		<Replace Language='en_US' Tag="LOC_SCENARIO_AUSTRALIA_EVENT_EXPLORATION_PLAINS_TITLE_5">
			<Text>Stockmen For Hire</Text>
		</Replace>
		<Replace Language='en_US' Tag="LOC_SCENARIO_AUSTRALIA_EVENT_EXPLORATION_PLAINS_TITLE_6">
			<Text>Led to Water by Galah Flock</Text>
		</Replace>
		<Replace Language='en_US' Tag="LOC_SCENARIO_AUSTRALIA_EVENT_EXPLORATION_FLOODPLAINS_TITLE_1">
			<Text>Malarial Woes</Text>
		</Replace>
		<Replace Language='en_US' Tag="LOC_SCENARIO_AUSTRALIA_EVENT_EXPLORATION_FLOODPLAINS_TITLE_2">
			<Text>Starved Out By Plague Locusts</Text>
		</Replace>
		<Replace Language='en_US' Tag="LOC_SCENARIO_AUSTRALIA_EVENT_EXPLORATION_FLOODPLAINS_TITLE_3">
			<Text>Washed Away in Flash Flood</Text>
		</Replace>
		<Replace Language='en_US' Tag="LOC_SCENARIO_AUSTRALIA_EVENT_EXPLORATION_FLOODPLAINS_TITLE_4">
			<Text>Bogged Down in Mudflats</Text>
		</Replace>
		<Replace Language='en_US' Tag="LOC_SCENARIO_AUSTRALIA_EVENT_EXPLORATION_FLOODPLAINS_TITLE_5">
			<Text>Caught Yabbies In Stream</Text>
		</Replace>
		<Replace Language='en_US' Tag="LOC_SCENARIO_AUSTRALIA_EVENT_EXPLORATION_MARSH_TITLE_1">
			<Text>Consumed By Saltwater Crocodile</Text>
		</Replace>
		<Replace Language='en_US' Tag="LOC_SCENARIO_AUSTRALIA_EVENT_EXPLORATION_MARSH_TITLE_2">
			<Text>Horrid Infested Wounds</Text>
		</Replace>
		<Replace Language='en_US' Tag="LOC_SCENARIO_AUSTRALIA_EVENT_EXPLORATION_MARSH_TITLE_3">
			<Text>Bitten by Funnel Web Spider</Text>
		</Replace>
		<Replace Language='en_US' Tag="LOC_SCENARIO_AUSTRALIA_EVENT_EXPLORATION_MARSH_TITLE_4">
			<Text>Ate the Wrong Fish</Text>
		</Replace>
		<Replace Language='en_US' Tag="LOC_SCENARIO_AUSTRALIA_EVENT_EXPLORATION_MARSH_TITLE_5">
			<Text>Lost in the Swamp</Text>
		</Replace>
		<Replace Language='en_US' Tag="LOC_SCENARIO_AUSTRALIA_EVENT_EXPLORATION_MARSH_TITLE_6">
			<Text>Frightful Bunyip Rumors</Text>
		</Replace>
		<Replace Language='en_US' Tag="LOC_SCENARIO_AUSTRALIA_EVENT_EXPLORATION_OASIS_TITLE_1">
			<Text>Infested With Threadworms</Text>
		</Replace>
		<Replace Language='en_US' Tag="LOC_SCENARIO_AUSTRALIA_EVENT_EXPLORATION_OASIS_TITLE_2">
			<Text>Drank Too Much Water Too Quickly</Text>
		</Replace>
		<Replace Language='en_US' Tag="LOC_SCENARIO_AUSTRALIA_EVENT_EXPLORATION_OASIS_TITLE_3">
			<Text>Averted a Near Mutiny</Text>
		</Replace>
		<Replace Language='en_US' Tag="LOC_SCENARIO_AUSTRALIA_EVENT_EXPLORATION_OASIS_TITLE_4">
			<Text>Recuperated at Billabong</Text>
		</Replace>
		<Replace Language='en_US' Tag="LOC_SCENARIO_AUSTRALIA_EVENT_EXPLORATION_OASIS_TITLE_5">
			<Text>Peaceful Recuperation</Text>
		</Replace>
		<Replace Language='en_US' Tag="LOC_SCENARIO_AUSTRALIA_EVENT_EXPLORATION_RAINFOREST_TITLE_1">
			<Text>Everything Here Is Poison</Text>
		</Replace>
		<Replace Language='en_US' Tag="LOC_SCENARIO_AUSTRALIA_EVENT_EXPLORATION_RAINFOREST_TITLE_2">
			<Text>Startled a Cassowary</Text>
		</Replace>
		<Replace Language='en_US' Tag="LOC_SCENARIO_AUSTRALIA_EVENT_EXPLORATION_RAINFOREST_TITLE_3">
			<Text>Afflicted With Dengue Fever</Text>
		</Replace>
		<Replace Language='en_US' Tag="LOC_SCENARIO_AUSTRALIA_EVENT_EXPLORATION_RAINFOREST_TITLE_4">
			<Text>Plagued by Stinging Ant Swarm</Text>
		</Replace>
		<Replace Language='en_US' Tag="LOC_SCENARIO_AUSTRALIA_EVENT_EXPLORATION_RAINFOREST_TITLE_5">
			<Text>Uncovered Scientific Mystery</Text>
		</Replace>
		<Replace Language='en_US' Tag="LOC_SCENARIO_AUSTRALIA_EVENT_EXPLORATION_WOODS_TITLE_1">
			<Text>Agitated Eastern Brown Snake</Text>
		</Replace>
		<Replace Language='en_US' Tag="LOC_SCENARIO_AUSTRALIA_EVENT_EXPLORATION_WOODS_TITLE_2">
			<Text>Burnt Firewood From Gum Tree</Text>
		</Replace>
		<Replace Language='en_US' Tag="LOC_SCENARIO_AUSTRALIA_EVENT_EXPLORATION_WOODS_TITLE_3">
			<Text>Angered Territorial Emu</Text>
		</Replace>
		<Replace Language='en_US' Tag="LOC_SCENARIO_AUSTRALIA_EVENT_EXPLORATION_WOODS_TITLE_4">
			<Text>Spurious Drop Bear Rumors</Text>
		</Replace>
		<Replace Language='en_US' Tag="LOC_SCENARIO_AUSTRALIA_EVENT_EXPLORATION_WOODS_TITLE_5">
			<Text>Discovered Emu Egg Clutch</Text>
		</Replace>
		<Replace Language='en_US' Tag="LOC_SCENARIO_AUSTRALIA_EVENT_EXPLORATION_ANY_TITLE_1">
			<Text>Inauspicious Fall</Text>
		</Replace>
		<Replace Language='en_US' Tag="LOC_SCENARIO_AUSTRALIA_EVENT_EXPLORATION_ANY_TITLE_2">
			<Text>Stricken By Scurvy</Text>
		</Replace>
		<Replace Language='en_US' Tag="LOC_SCENARIO_AUSTRALIA_EVENT_EXPLORATION_ANY_TITLE_3">
			<Text>Conflicted Direction</Text>
		</Replace>
		<Replace Language='en_US' Tag="LOC_SCENARIO_AUSTRALIA_EVENT_EXPLORATION_ANY_TITLE_4">
			<Text>Forgot to Tether Horses</Text>
		</Replace>
		<Replace Language='en_US' Tag="LOC_SCENARIO_AUSTRALIA_EVENT_EXPLORATION_ANY_TITLE_5">
			<Text>Discovered a Shortcut</Text>
		</Replace>
		<Replace Language='en_US' Tag="LOC_SCENARIO_AUSTRALIA_EVENT_EXPLORATION_ANY_TITLE_6">
			<Text>Resupplied by Aboriginal Clan</Text>
		</Replace>
		<Replace Language='en_US' Tag="LOC_SCENARIO_AUSTRALIA_EVENT_EXPLORATION_ANY_TITLE_7">
			<Text>Followed Dingo Trail</Text>
		</Replace>
		<Replace Language='en_US' Tag="LOC_SCENARIO_AUSTRALIA_EVENT_EXPLORATION_ANY_TITLE_8">
			<Text>Dispute With Rival Explorers</Text>
		</Replace>
		<Replace Language='en_US' Tag="LOC_SCENARIO_AUSTRALIA_EVENT_EXPLORATION_ANY_TITLE_9">
			<Text>Discovered Inaccuracies In Maps</Text>
		</Replace>
		<Replace Language='en_US' Tag="LOC_SCENARIO_AUSTRALIA_EVENT_EXPLORATION_ANY_TITLE_10">
			<Text>Treasure!</Text>
		</Replace>
		<Replace Language='en_US' Tag="LOC_SCENARIO_AUSTRALIA_EVENT_EXPLORATION_ANY_TITLE_11">
			<Text>Aboriginal Guides For Hire</Text>
		</Replace>
		<Replace Language='en_US' Tag="LOC_SCENARIO_AUSTRALIA_EVENT_EXPLORATION_ANY_TITLE_12">
			<Text>Inadvertently Offended Aboriginals</Text>
		</Replace>
		<Replace Language='en_US' Tag="LOC_SCENARIO_AUSTRALIA_EVENT_EXPLORATION_ANY_TITLE_13">
			<Text>Accidentally Started Bushfire</Text>
		</Replace>
		<Replace Language='en_US' Tag="LOC_SCENARIO_AUSTRALIA_EVENT_EXPLORATION_ANY_TITLE_14">
			<Text>Aboriginal Migration</Text>
		</Replace>
		<Replace Language='en_US' Tag="LOC_SCENARIO_AUSTRALIA_EVENT_EXPLORATION_ANY_TITLE_15">
			<Text>Fruitless Discourse With Aboriginals</Text>
		</Replace>
		<!-- Exploration Event Descriptions-->
		<Replace Language='en_US' Tag="LOC_SCENARIO_AUSTRALIA_EVENT_EXPLORATION_COAST_ADJACENT_DESCRIPTION_1">
			<Text>What began as a refreshing dip in the ocean ended in tragedy.</Text>
		</Replace>
		<Replace Language='en_US' Tag="LOC_SCENARIO_AUSTRALIA_EVENT_EXPLORATION_COAST_ADJACENT_DESCRIPTION_2">
			<Text>Such a fragile thing, full of liquid pain.</Text>
		</Replace>
		<Replace Language='en_US' Tag="LOC_SCENARIO_AUSTRALIA_EVENT_EXPLORATION_COAST_ADJACENT_DESCRIPTION_3">
			<Text>A beautiful exterior conceals a tiny, venomous harpoon.</Text>
		</Replace>
		<Replace Language='en_US' Tag="LOC_SCENARIO_AUSTRALIA_EVENT_EXPLORATION_COAST_ADJACENT_DESCRIPTION_4">
			<Text>It rolled in from the sea, thicker than cannon smoke.</Text>
		</Replace>
		<Replace Language='en_US' Tag="LOC_SCENARIO_AUSTRALIA_EVENT_EXPLORATION_COAST_ADJACENT_DESCRIPTION_5">
			<Text>They knew local waters and caught local fish. We did neither.</Text>
		</Replace>
		<Replace Language='en_US' Tag="LOC_SCENARIO_AUSTRALIA_EVENT_EXPLORATION_COAST_ADJACENT_DESCRIPTION_6">
			<Text>How do they fish from coastal rocks without slipping? A mystery!</Text>
		</Replace>
		<Replace Language='en_US' Tag="LOC_SCENARIO_AUSTRALIA_EVENT_EXPLORATION_COAST_ADJACENT_DESCRIPTION_7">
			<Text>It was a wonderful find. Enough to support a settlement.</Text>
		</Replace>
		<Replace Language='en_US' Tag="LOC_SCENARIO_AUSTRALIA_EVENT_EXPLORATION_DESERT_DESCRIPTION_1">
			<Text>The horses were the first to die, delirious from thirst.</Text>
		</Replace>
		<Replace Language='en_US' Tag="LOC_SCENARIO_AUSTRALIA_EVENT_EXPLORATION_DESERT_DESCRIPTION_2">
			<Text>Abandoned by early colonists, they have since gone feral.</Text>
		</Replace>
		<Replace Language='en_US' Tag="LOC_SCENARIO_AUSTRALIA_EVENT_EXPLORATION_DESERT_DESCRIPTION_3">
			<Text>It all blends together in that sun-blasted terrain. Even snakes.</Text>
		</Replace>
		<Replace Language='en_US' Tag="LOC_SCENARIO_AUSTRALIA_EVENT_EXPLORATION_DESERT_DESCRIPTION_4">
			<Text>It got into everything. Days later we still shed it in our wake.</Text>
		</Replace>
		<Replace Language='en_US' Tag="LOC_SCENARIO_AUSTRALIA_EVENT_EXPLORATION_DESERT_DESCRIPTION_5">
			<Text>We found an island of life in that blasted wasteland.</Text>
		</Replace>
		<Replace Language='en_US' Tag="LOC_SCENARIO_AUSTRALIA_EVENT_EXPLORATION_DESERT_DESCRIPTION_6">
			<Text>You must understand. It was necessary for our survival.</Text>
		</Replace>
		<Replace Language='en_US' Tag="LOC_SCENARIO_AUSTRALIA_EVENT_EXPLORATION_GRASSLAND_DESCRIPTION_1">
			<Text>They took food but left us water. They were thieves, not killers.</Text>
		</Replace>
		<Replace Language='en_US' Tag="LOC_SCENARIO_AUSTRALIA_EVENT_EXPLORATION_GRASSLAND_DESCRIPTION_2">
			<Text>It burned hotter than a foundry. Brows singed and skin seared.</Text>
		</Replace>
		<Replace Language='en_US' Tag="LOC_SCENARIO_AUSTRALIA_EVENT_EXPLORATION_GRASSLAND_DESCRIPTION_3">
			<Text>They hounded us for days, eventually killing a stray pack animal.</Text>
		</Replace>
		<Replace Language='en_US' Tag="LOC_SCENARIO_AUSTRALIA_EVENT_EXPLORATION_GRASSLAND_DESCRIPTION_4">
			<Text>The pain ran through our guts like hot coals.</Text>
		</Replace>
		<Replace Language='en_US' Tag="LOC_SCENARIO_AUSTRALIA_EVENT_EXPLORATION_GRASSLAND_DESCRIPTION_5">
			<Text>They were making a new life for themselves, out in the bush.</Text>
		</Replace>
		<Replace Language='en_US' Tag="LOC_SCENARIO_AUSTRALIA_EVENT_EXPLORATION_GRASSLAND_DESCRIPTION_6">
			<Text>Itinerant farmers sought steady work, depending on the season.</Text>
		</Replace>
		<Replace Language='en_US' Tag="LOC_SCENARIO_AUSTRALIA_EVENT_EXPLORATION_MOUNTAINS_ADJACENT_DESCRIPTION_1">
			<Text>It was our misfortune to have camped in its path.</Text>
		</Replace>
		<Replace Language='en_US' Tag="LOC_SCENARIO_AUSTRALIA_EVENT_EXPLORATION_MOUNTAINS_ADJACENT_DESCRIPTION_2">
			<Text>Meager blankets couldn't stop a chill wind from the mountains.</Text>
		</Replace>
		<Replace Language='en_US' Tag="LOC_SCENARIO_AUSTRALIA_EVENT_EXPLORATION_MOUNTAINS_ADJACENT_DESCRIPTION_3">
			<Text>In hindsight, we should have stored them further from the edge.</Text>
		</Replace>
		<Replace Language='en_US' Tag="LOC_SCENARIO_AUSTRALIA_EVENT_EXPLORATION_MOUNTAINS_ADJACENT_DESCRIPTION_4">
			<Text>What seemed a promising shortcut led to a day of wasted effort.</Text>
		</Replace>
		<Replace Language='en_US' Tag="LOC_SCENARIO_AUSTRALIA_EVENT_EXPLORATION_MOUNTAINS_ADJACENT_DESCRIPTION_5">
			<Text>Many sought goldfields far and wide. Few found real fortunes.</Text>
		</Replace>
		<Replace Language='en_US' Tag="LOC_SCENARIO_AUSTRALIA_EVENT_EXPLORATION_MOUNTAINS_ADJACENT_DESCRIPTION_6">
			<Text>A sheltered spring provided us with all the water we could carry.</Text>
		</Replace>
		<Replace Language='en_US' Tag="LOC_SCENARIO_AUSTRALIA_EVENT_EXPLORATION_PLAINS_DESCRIPTION_1">
			<Text>In our defense, we sought to learn what it carried in its pouch.</Text>
		</Replace>
		<Replace Language='en_US' Tag="LOC_SCENARIO_AUSTRALIA_EVENT_EXPLORATION_PLAINS_DESCRIPTION_2">
			<Text>Greedy plants would have us die of thirst before they did.</Text>
		</Replace>
		<Replace Language='en_US' Tag="LOC_SCENARIO_AUSTRALIA_EVENT_EXPLORATION_PLAINS_DESCRIPTION_3">
			<Text>The leaf tips broke off in our flesh as we brushed against them.</Text>
		</Replace>
		<Replace Language='en_US' Tag="LOC_SCENARIO_AUSTRALIA_EVENT_EXPLORATION_PLAINS_DESCRIPTION_4">
			<Text>In endlessly similar terrain, it was quite easy to lose our way.</Text>
		</Replace>
		<Replace Language='en_US' Tag="LOC_SCENARIO_AUSTRALIA_EVENT_EXPLORATION_PLAINS_DESCRIPTION_5">
			<Text>It was lonely and hard work, but they didn't mind the conditions.</Text>
		</Replace>
		<Replace Language='en_US' Tag="LOC_SCENARIO_AUSTRALIA_EVENT_EXPLORATION_PLAINS_DESCRIPTION_6">
			<Text>We marched to where they settled. Beautiful birds. A bit gamey.</Text>
		</Replace>
		<Replace Language='en_US' Tag="LOC_SCENARIO_AUSTRALIA_EVENT_EXPLORATION_FLOODPLAINS_DESCRIPTION_1">
			<Text>There were enough mosquitos in the air to darken the sky.</Text>
		</Replace>
		<Replace Language='en_US' Tag="LOC_SCENARIO_AUSTRALIA_EVENT_EXPLORATION_FLOODPLAINS_DESCRIPTION_2">
			<Text>They ravaged the landscape of anything that could sustain us.</Text>
		</Replace>
		<Replace Language='en_US' Tag="LOC_SCENARIO_AUSTRALIA_EVENT_EXPLORATION_FLOODPLAINS_DESCRIPTION_3">
			<Text>If unable to reach high ground, one could quite simply vanish.</Text>
		</Replace>
		<Replace Language='en_US' Tag="LOC_SCENARIO_AUSTRALIA_EVENT_EXPLORATION_FLOODPLAINS_DESCRIPTION_4">
			<Text>Some boots and stockings were lost to the muck.</Text>
		</Replace>
		<Replace Language='en_US' Tag="LOC_SCENARIO_AUSTRALIA_EVENT_EXPLORATION_FLOODPLAINS_DESCRIPTION_5">
			<Text>They are edible when boiled, with the exception of their shells.</Text>
		</Replace>
		<Replace Language='en_US' Tag="LOC_SCENARIO_AUSTRALIA_EVENT_EXPLORATION_MARSH_DESCRIPTION_1">
			<Text>There was no sound or scream. Just a ripple on the water.</Text>
		</Replace>
		<Replace Language='en_US' Tag="LOC_SCENARIO_AUSTRALIA_EVENT_EXPLORATION_MARSH_DESCRIPTION_2">
			<Text>Those blasted bluebottles were most certainly the culprits.</Text>
		</Replace>
		<Replace Language='en_US' Tag="LOC_SCENARIO_AUSTRALIA_EVENT_EXPLORATION_MARSH_DESCRIPTION_3">
			<Text>The smaller the creature, the more potent its poison. Generally.</Text>
		</Replace>
		<Replace Language='en_US' Tag="LOC_SCENARIO_AUSTRALIA_EVENT_EXPLORATION_MARSH_DESCRIPTION_4">
			<Text>Not all fish are for eating. Especially not that one.</Text>
		</Replace>
		<Replace Language='en_US' Tag="LOC_SCENARIO_AUSTRALIA_EVENT_EXPLORATION_MARSH_DESCRIPTION_5">
			<Text>The terrain seems to shift through the day. Trick of the light?</Text>
		</Replace>
		<Replace Language='en_US' Tag="LOC_SCENARIO_AUSTRALIA_EVENT_EXPLORATION_MARSH_DESCRIPTION_6">
			<Text>There is no question that a bush spirit stalked us in that swamp.</Text>
		</Replace>
		<Replace Language='en_US' Tag="LOC_SCENARIO_AUSTRALIA_EVENT_EXPLORATION_OASIS_DESCRIPTION_1">
			<Text>Even the Outback's freshest water carries intestinal dangers.</Text>
		</Replace>
		<Replace Language='en_US' Tag="LOC_SCENARIO_AUSTRALIA_EVENT_EXPLORATION_OASIS_DESCRIPTION_2">
			<Text>After a being without for so long, thirst leads to poor choices.</Text>
		</Replace>
		<Replace Language='en_US' Tag="LOC_SCENARIO_AUSTRALIA_EVENT_EXPLORATION_OASIS_DESCRIPTION_3">
			<Text>They refused to depart the oasis. It nearly came to blows.</Text>
		</Replace>
		<Replace Language='en_US' Tag="LOC_SCENARIO_AUSTRALIA_EVENT_EXPLORATION_OASIS_DESCRIPTION_4">
			<Text>The lonely waterhole lifted our spirits.</Text>
		</Replace>
		<Replace Language='en_US' Tag="LOC_SCENARIO_AUSTRALIA_EVENT_EXPLORATION_OASIS_DESCRIPTION_5">
			<Text>A lovely day. Would that it could balance out all the others.</Text>
		</Replace>
		<Replace Language='en_US' Tag="LOC_SCENARIO_AUSTRALIA_EVENT_EXPLORATION_RAINFOREST_DESCRIPTION_1">
			<Text>Every insect, animal, flower, root, or vine might have killed us.</Text>
		</Replace>
		<Replace Language='en_US' Tag="LOC_SCENARIO_AUSTRALIA_EVENT_EXPLORATION_RAINFOREST_DESCRIPTION_2">
			<Text>To think, when it first leapt and kicked out its feet we laughed.</Text>
		</Replace>
		<Replace Language='en_US' Tag="LOC_SCENARIO_AUSTRALIA_EVENT_EXPLORATION_RAINFOREST_DESCRIPTION_3">
			<Text>The fever lasted for some time before a wound bore fate's seal.</Text>
		</Replace>
		<Replace Language='en_US' Tag="LOC_SCENARIO_AUSTRALIA_EVENT_EXPLORATION_RAINFOREST_DESCRIPTION_4">
			<Text>We had the singular misfortune of bedding down atop ant hills.</Text>
		</Replace>
		<Replace Language='en_US' Tag="LOC_SCENARIO_AUSTRALIA_EVENT_EXPLORATION_RAINFOREST_DESCRIPTION_5">
			<Text>There are wonders to be found in this strange wood.</Text>
		</Replace>
		<Replace Language='en_US' Tag="LOC_SCENARIO_AUSTRALIA_EVENT_EXPLORATION_WOODS_DESCRIPTION_1">
			<Text>It revealed its malefic nature when it struck for no good reason.</Text>
		</Replace>
		<Replace Language='en_US' Tag="LOC_SCENARIO_AUSTRALIA_EVENT_EXPLORATION_WOODS_DESCRIPTION_2">
			<Text>We didn't foresee the explosion. Some thought it a cannon attack.</Text>
		</Replace>
		<Replace Language='en_US' Tag="LOC_SCENARIO_AUSTRALIA_EVENT_EXPLORATION_WOODS_DESCRIPTION_3">
			<Text>Its ferocious pecking caught us offguard.</Text>
		</Replace>
		<Replace Language='en_US' Tag="LOC_SCENARIO_AUSTRALIA_EVENT_EXPLORATION_WOODS_DESCRIPTION_4">
			<Text>We never encountered a carnivorous koala. We were the lucky ones.</Text>
		</Replace>
		<Replace Language='en_US' Tag="LOC_SCENARIO_AUSTRALIA_EVENT_EXPLORATION_WOODS_DESCRIPTION_5">
			<Text>When eaten raw, the yolk had the consistency of bush oysters.</Text>
		</Replace>
		<Replace Language='en_US' Tag="LOC_SCENARIO_AUSTRALIA_EVENT_EXPLORATION_ANY_DESCRIPTION_1">
			<Text>If need be you could shoot a hobbled mount. Not so with a person.</Text>
		</Replace>
		<Replace Language='en_US' Tag="LOC_SCENARIO_AUSTRALIA_EVENT_EXPLORATION_ANY_DESCRIPTION_2">
			<Text>Skin would slough off the roof of one's mouth. Quite unpleasant.</Text>
		</Replace>
		<Replace Language='en_US' Tag="LOC_SCENARIO_AUSTRALIA_EVENT_EXPLORATION_ANY_DESCRIPTION_3">
			<Text>Harsh conditions and frayed tempers oft lead to squabbling.</Text>
		</Replace>
		<Replace Language='en_US' Tag="LOC_SCENARIO_AUSTRALIA_EVENT_EXPLORATION_ANY_DESCRIPTION_4">
			<Text>A simple mistake in town. Less so in the Outback.</Text>
		</Replace>
		<Replace Language='en_US' Tag="LOC_SCENARIO_AUSTRALIA_EVENT_EXPLORATION_ANY_DESCRIPTION_5">
			<Text>A seemingly unremarkable path would show promise, on occasion.</Text>
		</Replace>
		<Replace Language='en_US' Tag="LOC_SCENARIO_AUSTRALIA_EVENT_EXPLORATION_ANY_DESCRIPTION_6">
			<Text>Lucky for us, not everywhere in the bush is devoid of human life.</Text>
		</Replace>
		<Replace Language='en_US' Tag="LOC_SCENARIO_AUSTRALIA_EVENT_EXPLORATION_ANY_DESCRIPTION_7">
			<Text>The dingoes traveled to water and prey. Best to follow the locals.</Text>
		</Replace>
		<Replace Language='en_US' Tag="LOC_SCENARIO_AUSTRALIA_EVENT_EXPLORATION_ANY_DESCRIPTION_8">
			<Text>Many were keen to claim findings for themselves. </Text>
		</Replace>
		<Replace Language='en_US' Tag="LOC_SCENARIO_AUSTRALIA_EVENT_EXPLORATION_ANY_DESCRIPTION_9">
			<Text>Perhaps they were correct. Perspective is strange in the Outback.</Text>
		</Replace>
		<Replace Language='en_US' Tag="LOC_SCENARIO_AUSTRALIA_EVENT_EXPLORATION_ANY_DESCRIPTION_10">
			<Text>A shame it was found on the corpse of a failed explorer.</Text>
		</Replace>
		<Replace Language='en_US' Tag="LOC_SCENARIO_AUSTRALIA_EVENT_EXPLORATION_ANY_DESCRIPTION_11">
			<Text>We were able to split our party to cover more ground.</Text>
		</Replace>
		<Replace Language='en_US' Tag="LOC_SCENARIO_AUSTRALIA_EVENT_EXPLORATION_ANY_DESCRIPTION_12">
			<Text>Much later, we understood it to be a grave insult to the clan.</Text>
		</Replace>
		<Replace Language='en_US' Tag="LOC_SCENARIO_AUSTRALIA_EVENT_EXPLORATION_ANY_DESCRIPTION_13">
			<Text>At the time, we had no idea how far it would travel. All too far.</Text>
		</Replace>
		<Replace Language='en_US' Tag="LOC_SCENARIO_AUSTRALIA_EVENT_EXPLORATION_ANY_DESCRIPTION_14">
			<Text>Poor conditions led them to seek their fortunes elsewhere.</Text>
		</Replace>
		<Replace Language='en_US' Tag="LOC_SCENARIO_AUSTRALIA_EVENT_EXPLORATION_ANY_DESCRIPTION_15">
			<Text>It seems their previous encounters with outsiders were negative.</Text>
		</Replace>

		<!-- Exploration Event Journal Entries-->
		<Replace Language='en_US' Tag="LOC_SCENARIO_AUSTRALIA_EVENT_EXPLORATION_COAST_ADJACENT_JOURNAL_1">
			<Text>Swept out to sea, presumed drowned.</Text>
		</Replace>
		<Replace Language='en_US' Tag="LOC_SCENARIO_AUSTRALIA_EVENT_EXPLORATION_COAST_ADJACENT_JOURNAL_2">
			<Text>Set foot on mating stingers. Amputation unsuccessful.</Text>
		</Replace>
		<Replace Language='en_US' Tag="LOC_SCENARIO_AUSTRALIA_EVENT_EXPLORATION_COAST_ADJACENT_JOURNAL_3">
			<Text>Held cone shell to ear. Didn't hear the ocean.</Text>
		</Replace>
		<Replace Language='en_US' Tag="LOC_SCENARIO_AUSTRALIA_EVENT_EXPLORATION_COAST_ADJACENT_JOURNAL_4">
			<Text>Visibility nonexistent. No progress.</Text>
		</Replace>
		<Replace Language='en_US' Tag="LOC_SCENARIO_AUSTRALIA_EVENT_EXPLORATION_COAST_ADJACENT_JOURNAL_5">
			<Text>Traded for fresh food and water.</Text>
		</Replace>
		<Replace Language='en_US' Tag="LOC_SCENARIO_AUSTRALIA_EVENT_EXPLORATION_COAST_ADJACENT_JOURNAL_6">
			<Text>Agreeable sorts, eager for work.</Text>
		</Replace>
		<Replace Language='en_US' Tag="LOC_SCENARIO_AUSTRALIA_EVENT_EXPLORATION_COAST_ADJACENT_JOURNAL_7">
			<Text>It's a veritable cornucopia. Location recorded.</Text>
		</Replace>
		<Replace Language='en_US' Tag="LOC_SCENARIO_AUSTRALIA_EVENT_EXPLORATION_DESERT_JOURNAL_1">
			<Text>To survive, we rely on the water we make.</Text>
		</Replace>
		<Replace Language='en_US' Tag="LOC_SCENARIO_AUSTRALIA_EVENT_EXPLORATION_DESERT_JOURNAL_2">
			<Text>Trampled. Blinded by dromedary spittle. Morale low.</Text>
		</Replace>
		<Replace Language='en_US' Tag="LOC_SCENARIO_AUSTRALIA_EVENT_EXPLORATION_DESERT_JOURNAL_3">
			<Text>Bitten on the calf. Lungs closed soon after.</Text>
		</Replace>
		<Replace Language='en_US' Tag="LOC_SCENARIO_AUSTRALIA_EVENT_EXPLORATION_DESERT_JOURNAL_4">
			<Text>Visibility nonexistent. Spittle muddy. No progress.</Text>
		</Replace>
		<Replace Language='en_US' Tag="LOC_SCENARIO_AUSTRALIA_EVENT_EXPLORATION_DESERT_JOURNAL_5">
			<Text>Welcome relief in sight. Location recorded.</Text>
		</Replace>
		<Replace Language='en_US' Tag="LOC_SCENARIO_AUSTRALIA_EVENT_EXPLORATION_DESERT_JOURNAL_6">
			<Text>Victuals replenished. Morale low.</Text>
		</Replace>
		<Replace Language='en_US' Tag="LOC_SCENARIO_AUSTRALIA_EVENT_EXPLORATION_GRASSLAND_JOURNAL_1">
			<Text>Lost teeth in initial fisticuffs. Victuals also lost.</Text>
		</Replace>
		<Replace Language='en_US' Tag="LOC_SCENARIO_AUSTRALIA_EVENT_EXPLORATION_GRASSLAND_JOURNAL_2">
			<Text>Could not discern remains amongst the ash. Pressing on.</Text>
		</Replace>
		<Replace Language='en_US' Tag="LOC_SCENARIO_AUSTRALIA_EVENT_EXPLORATION_GRASSLAND_JOURNAL_3">
			<Text>Endless howling. Four nights without sleep. Morale low.</Text>
		</Replace>
		<Replace Language='en_US' Tag="LOC_SCENARIO_AUSTRALIA_EVENT_EXPLORATION_GRASSLAND_JOURNAL_4">
			<Text>Dehydrated. Demoralized. Too weak to travel.</Text>
		</Replace>
		<Replace Language='en_US' Tag="LOC_SCENARIO_AUSTRALIA_EVENT_EXPLORATION_GRASSLAND_JOURNAL_5">
			<Text>Fed and resupplied. Morale high.</Text>
		</Replace>
		<Replace Language='en_US' Tag="LOC_SCENARIO_AUSTRALIA_EVENT_EXPLORATION_GRASSLAND_JOURNAL_6">
			<Text>Provided map to nearest settlement.</Text>
		</Replace>
		<Replace Language='en_US' Tag="LOC_SCENARIO_AUSTRALIA_EVENT_EXPLORATION_MOUNTAINS_ADJACENT_JOURNAL_1">
			<Text>Medical supplies lost. Injuries remain, poorly treated.</Text>
		</Replace>
		<Replace Language='en_US' Tag="LOC_SCENARIO_AUSTRALIA_EVENT_EXPLORATION_MOUNTAINS_ADJACENT_JOURNAL_2">
			<Text>Frostbite. Must press on before we are all afflicted.</Text>
		</Replace>
		<Replace Language='en_US' Tag="LOC_SCENARIO_AUSTRALIA_EVENT_EXPLORATION_MOUNTAINS_ADJACENT_JOURNAL_3">
			<Text>Recovery attempt failed. Hungry, wounded, demoralized.</Text>
		</Replace>
		<Replace Language='en_US' Tag="LOC_SCENARIO_AUSTRALIA_EVENT_EXPLORATION_MOUNTAINS_ADJACENT_JOURNAL_4">
			<Text>Pass was a dead end. Returned to previous campsite.</Text>
		</Replace>
		<Replace Language='en_US' Tag="LOC_SCENARIO_AUSTRALIA_EVENT_EXPLORATION_MOUNTAINS_ADJACENT_JOURNAL_5">
			<Text>Directed fossickers to nearest colonial mining office.</Text>
		</Replace>
		<Replace Language='en_US' Tag="LOC_SCENARIO_AUSTRALIA_EVENT_EXPLORATION_MOUNTAINS_ADJACENT_JOURNAL_6">
			<Text>Sheltered and resupplied. Good foraging. Morale high.</Text>
		</Replace>
		<Replace Language='en_US' Tag="LOC_SCENARIO_AUSTRALIA_EVENT_EXPLORATION_PLAINS_JOURNAL_1">
			<Text>Repeated kicks led to organ damage, followed by death.</Text>
		</Replace>
		<Replace Language='en_US' Tag="LOC_SCENARIO_AUSTRALIA_EVENT_EXPLORATION_PLAINS_JOURNAL_2">
			<Text>Land parched. Expedition also parched. Onward.</Text>
		</Replace>
		<Replace Language='en_US' Tag="LOC_SCENARIO_AUSTRALIA_EVENT_EXPLORATION_PLAINS_JOURNAL_3">
			<Text>Impossible to avoid spinifex clumps in this terrain.</Text>
		</Replace>
		<Replace Language='en_US' Tag="LOC_SCENARIO_AUSTRALIA_EVENT_EXPLORATION_PLAINS_JOURNAL_4">
			<Text>Crossed yesterday's path twice before noon. Morale low.</Text>
		</Replace>
		<Replace Language='en_US' Tag="LOC_SCENARIO_AUSTRALIA_EVENT_EXPLORATION_PLAINS_JOURNAL_5">
			<Text>Nearest outback station will soon have more stockmen.</Text>
		</Replace>
		<Replace Language='en_US' Tag="LOC_SCENARIO_AUSTRALIA_EVENT_EXPLORATION_PLAINS_JOURNAL_6">
			<Text>Waterskins and bellies filled to bursting. Morale high.</Text>
		</Replace>
		<Replace Language='en_US' Tag="LOC_SCENARIO_AUSTRALIA_EVENT_EXPLORATION_FLOODPLAINS_JOURNAL_1">
			<Text>Endless fever. Convalescence impracticable. Morale low.</Text>
		</Replace>
		<Replace Language='en_US' Tag="LOC_SCENARIO_AUSTRALIA_EVENT_EXPLORATION_FLOODPLAINS_JOURNAL_2">
			<Text>Foraging ineffectual. Belts tightened. Morale low.</Text>
		</Replace>
		<Replace Language='en_US' Tag="LOC_SCENARIO_AUSTRALIA_EVENT_EXPLORATION_FLOODPLAINS_JOURNAL_3">
			<Text>Swept out of camp in the night, presumed dead.</Text>
		</Replace>
		<Replace Language='en_US' Tag="LOC_SCENARIO_AUSTRALIA_EVENT_EXPLORATION_FLOODPLAINS_JOURNAL_4">
			<Text>No notable progress. Covered in flies. Morale low.</Text>
		</Replace>
		<Replace Language='en_US' Tag="LOC_SCENARIO_AUSTRALIA_EVENT_EXPLORATION_FLOODPLAINS_JOURNAL_5">
			<Text>Found crustaceans! Victuals replenished. Morale high.</Text>
		</Replace>
		<Replace Language='en_US' Tag="LOC_SCENARIO_AUSTRALIA_EVENT_EXPLORATION_MARSH_JOURNAL_1">
			<Text>Departed when we thought it sated. Misjudged, once.</Text>
		</Replace>
		<Replace Language='en_US' Tag="LOC_SCENARIO_AUSTRALIA_EVENT_EXPLORATION_MARSH_JOURNAL_2">
			<Text>The afflicted fled screaming into marsh. Presumed dead.</Text>
		</Replace>
		<Replace Language='en_US' Tag="LOC_SCENARIO_AUSTRALIA_EVENT_EXPLORATION_MARSH_JOURNAL_3">
			<Text>What horrors this inhospitable land contains!</Text>
		</Replace>
		<Replace Language='en_US' Tag="LOC_SCENARIO_AUSTRALIA_EVENT_EXPLORATION_MARSH_JOURNAL_4">
			<Text>A messy death followed complete paralysis.</Text>
		</Replace>
		<Replace Language='en_US' Tag="LOC_SCENARIO_AUSTRALIA_EVENT_EXPLORATION_MARSH_JOURNAL_5">
			<Text>Hours of hard travel. Found camp. Ours, from yesterday.</Text>
		</Replace>
		<Replace Language='en_US' Tag="LOC_SCENARIO_AUSTRALIA_EVENT_EXPLORATION_MARSH_JOURNAL_6">
			<Text>Bunyip claims is clear attempt to shirk. No progress.</Text>
		</Replace>
		<Replace Language='en_US' Tag="LOC_SCENARIO_AUSTRALIA_EVENT_EXPLORATION_OASIS_JOURNAL_1">
			<Text>Itching led to infection. Can't sleep or remain seated.</Text>
		</Replace>
		<Replace Language='en_US' Tag="LOC_SCENARIO_AUSTRALIA_EVENT_EXPLORATION_OASIS_JOURNAL_2">
			<Text>Expected to recover from water sickness. No progress.</Text>
		</Replace>
		<Replace Language='en_US' Tag="LOC_SCENARIO_AUSTRALIA_EVENT_EXPLORATION_OASIS_JOURNAL_3">
			<Text>Prudence suggests we extend our period of recuperation.</Text>
		</Replace>
		<Replace Language='en_US' Tag="LOC_SCENARIO_AUSTRALIA_EVENT_EXPLORATION_OASIS_JOURNAL_4">
			<Text>Enjoyable ablutions. Morale high.</Text>
		</Replace>
		<Replace Language='en_US' Tag="LOC_SCENARIO_AUSTRALIA_EVENT_EXPLORATION_OASIS_JOURNAL_5">
			<Text>Victuals replenished. Waterskins bulging. Morale high.</Text>
		</Replace>
		<Replace Language='en_US' Tag="LOC_SCENARIO_AUSTRALIA_EVENT_EXPLORATION_RAINFOREST_JOURNAL_1">
			<Text>Another dead for unknown reason from unfamiliar source.</Text>
		</Replace>
		<Replace Language='en_US' Tag="LOC_SCENARIO_AUSTRALIA_EVENT_EXPLORATION_RAINFOREST_JOURNAL_2">
			<Text>Throat cut by bird with razor claws. Death was quick.</Text>
		</Replace>
		<Replace Language='en_US' Tag="LOC_SCENARIO_AUSTRALIA_EVENT_EXPLORATION_RAINFOREST_JOURNAL_3">
			<Text>It's dengue. We all know how this ends. Morale low.</Text>
		</Replace>
		<Replace Language='en_US' Tag="LOC_SCENARIO_AUSTRALIA_EVENT_EXPLORATION_RAINFOREST_JOURNAL_4">
			<Text>Bedrolls unusable. Spent day smoking out the ants.</Text>
		</Replace>
		<Replace Language='en_US' Tag="LOC_SCENARIO_AUSTRALIA_EVENT_EXPLORATION_RAINFOREST_JOURNAL_5">
			<Text>Took copious notes. Naming rights shall be ours!</Text>
		</Replace>
		<Replace Language='en_US' Tag="LOC_SCENARIO_AUSTRALIA_EVENT_EXPLORATION_WOODS_JOURNAL_1">
			<Text>Reiterated the dangers of cornering snakes.</Text>
		</Replace>
		<Replace Language='en_US' Tag="LOC_SCENARIO_AUSTRALIA_EVENT_EXPLORATION_WOODS_JOURNAL_2">
			<Text>Horses unnerved. Burns salved. Eyebrows singed.</Text>
		</Replace>
		<Replace Language='en_US' Tag="LOC_SCENARIO_AUSTRALIA_EVENT_EXPLORATION_WOODS_JOURNAL_3">
			<Text>Eye lost. Orbit infected. Emu haunch offered to victim.</Text>
		</Replace>
		<Replace Language='en_US' Tag="LOC_SCENARIO_AUSTRALIA_EVENT_EXPLORATION_WOODS_JOURNAL_4">
			<Text>Lost a day to abject twaddle. Fools surround me.</Text>
		</Replace>
		<Replace Language='en_US' Tag="LOC_SCENARIO_AUSTRALIA_EVENT_EXPLORATION_WOODS_JOURNAL_5">
			<Text>Victuals replenished. Morale high.</Text>
		</Replace>
		<Replace Language='en_US' Tag="LOC_SCENARIO_AUSTRALIA_EVENT_EXPLORATION_ANY_JOURNAL_1">
			<Text>Severe injury due to vagaries of terrain.</Text>
		</Replace>
		<Replace Language='en_US' Tag="LOC_SCENARIO_AUSTRALIA_EVENT_EXPLORATION_ANY_JOURNAL_2">
			<Text>In desperate need of quality victuals.</Text>
		</Replace>
		<Replace Language='en_US' Tag="LOC_SCENARIO_AUSTRALIA_EVENT_EXPLORATION_ANY_JOURNAL_3">
			<Text>It came to blows, some of them serious. Morale low.</Text>
		</Replace>
		<Replace Language='en_US' Tag="LOC_SCENARIO_AUSTRALIA_EVENT_EXPLORATION_ANY_JOURNAL_4">
			<Text>Emphasized, with vehemence, the necessity of tethering.</Text>
		</Replace>
		<Replace Language='en_US' Tag="LOC_SCENARIO_AUSTRALIA_EVENT_EXPLORATION_ANY_JOURNAL_5">
			<Text>Found a hidden trail to expedite tomorrow's journey.</Text>
		</Replace>
		<Replace Language='en_US' Tag="LOC_SCENARIO_AUSTRALIA_EVENT_EXPLORATION_ANY_JOURNAL_6">
			<Text>Traded for fresh food and water. Ever onward.</Text>
		</Replace>
		<Replace Language='en_US' Tag="LOC_SCENARIO_AUSTRALIA_EVENT_EXPLORATION_ANY_JOURNAL_7">
			<Text>Found billabong, chased off dingoes, replenished water.</Text>
		</Replace>
		<Replace Language='en_US' Tag="LOC_SCENARIO_AUSTRALIA_EVENT_EXPLORATION_ANY_JOURNAL_8">
			<Text>Eventually reached agreement for shared naming rights.</Text>
		</Replace>
		<Replace Language='en_US' Tag="LOC_SCENARIO_AUSTRALIA_EVENT_EXPLORATION_ANY_JOURNAL_9">
			<Text>Some additional exploration needed. Location noted.</Text>
		</Replace>
		<Replace Language='en_US' Tag="LOC_SCENARIO_AUSTRALIA_EVENT_EXPLORATION_ANY_JOURNAL_10">
			<Text>Promise of reward has excited our numbers. Morale high.</Text>
		</Replace>
		<Replace Language='en_US' Tag="LOC_SCENARIO_AUSTRALIA_EVENT_EXPLORATION_ANY_JOURNAL_11">
			<Text>What luck! We have now doubled our fortunes.</Text>
		</Replace>
		<Replace Language='en_US' Tag="LOC_SCENARIO_AUSTRALIA_EVENT_EXPLORATION_ANY_JOURNAL_12">
			<Text>Hastily departed area to avoid further antagonization.</Text>
		</Replace>
		<Replace Language='en_US' Tag="LOC_SCENARIO_AUSTRALIA_EVENT_EXPLORATION_ANY_JOURNAL_13">
			<Text>Campfire embers began the blaze. Fled for our lives.</Text>
		</Replace>
		<Replace Language='en_US' Tag="LOC_SCENARIO_AUSTRALIA_EVENT_EXPLORATION_ANY_JOURNAL_14">
			<Text>Directed clan to nearest settlement. Onward.</Text>
		</Replace>
		<Replace Language='en_US' Tag="LOC_SCENARIO_AUSTRALIA_EVENT_EXPLORATION_ANY_JOURNAL_15">
			<Text>Trade refused, despite assurances. Departed soon after.</Text>
		</Replace>
	</LocalizedText>
</GameData>
