﻿<?xml version="1.0" encoding="utf-8"?>
<GameData>
  <LocalizedText>
    <Replace Tag="LOC_IMPROVEMENT_OUTBACK_STATION_NAME" Language="pt_BR">
      <Text>Estação do Outback|Estações do Outback</Text>
      <Gender>feminine</Gender>
      <Plurality>1|2</Plurality>
    </Replace>
    <Replace Tag="LOC_CIVILIZATION_AUSTRALIA_NAME" Language="pt_BR">
      <Text>Austrália</Text>
      <Gender>feminine</Gender>
      <Plurality>1</Plurality>
    </Replace>
    <Replace Tag="LOC_LEADER_JOHN_CURTIN_NAME" Language="pt_BR">
      <Text>John Curtin</Text>
      <Gender>masculine</Gender>
      <Plurality>1</Plurality>
    </Replace>
    <Replace Tag="LOC_TRAIT_CIVILIZATION_LAND_DOWN_UNDER_NAME" Language="pt_BR">
      <Text>Terra Lá Embaixo</Text>
    </Replace>
    <Replace Tag="LOC_TRAIT_CIVILIZATION_LAND_DOWN_UNDER_DESCRIPTION" Language="pt_BR">
      <Text>+3 de [ICON_Housing] habitação em cidades costeiras. Pastos ativam uma explosão cultural. Campi, Centros Comerciais, Locais Sagrados e Teatros têm ganhos de +1 em painéis de apelo de encantador, +3 em de tirar o fôlego. </Text>
    </Replace>
    <Replace Tag="LOC_IMPROVEMENT_OUTBACK_STATION_DESCRIPTION" Language="pt_BR">
      <Text>Desbloqueia a habilidade de Construtores para construir a Estação do Outback, exclusiva da Austrália.[NEWLINE][NEWLINE]+1 de [ICON_FOOD] alimento e +1 de [ICON_PRODUCTION] produção. +1 de [ICON_Food] alimento para cada Pasto adjacente. [ICON_FOOD] Alimento e [ICON_PRODUCTION] produção adicionais para Estações do Outback e Pastos conforme você avança pelas árvores de tecnologias e cívica. Só pode ser construído em painéis de deserto, desertos com colinas, pradaria e planícies.</Text>
    </Replace>
    <Replace Tag="LOC_LOADING_INFO_LEADER_JOHN_CURTIN" Language="pt_BR">
      <Text>Primeiro Ministro Curtin, você vai liderar a Austrália através de todos os desafios e seu povo vai se sair mais fortalecido disso. Outros buscarão sua amizade por sua força. Se esses amigos se provarem leais, sua magnitude e proteção vão te levar para longe. Mas fique vigilante, pois a agressão não é sua característica natural.</Text>
    </Replace>
    <Replace Tag="LOC_TRAIT_LEADER_CITADEL_CIVILIZATION_NAME" Language="pt_BR">
      <Text>Cidadela da Civilização</Text>
    </Replace>
    <Replace Tag="LOC_TRAIT_LEADER_CITADEL_CIVILIZATION_DESCRIPTION" Language="pt_BR">
      <Text>+100% de [ICON_Production] produção se eles tiverem recebido uma declaração de guerra nos últimos 10 turnos ou libertado uma cidade nos últimos 20 turnos.</Text>
    </Replace>
    <Replace Tag="LOC_UNIT_DIGGER_DESCRIPTION" Language="pt_BR">
      <Text>Unidade exclusiva australiana da Era Moderna que substitui a Infantaria. +10 de [ICON_Strength] força de combate quando lutar em painéis litorâneos. +5 de [ICON_Strength] força de combate quando lutar em território neutro ou estrangeiro.</Text>
    </Replace>
    <Replace Tag="LOC_ABILITY_DIGGER_NAME" Language="pt_BR">
      <Text>Digger</Text>
    </Replace>
    <Replace Tag="LOC_ABILITY_DIGGER_DESCRIPTION" Language="pt_BR">
      <Text>+10 de [ICON_Strength] força de combate quando lutar em painéis litorâneos. +5 de [ICON_Strength] força de combate quando lutar em território neutro ou estrangeiro.</Text>
    </Replace>
    <Replace Tag="LOC_TRAIT_LEADER_CITADEL_CIVILIZATION_EXPANSION2_DESCRIPTION" Language="pt_BR">
      <Text>+100% de [ICON_PRODUCTION] produção se eles tiverem recebido uma declaração de guerra ou libertado uma cidade nos últimos 10 turnos.</Text>
    </Replace>
    <Replace Tag="LOC_ABILITY_DIGGER_BONUS_ON_COAST_DESCRIPTION" Language="pt_BR">
      <Text>+{1_Amount} de força de combate em painéis litorâneos.</Text>
    </Replace>
    <Replace Tag="LOC_ABILITY_DIGGER_NON_DOMESTIC_BONUS_DESCRIPTION" Language="pt_BR">
      <Text>+{1_Amount} de força de combate fora de território amistoso.</Text>
    </Replace>
    <Replace Tag="LOC_UNIT_DIGGER_NAME" Language="pt_BR">
      <Text>Digger|Diggers</Text>
      <Gender>masculine</Gender>
      <Plurality>1|2</Plurality>
    </Replace>
    <Replace Tag="LOC_IMPROVEMENT_OUTBACK_STATION_NAME" Language="fr_FR">
      <Text>Élevage de l'Outback|Élevages de l'Outback</Text>
      <Gender>masculine:vowel</Gender>
      <Plurality>1|2</Plurality>
    </Replace>
    <Replace Tag="LOC_CIVILIZATION_AUSTRALIA_NAME" Language="fr_FR">
      <Text>Australie</Text>
      <Gender>feminine:vowel</Gender>
      <Plurality>1</Plurality>
    </Replace>
    <Replace Tag="LOC_LEADER_JOHN_CURTIN_NAME" Language="fr_FR">
      <Text>John Curtin</Text>
      <Gender>masculine:no_article</Gender>
      <Plurality>1</Plurality>
    </Replace>
    <Replace Tag="LOC_TRAIT_CIVILIZATION_LAND_DOWN_UNDER_NAME" Language="fr_FR">
      <Text>Terres australes</Text>
    </Replace>
    <Replace Tag="LOC_TRAIT_CIVILIZATION_LAND_DOWN_UNDER_DESCRIPTION" Language="fr_FR">
      <Text>[ICON_Housing] Habitations +3 pour les villes côtières. Les pâturages déclenchent une bombe culturelle. Rendements +2 pour les campus, plateformes commerciales, lieux saints et places du théâtre situés sur des cases à l'attrait charmant, +3 si l'attrait est époustouflant.</Text>
    </Replace>
    <Replace Tag="LOC_IMPROVEMENT_OUTBACK_STATION_DESCRIPTION" Language="fr_FR">
      <Text>Débloque la compétence de bâtisseur permettant de construire un élevage de l'Outback, exclusif à l'Australie. [NEWLINE][NEWLINE][ICON_FOOD] Nourriture +1 et [ICON_PRODUCTION] production +1. [ICON_Food] Nourriture +1 pour chaque pâturage adjacent. [ICON_FOOD] Nourriture et [ICON_PRODUCTION] production supplémentaires pour chaque élevage de l'Outback ou pâturage adjacent à mesure que vous progressez dans l'arbre des technologies et celui des dogmes. Ne peut être construit que sur un désert, une colline de désert, une prairie ou une plaine.</Text>
    </Replace>
    <Replace Tag="LOC_LOADING_INFO_LEADER_JOHN_CURTIN" Language="fr_FR">
      <Text>Premier ministre Curtin, vous aiderez l'Australie à surmonter de multiples défis, et votre peuple n'en sortira que plus fort. Certains rechercheront votre amitié devant votre puissance ; si ces amis se montrent loyaux, votre force et votre protection profiteront à tous. Mais restez vigilant, car l'agressivité n'est pas dans votre nature.</Text>
    </Replace>
    <Replace Tag="LOC_TRAIT_LEADER_CITADEL_CIVILIZATION_NAME" Language="fr_FR">
      <Text>Citadelle de civilisation</Text>
    </Replace>
    <Replace Tag="LOC_TRAIT_LEADER_CITADEL_CIVILIZATION_DESCRIPTION" Language="fr_FR">
      <Text>[ICON_Production] Production +100 % si la civilisation a reçu une déclaration de guerre depuis dix tours, ou si elle a libéré une ville depuis vingt tours.</Text>
    </Replace>
    <Replace Tag="LOC_UNIT_DIGGER_DESCRIPTION" Language="fr_FR">
      <Text>Exclusive à l'Australie, cette unité de l'ère moderne remplace l'infanterie. [ICON_Strength] Puissance de combat +10 sur les cases côtières. [ICON_Strength] Puissance de combat +5 en territoire neutre ou étranger.</Text>
    </Replace>
    <Replace Tag="LOC_ABILITY_DIGGER_NAME" Language="fr_FR">
      <Text>Digger</Text>
    </Replace>
    <Replace Tag="LOC_ABILITY_DIGGER_DESCRIPTION" Language="fr_FR">
      <Text>[ICON_Strength] Puissance de combat +10 sur les cases côtières. [ICON_Strength] Puissance de combat +5 en territoire neutre ou étranger.</Text>
    </Replace>
    <Replace Tag="LOC_TRAIT_LEADER_CITADEL_CIVILIZATION_EXPANSION2_DESCRIPTION" Language="fr_FR">
      <Text>[ICON_PRODUCTION] Production doublée si cette civilisation a reçu une déclaration de guerre ou a libéré une ville au cours des 10 derniers tours.</Text>
    </Replace>
    <Replace Tag="LOC_ABILITY_DIGGER_BONUS_ON_COAST_DESCRIPTION" Language="fr_FR">
      <Text>Puissance de combat +{1_Amount} sur les cases côtières.</Text>
    </Replace>
    <Replace Tag="LOC_ABILITY_DIGGER_NON_DOMESTIC_BONUS_DESCRIPTION" Language="fr_FR">
      <Text>Puissance de combat +{1_Amount} en dehors de tout territoire allié.</Text>
    </Replace>
    <Replace Tag="LOC_UNIT_DIGGER_NAME" Language="fr_FR">
      <Text>Digger|Diggers</Text>
      <Gender>masculine</Gender>
      <Plurality>1|2</Plurality>
    </Replace>
    <Replace Tag="LOC_IMPROVEMENT_OUTBACK_STATION_NAME" Language="de_DE">
      <Text>Outback-Station</Text>
      <Gender>feminine</Gender>
      <Plurality>1</Plurality>
    </Replace>
    <Replace Tag="LOC_CIVILIZATION_AUSTRALIA_NAME" Language="de_DE">
      <Text>Australien|Australien|Australien|Australiens|Australien</Text>
      <Gender>neuter:no_article</Gender>
      <Plurality>1</Plurality>
    </Replace>
    <Replace Tag="LOC_LEADER_JOHN_CURTIN_NAME" Language="de_DE">
      <Text>John Curtin</Text>
      <Gender>masculine:no_article</Gender>
      <Plurality>1</Plurality>
    </Replace>
    <Replace Tag="LOC_TRAIT_CIVILIZATION_LAND_DOWN_UNDER_NAME" Language="de_DE">
      <Text>Land Down Under</Text>
    </Replace>
    <Replace Tag="LOC_TRAIT_CIVILIZATION_LAND_DOWN_UNDER_DESCRIPTION" Language="de_DE">
      <Text>+3 [ICON_Housing] Wohnraum in Küstenstädten. Weiden lösen einen Kulturschock aus. Erträge von Campussen, Handelszentren, Heiligen Stätten und Theaterplätzen erhöhen sich um +1 auf Geländefeldern mit der Anziehungskraft 'Bezaubernd', oder um +3 auf Feldern mit der Anziehungskraft 'Atemberaubend'.</Text>
    </Replace>
    <Replace Tag="LOC_IMPROVEMENT_OUTBACK_STATION_DESCRIPTION" Language="de_DE">
      <Text>Schaltet die Handwerker-Fähigkeit zum Bau einer Outback-Station frei, die einzigartig für Australien ist.[NEWLINE][NEWLINE]+1 [ICON_FOOD] Nahrung und +1 [ICON_PRODUCTION] Produktion. +1 [ICON_Food] Nahrung für jede angrenzende Weide. Zusätzliche [ICON_FOOD] Nahrung und [ICON_PRODUCTION] Produktion beim Fortschritt im Technologie- und Ausrichtungsbaum für angrenzende Outback-Stationen und Weiden. Kann nur auf Geländefeldern mit Wüste, Wüstenhügeln, Grasland und Steppe gebaut werden.</Text>
    </Replace>
    <Replace Tag="LOC_LOADING_INFO_LEADER_JOHN_CURTIN" Language="de_DE">
      <Text>Premierminister Curtin, Ihr werdet Australien durch Herausforderung nach Herausforderung geleiten und Euer Volk wird immer stärker daraus hervorgehen. Aufgrund Eurer Stärke werden andere Eure Freundschaft suchen. Wenn diese Freunde sich als loyal erweisen, werden Eure Macht und Euer Schutz Euch weit tragen. Doch bleibt wachsam, denn Aggression ist nicht Euer natürlicher Weg.</Text>
    </Replace>
    <Replace Tag="LOC_TRAIT_LEADER_CITADEL_CIVILIZATION_NAME" Language="de_DE">
      <Text>Festung der Zivilisation</Text>
    </Replace>
    <Replace Tag="LOC_TRAIT_LEADER_CITADEL_CIVILIZATION_DESCRIPTION" Language="de_DE">
      <Text>+100% [ICON_Production] Produktion, wenn Ihr entweder in den letzten 10 Runden eine Kriegserklärung erhaltet, oder in den letzten 20 Runden eine Stadt befreit habt.</Text>
    </Replace>
    <Replace Tag="LOC_UNIT_DIGGER_DESCRIPTION" Language="de_DE">
      <Text>Australische Spezialeinheit der Moderne, welche die Infanterie ersetzt. +10 [ICON_Strength] Kampfstärke beim Kampf auf Küsten-Geländefeldern. +5 [ICON_Strength] Kampfstärke beim Kampf auf neutralem oder fremdem Gebiet.</Text>
    </Replace>
    <Replace Tag="LOC_ABILITY_DIGGER_NAME" Language="de_DE">
      <Text>Digger</Text>
    </Replace>
    <Replace Tag="LOC_ABILITY_DIGGER_DESCRIPTION" Language="de_DE">
      <Text>+10 [ICON_Strength] Kampfstärke beim Kampf auf Geländefeldern mit Küste. +5 [ICON_Strength] Kampfstärke beim Kampf in neutralem oder fremdem Territorium.</Text>
    </Replace>
    <Replace Tag="LOC_TRAIT_LEADER_CITADEL_CIVILIZATION_EXPANSION2_DESCRIPTION" Language="de_DE">
      <Text>+100% [ICON_PRODUCTION] Produktion, wenn Ihr entweder in den letzten 10 Runden eine Kriegserklärung erhalten oder eine Stadt befreit habt.</Text>
    </Replace>
    <Replace Tag="LOC_ABILITY_DIGGER_BONUS_ON_COAST_DESCRIPTION" Language="de_DE">
      <Text>+{1_Amount} Kampfstärke auf Küsten-Geländefeldern</Text>
    </Replace>
    <Replace Tag="LOC_ABILITY_DIGGER_NON_DOMESTIC_BONUS_DESCRIPTION" Language="de_DE">
      <Text>+{1_Amount} Kampfstärke außerhalb freundlich gesinnten Gebiets</Text>
    </Replace>
    <Replace Tag="LOC_UNIT_DIGGER_NAME" Language="de_DE">
      <Text>Digger|Digger|Digger|Diggers|Digger</Text>
      <Gender>masculine</Gender>
      <Plurality>1</Plurality>
    </Replace>
    <Replace Tag="LOC_IMPROVEMENT_OUTBACK_STATION_NAME" Language="it_IT">
      <Text>Allevamento nell'Outback|l'Allevamento nell'Outback|un Allevamento nell'Outback</Text>
      <Gender>masculine</Gender>
      <Plurality>1</Plurality>
    </Replace>
    <Replace Tag="LOC_CIVILIZATION_AUSTRALIA_NAME" Language="it_IT">
      <Text>Australia|dell'Australia|all'Australia|l'Australia|dall'Australia</Text>
      <Gender>feminine</Gender>
      <Plurality>1</Plurality>
    </Replace>
    <Replace Tag="LOC_LEADER_JOHN_CURTIN_NAME" Language="it_IT">
      <Text>John Curtin|di John Curtin|a John Curtin|John Curtin|da John Curtin</Text>
      <Gender>masculine</Gender>
      <Plurality>1</Plurality>
    </Replace>
    <Replace Tag="LOC_TRAIT_CIVILIZATION_LAND_DOWN_UNDER_NAME" Language="it_IT">
      <Text>Il paese agli antipodi</Text>
    </Replace>
    <Replace Tag="LOC_TRAIT_CIVILIZATION_LAND_DOWN_UNDER_DESCRIPTION" Language="it_IT">
      <Text>+3 [ICON_Housing] Abitazioni nelle città sulla costa. I Pascoli fanno scattare una Bomba culturale. Le rese da Campus, Snodi commerciali, Luoghi Santi e Piazze del Teatro ricevono +1 nelle caselle con Appeal Delizioso, +3 nelle caselle con Appeal Mozzafiato. </Text>
    </Replace>
    <Replace Tag="LOC_IMPROVEMENT_OUTBACK_STATION_DESCRIPTION" Language="it_IT">
      <Text>Sblocca l'abilità dei Costruttori di creare un Allevamento nell'Outback, esclusivo dell'Australia.[NEWLINE][NEWLINE]+1 [ICON_FOOD] Cibo e +1 [ICON_PRODUCTION] Produzione. +1 [ICON_FOOD] Cibo per ogni Pascolo adiacente. Bonus aggiuntivi di [ICON_FOOD] Cibo e [ICON_PRODUCTION] Produzione per ogni Pascolo e Allevamento nell'Outback adiacenti man mano che percorri l'Albero delle tecnologie e quello dei Progressi civici. Può essere costruito solo su caselle di deserto, deserto con colline, pianura o prateria.</Text>
    </Replace>
    <Replace Tag="LOC_LOADING_INFO_LEADER_JOHN_CURTIN" Language="it_IT">
      <Text>Primo ministro Curtin, tu condurrai l'Australia attraverso mille insidie, e da ognuna di esse il tuo popolo emergerà più forte di prima. Altri leader cercheranno di farti amico per approfittare della tua forza. Se questi amici si dimostreranno leali, la tua protezione vi farà percorrere molta strada. Ma stai sempre all'erta, perché l'aggressività non ti si addice.</Text>
    </Replace>
    <Replace Tag="LOC_TRAIT_LEADER_CITADEL_CIVILIZATION_NAME" Language="it_IT">
      <Text>Baluardo di civiltà</Text>
    </Replace>
    <Replace Tag="LOC_TRAIT_LEADER_CITADEL_CIVILIZATION_DESCRIPTION" Language="it_IT">
      <Text>+100% alla [ICON_Production] Produzione se ha ricevuto una dichiarazione di guerra negli ultimi 10 turni o ha liberato una città negli ultimi 20 turni.</Text>
    </Replace>
    <Replace Tag="LOC_UNIT_DIGGER_DESCRIPTION" Language="it_IT">
      <Text>Unità esclusiva australiana di epoca moderna che sostituisce la Fanteria. +10 alla [ICON_Strength] Forza di combattimento nelle caselle costiere. +5 alla [ICON_Strength] Forza di combattimento in territorio straniero o neutrale.</Text>
    </Replace>
    <Replace Tag="LOC_ABILITY_DIGGER_NAME" Language="it_IT">
      <Text>Digger</Text>
    </Replace>
    <Replace Tag="LOC_ABILITY_DIGGER_DESCRIPTION" Language="it_IT">
      <Text>+10 alla [ICON_Strength] Forza di combattimento nelle caselle costiere. +5 alla [ICON_Strength] Forza di combattimento in territorio straniero o neutrale.</Text>
    </Replace>
    <Replace Tag="LOC_TRAIT_LEADER_CITADEL_CIVILIZATION_EXPANSION2_DESCRIPTION" Language="it_IT">
      <Text>+100% alla [ICON_PRODUCTION] Produzione se ha ricevuto una dichiarazione di guerra o ha liberato una città negli ultimi 10 turni.</Text>
    </Replace>
    <Replace Tag="LOC_ABILITY_DIGGER_BONUS_ON_COAST_DESCRIPTION" Language="it_IT">
      <Text>+{1_Amount} alla Forza di combattimento nelle caselle costiere</Text>
    </Replace>
    <Replace Tag="LOC_ABILITY_DIGGER_NON_DOMESTIC_BONUS_DESCRIPTION" Language="it_IT">
      <Text>+{1_Amount} alla Forza di combattimento al di fuori dei territori amici</Text>
    </Replace>
    <Replace Tag="LOC_UNIT_DIGGER_NAME" Language="it_IT">
      <Text>Digger|un Digger|dal tuo Digger|al tuo Digger|il tuo Digger|da un Digger</Text>
      <Gender>masculine</Gender>
      <Plurality>1</Plurality>
    </Replace>
    <Replace Tag="LOC_IMPROVEMENT_OUTBACK_STATION_NAME" Language="ja_JP">
      <Text>アウトバックステーション</Text>
    </Replace>
    <Replace Tag="LOC_CIVILIZATION_AUSTRALIA_NAME" Language="ja_JP">
      <Text>オーストラリア</Text>
    </Replace>
    <Replace Tag="LOC_LEADER_JOHN_CURTIN_NAME" Language="ja_JP">
      <Text>ジョン・カーティン</Text>
    </Replace>
    <Replace Tag="LOC_TRAIT_CIVILIZATION_LAND_DOWN_UNDER_NAME" Language="ja_JP">
      <Text>地球の裏側</Text>
    </Replace>
    <Replace Tag="LOC_TRAIT_CIVILIZATION_LAND_DOWN_UNDER_DESCRIPTION" Language="ja_JP">
      <Text>沿岸都市の [ICON_Housing] 住宅+3。牧草地が文化爆弾を発動させる。キャンパス、商業ハブ、聖地、劇場広場からの産出量は、アピールが「素敵」以上のタイルにある場合+1、「最高」のタイルにある場合+3。</Text>
    </Replace>
    <Replace Tag="LOC_IMPROVEMENT_OUTBACK_STATION_DESCRIPTION" Language="ja_JP">
      <Text>労働者がオーストラリア固有の施設「アウトバックステーション」を建設できるようになる。[NEWLINE][NEWLINE][ICON_FOOD] 食料+1、 [ICON_PRODUCTION] 生産力+1。隣接する牧草地1つにつき [ICON_Food] 食料+1。技術ツリーと社会制度ツリーの発展にともない、隣接するアウトバックステーションと牧草地の [ICON_FOOD] 食料と [ICON_PRODUCTION] 生産力がさらに増加する。砂漠、砂漠 (丘陵)、草原、平原にのみ建設可能。</Text>
    </Replace>
    <Replace Tag="LOC_LOADING_INFO_LEADER_JOHN_CURTIN" Language="ja_JP">
      <Text>オーストラリア首相カーティンよ、さまざまな試練に挑むことで貴方は民に新たな強さをもたらすだろう。貴方の力を求める者は多い。しかるべき友好関係を築ければ、その力はさらに増すだろう。だが気を緩めてはならない。強引な政策は貴方の本分ではないのだから。</Text>
    </Replace>
    <Replace Tag="LOC_TRAIT_LEADER_CITADEL_CIVILIZATION_NAME" Language="ja_JP">
      <Text>文明の砦</Text>
    </Replace>
    <Replace Tag="LOC_TRAIT_LEADER_CITADEL_CIVILIZATION_DESCRIPTION" Language="ja_JP">
      <Text>過去10ターンに宣戦布告を受けるか、あるいは過去20ターンに都市を解放すると、 [ICON_Production] 生産力+100%。</Text>
    </Replace>
    <Replace Tag="LOC_UNIT_DIGGER_DESCRIPTION" Language="ja_JP">
      <Text>歩兵に代わるオーストラリア固有の近代ユニット。沿岸タイルでの戦闘で [ICON_Strength] 戦闘力+10。中立か他国の領土での戦闘で [ICON_Strength] 戦闘力+5。</Text>
    </Replace>
    <Replace Tag="LOC_ABILITY_DIGGER_NAME" Language="ja_JP">
      <Text>ディガー</Text>
    </Replace>
    <Replace Tag="LOC_ABILITY_DIGGER_DESCRIPTION" Language="ja_JP">
      <Text>沿岸タイルでの戦闘時、 [ICON_Strength] 戦闘力+10。中立か他国の領土での戦闘時、 [ICON_Strength] 戦闘力+5。</Text>
    </Replace>
    <Replace Tag="LOC_TRAIT_LEADER_CITADEL_CIVILIZATION_EXPANSION2_DESCRIPTION" Language="ja_JP">
      <Text>過去10ターンの間に宣戦を布告された場合や都市を解放した場合、 [ICON_PRODUCTION] 生産力+100%。</Text>
    </Replace>
    <Replace Tag="LOC_ABILITY_DIGGER_BONUS_ON_COAST_DESCRIPTION" Language="ja_JP">
      <Text>沿岸タイルでの戦闘力+{1_Amount}</Text>
    </Replace>
    <Replace Tag="LOC_ABILITY_DIGGER_NON_DOMESTIC_BONUS_DESCRIPTION" Language="ja_JP">
      <Text>友好的な領土外での戦闘力+{1_Amount}</Text>
    </Replace>
    <Replace Tag="LOC_UNIT_DIGGER_NAME" Language="ja_JP">
      <Text>ディガー</Text>
    </Replace>
    <Replace Tag="LOC_IMPROVEMENT_OUTBACK_STATION_NAME" Language="ko_KR">
      <Text>아웃백 목장</Text>
    </Replace>
    <Replace Tag="LOC_CIVILIZATION_AUSTRALIA_NAME" Language="ko_KR">
      <Text>호주</Text>
    </Replace>
    <Replace Tag="LOC_LEADER_JOHN_CURTIN_NAME" Language="ko_KR">
      <Text>존 커틴</Text>
    </Replace>
    <Replace Tag="LOC_TRAIT_CIVILIZATION_LAND_DOWN_UNDER_NAME" Language="ko_KR">
      <Text>남쪽의 땅</Text>
    </Replace>
    <Replace Tag="LOC_TRAIT_CIVILIZATION_LAND_DOWN_UNDER_DESCRIPTION" Language="ko_KR">
      <Text>해안가에 위치한 도시에 [ICON_Housing] 주거공간 +3을 제공합니다. 목장은 문화 폭탄을 촉발합니다. 캠퍼스, 상업 중심지, 성지 및 극장가가 멋진 매력도 타일에 위치한 경우 관련 생산량 +1, 놀라운 매력도에 위치한 경우 관련 생산량 +3을 제공합니다. </Text>
    </Replace>
    <Replace Tag="LOC_IMPROVEMENT_OUTBACK_STATION_DESCRIPTION" Language="ko_KR">
      <Text>호주 특유의 아웃백 목장을 지을 수 있는 건설자의 능력을 잠금 해제합니다.[NEWLINE][NEWLINE][ICON_FOOD] 식량 +1 및 [ICON_PRODUCTION] 생산력 +1을 제공합니다. 인접한 목장마다 [ICON_Food] 식량 +1을 제공합니다. 기술 발전표 및 사회 제도표의 진전에 따라 인접 아웃백 목장 및 목장에 추가 [ICON_FOOD] 식량 및 [ICON_PRODUCTION] 생산력을 제공합니다. 사막, 사막 언덕, 초원 및 평원 타일에만 지을 수 있습니다.</Text>
    </Replace>
    <Replace Tag="LOC_LOADING_INFO_LEADER_JOHN_CURTIN" Language="ko_KR">
      <Text>커틴 총리시여, 당신은 되풀이되는 도전 속에서도 호주를 이끌어 나갈 것이며, 당신의 백성은 그로 인해 더 강해질 것입니다. 당신이 가진 힘 때문에 다른 이가 친구처럼 다가올 수 있습니다. 이 친구들이 충성스럽다면, 당신의 힘과 보호로 모두가 오랫동안 버틸 수 있습니다. 하지만 당신의 본성은 공격적이지 않기에 조금도 방심하면 안 됩니다.</Text>
    </Replace>
    <Replace Tag="LOC_TRAIT_LEADER_CITADEL_CIVILIZATION_NAME" Language="ko_KR">
      <Text>문명의 거점</Text>
    </Replace>
    <Replace Tag="LOC_TRAIT_LEADER_CITADEL_CIVILIZATION_DESCRIPTION" Language="ko_KR">
      <Text>이전 10턴 중 전쟁 선포를 받거나 이전 20턴 중 도시를 해방했다면 [ICON_Production] 생산력 +100%를 제공합니다.</Text>
    </Replace>
    <Replace Tag="LOC_UNIT_DIGGER_DESCRIPTION" Language="ko_KR">
      <Text>보병을 대체하는 호주 특유의 현대 시대 유닛입니다. 해안가 타일에서 전투 시 [ICON_Strength] 전투력 +10을 획득하고, 중립 지역 또는 외국 영토에서 전투 시 [ICON_Strength] 전투력 +5를 획득합니다.</Text>
    </Replace>
    <Replace Tag="LOC_ABILITY_DIGGER_NAME" Language="ko_KR">
      <Text>디거</Text>
    </Replace>
    <Replace Tag="LOC_ABILITY_DIGGER_DESCRIPTION" Language="ko_KR">
      <Text>해안가 타일에서 전투 시 [ICON_Strength] 전투력 +10. 중립 또는 외국 영토에서 전투 시 [ICON_Strength] 전투력 +5.</Text>
    </Replace>
    <Replace Tag="LOC_TRAIT_LEADER_CITADEL_CIVILIZATION_EXPANSION2_DESCRIPTION" Language="ko_KR">
      <Text>이전 10턴 중 전쟁 선포를 받거나 도시를 해방했다면 [ICON_PRODUCTION] 생산력 +100%를 제공합니다.</Text>
    </Replace>
    <Replace Tag="LOC_ABILITY_DIGGER_BONUS_ON_COAST_DESCRIPTION" Language="ko_KR">
      <Text>해안가 타일에서 전투력 +{1_Amount}</Text>
    </Replace>
    <Replace Tag="LOC_ABILITY_DIGGER_NON_DOMESTIC_BONUS_DESCRIPTION" Language="ko_KR">
      <Text>우호적 영토 밖에서 전투력 +{1_Amount}</Text>
    </Replace>
    <Replace Tag="LOC_UNIT_DIGGER_NAME" Language="ko_KR">
      <Text>디거</Text>
    </Replace>
    <Replace Tag="LOC_IMPROVEMENT_OUTBACK_STATION_NAME" Language="pl_PL">
      <Text>Gospodarstwo hodowlane|Gospodarstwa hodowlanego|Gospodarstwu hodowlanemu|Gospodarstwo hodowlane|Gospodarstwem hodowlanym|Gospodarstwie hodowlanym|gospodarstwo hodowlane|gospodarstwa hodowlanego|gospodarstwu hodowlanemu|gospodarstwo hodowlane|gospodarstwem hodowlanym|gospodarstwie hodowlanym</Text>
      <Gender>neuter</Gender>
      <Plurality>1</Plurality>
    </Replace>
    <Replace Tag="LOC_CIVILIZATION_AUSTRALIA_NAME" Language="pl_PL">
      <Text>Australia|Australii|Australii|Australię|Australią|Australii|Australia|Australii|Australii|Australię|Australią|Australii</Text>
      <Gender>feminine</Gender>
      <Plurality>1</Plurality>
    </Replace>
    <Replace Tag="LOC_LEADER_JOHN_CURTIN_NAME" Language="pl_PL">
      <Text>John Curtin|Johna Curtina|Johnowi Curtinowi|Johna Curtina|Johnem Curtinem|Johnie Curtinie|John Curtin|Johna Curtina|Johnowi Curtinowi|Johna Curtina|Johnem Curtinem|Johnie Curtinie</Text>
      <Gender>masculine</Gender>
      <Plurality>1</Plurality>
    </Replace>
    <Replace Tag="LOC_TRAIT_CIVILIZATION_LAND_DOWN_UNDER_NAME" Language="pl_PL">
      <Text>Antypody</Text>
    </Replace>
    <Replace Tag="LOC_TRAIT_CIVILIZATION_LAND_DOWN_UNDER_DESCRIPTION" Language="pl_PL">
      <Text>+3 do [ICON_Housing] obszarów mieszkalnych nadmorskich miast. Pastwiska uruchamiają bombę kulturową. +1 do przychodów z kampusów, dzielnic biznesowych, dzielnic świątynnych i dzielnic kulturalnych na polach o czarującym poziomie atrakcyjności i +3 na polach o poziomie niesamowitym.  </Text>
    </Replace>
    <Replace Tag="LOC_IMPROVEMENT_OUTBACK_STATION_DESCRIPTION" Language="pl_PL">
      <Text>Odblokowuje zdolność budowniczych pozwalającą wznieść gospodarstwo hodowlane, dostępne tylko w Australii.[NEWLINE][NEWLINE]+1 do [ICON_FOOD] żywności i +1 do [ICON_PRODUCTION] produkcji. +1 do [ICON_FOOD] żywności za każde sąsiadujące pastwisko. Dodatkowa [ICON_FOOD] żywność i [ICON_PRODUCTION] produkcja za sąsiadujące gospodarstwa hodowlane i pastwiska wraz z postępami na drzewach technologii i idei. Można zbudować tylko na pustyni, wzgórzach na pustyni, łąkach i równinach.</Text>
    </Replace>
    <Replace Tag="LOC_LOADING_INFO_LEADER_JOHN_CURTIN" Language="pl_PL">
      <Text>Premierze Curtin, pomożesz Australii sprostać wielu wyzwaniom, dzięki którym twój naród stanie się silniejszy. Inni będą pragnąć przyjaźni z twym silnym państwem. Jeśli okażą się lojalni, twoja potęga i ochrona zaprowadzi was wszystkich daleko. Zachowaj jednak ostrożność, agresja bowiem nie jest częścią twojej natury.</Text>
    </Replace>
    <Replace Tag="LOC_TRAIT_LEADER_CITADEL_CIVILIZATION_NAME" Language="pl_PL">
      <Text>Cytadela cywilizacji</Text>
    </Replace>
    <Replace Tag="LOC_TRAIT_LEADER_CITADEL_CIVILIZATION_DESCRIPTION" Language="pl_PL">
      <Text>+100% do [ICON_Production] produkcji, jeśli w ciągu ostatnich 10 tur wypowiedziano im wojnę lub jeśli w ciągu ostatnich 20 tur wyzwolili miasto.</Text>
    </Replace>
    <Replace Tag="LOC_UNIT_DIGGER_DESCRIPTION" Language="pl_PL">
      <Text>Współczesna jednostka dostępna wyłącznie dla Australii zastępująca piechurów. +10 do [ICON_Strength] siły bojowej podczas walki na polach wybrzeża. +5 do [ICON_Strength] siły bojowej podczas walki na neutralnym i obcym terytorium.</Text>
    </Replace>
    <Replace Tag="LOC_ABILITY_DIGGER_NAME" Language="pl_PL">
      <Text>Digger</Text>
    </Replace>
    <Replace Tag="LOC_ABILITY_DIGGER_DESCRIPTION" Language="pl_PL">
      <Text>+10 do [ICON_Strength] siły bojowej podczas walki na polach wybrzeża. +5 do [ICON_Strength] siły bojowej podczas walki na neutralnym i obcym terytorium.</Text>
    </Replace>
    <Replace Tag="LOC_TRAIT_LEADER_CITADEL_CIVILIZATION_EXPANSION2_DESCRIPTION" Language="pl_PL">
      <Text>+100% do [ICON_Production] produkcji, jeśli w ciągu ostatnich 10 tur wypowiedziano im wojnę lub jeśli w ciągu ostatnich 10 tur wyzwolili miasto.</Text>
    </Replace>
    <Replace Tag="LOC_ABILITY_DIGGER_BONUS_ON_COAST_DESCRIPTION" Language="pl_PL">
      <Text>+{1_Amount} do siły bojowej na polach wybrzeża</Text>
    </Replace>
    <Replace Tag="LOC_ABILITY_DIGGER_NON_DOMESTIC_BONUS_DESCRIPTION" Language="pl_PL">
      <Text>+{1_Amount} do siły bojowej poza przyjaznym terytorium</Text>
    </Replace>
    <Replace Tag="LOC_UNIT_DIGGER_NAME" Language="pl_PL">
      <Text>Digger|Diggera|Diggerowi|Diggera|Diggerem|Diggerze|digger|diggera|diggerowi|diggera|diggerem|diggerze</Text>
      <Gender>masculine</Gender>
      <Plurality>1</Plurality>
    </Replace>
    <Replace Tag="LOC_IMPROVEMENT_OUTBACK_STATION_NAME" Language="ru_RU">
      <Text>Скотоводческая ферма|скотоводческой фермы|скотоводческой ферме|скотоводческую ферму|скотоводческой фермой|скотоводческой ферме</Text>
      <Gender>feminine</Gender>
      <Plurality>1</Plurality>
    </Replace>
    <Replace Tag="LOC_CIVILIZATION_AUSTRALIA_NAME" Language="ru_RU">
      <Text>Австралия|Австралии|Австралии|Австралию|Австралией|Австралии</Text>
      <Gender>feminine</Gender>
      <Plurality>1</Plurality>
    </Replace>
    <Replace Tag="LOC_LEADER_JOHN_CURTIN_NAME" Language="ru_RU">
      <Text>Джон Кэртин|Джона Кэртина|Джону Кэртину|Джона Кэртина|Джоном Кэртиным|Джоне Кэртине</Text>
      <Gender>masculine</Gender>
      <Plurality>1</Plurality>
    </Replace>
    <Replace Tag="LOC_TRAIT_CIVILIZATION_LAND_DOWN_UNDER_NAME" Language="ru_RU">
      <Text>Земля антиподов</Text>
    </Replace>
    <Replace Tag="LOC_TRAIT_CIVILIZATION_LAND_DOWN_UNDER_DESCRIPTION" Language="ru_RU">
      <Text>+3 [ICON_Housing] жилья в прибрежных городах. Пастбища активируют культурный захват. +1 дохода от кампусов, центров коммерции, священных мест и театральных площадей на клетках с притягивающим престижем, +3 – на клетках с потрясающим престижем. </Text>
    </Replace>
    <Replace Tag="LOC_IMPROVEMENT_OUTBACK_STATION_DESCRIPTION" Language="ru_RU">
      <Text>Позволяет строителям строить уникальное австралийское здание – скотоводческую ферму.[NEWLINE][NEWLINE]+1 [ICON_FOOD] пищи и +1 [ICON_PRODUCTION] производства. +1 [ICON_Food] пищи за каждое соседнее пастбище. Дополнительная [ICON_FOOD] пища и [ICON_PRODUCTION] производство за соседние скотоводческие фермы и пастбища по мере вашего продвижения по дереву технологий и социальных институтов. Можно строить только на клетках пустыни, пустынных холмов, лугов и равнин.</Text>
    </Replace>
    <Replace Tag="LOC_LOADING_INFO_LEADER_JOHN_CURTIN" Language="ru_RU">
      <Text>Премьер-министр Кэртин, вам предстоит возглавить Австралию в трудное время, но испытания лишь сделают ваш народ сильнее. Многих привлечет ваша сила; выберите надежных друзей, чтобы их верность и ваше могущество сделали путь легче. И помните: агрессия – не лучший выбор.</Text>
    </Replace>
    <Replace Tag="LOC_TRAIT_LEADER_CITADEL_CIVILIZATION_NAME" Language="ru_RU">
      <Text>Оплот цивилизации</Text>
    </Replace>
    <Replace Tag="LOC_TRAIT_LEADER_CITADEL_CIVILIZATION_DESCRIPTION" Language="ru_RU">
      <Text>+100% [ICON_Production] производства, если Австралии была объявлена война в течение последних 10 ходов или же если они освободили город в течение последних 20 ходов.</Text>
    </Replace>
    <Replace Tag="LOC_UNIT_DIGGER_DESCRIPTION" Language="ru_RU">
      <Text>Уникальный австралийский юнит Нового времени, заменяющий пехоту. +10 к [ICON_Strength] боевой мощи в бою на прибрежных клетках. +5 к [ICON_Strength] боевой мощи в бою на нейтральной или чужой территории.</Text>
    </Replace>
    <Replace Tag="LOC_ABILITY_DIGGER_NAME" Language="ru_RU">
      <Text>Диггер</Text>
    </Replace>
    <Replace Tag="LOC_ABILITY_DIGGER_DESCRIPTION" Language="ru_RU">
      <Text>+10 к [ICON_Strength] боевой мощи в бою на прибрежных клетках. +5 к [ICON_Strength] боевой мощи в бою на нейтральной или чужой территории.</Text>
    </Replace>
    <Replace Tag="LOC_TRAIT_LEADER_CITADEL_CIVILIZATION_EXPANSION2_DESCRIPTION" Language="ru_RU">
      <Text>+100% [ICON_PRODUCTION] производства, если получает сообщение об объявлении войны и в течение 10 ходов после освобождения города.</Text>
    </Replace>
    <Replace Tag="LOC_ABILITY_DIGGER_BONUS_ON_COAST_DESCRIPTION" Language="ru_RU">
      <Text>+{1_Amount} к боевой мощи на прибрежных клетках</Text>
    </Replace>
    <Replace Tag="LOC_ABILITY_DIGGER_NON_DOMESTIC_BONUS_DESCRIPTION" Language="ru_RU">
      <Text>+{1_Amount} к боевой мощи за пределами дружественной территории</Text>
    </Replace>
    <Replace Tag="LOC_UNIT_DIGGER_NAME" Language="ru_RU">
      <Text>Диггер|диггера|диггеру|диггера|диггером|диггере</Text>
      <Gender>masculine</Gender>
      <Plurality>1</Plurality>
    </Replace>
    <Replace Tag="LOC_IMPROVEMENT_OUTBACK_STATION_NAME" Language="zh_Hans_CN">
      <Text>内陆牧场</Text>
    </Replace>
    <Replace Tag="LOC_CIVILIZATION_AUSTRALIA_NAME" Language="zh_Hans_CN">
      <Text>澳大利亚</Text>
    </Replace>
    <Replace Tag="LOC_LEADER_JOHN_CURTIN_NAME" Language="zh_Hans_CN">
      <Text>约翰·科廷</Text>
    </Replace>
    <Replace Tag="LOC_TRAIT_CIVILIZATION_LAND_DOWN_UNDER_NAME" Language="zh_Hans_CN">
      <Text>南方大陆</Text>
    </Replace>
    <Replace Tag="LOC_TRAIT_CIVILIZATION_LAND_DOWN_UNDER_DESCRIPTION" Language="zh_Hans_CN">
      <Text>为所有海岸城市+3 [ICON_Housing] 住房。牧场可触发文化炸弹。拥有迷人魅力的单元格中的学院、商业中心、圣地和剧院的产出+1；惊艳的单元格则产出+3。 </Text>
    </Replace>
    <Replace Tag="LOC_IMPROVEMENT_OUTBACK_STATION_DESCRIPTION" Language="zh_Hans_CN">
      <Text>解锁建造者修建澳大利亚特色改良设施内陆牧场的能力。[NEWLINE][NEWLINE][ICON_FOOD] 食物+1和 [ICON_PRODUCTION] 生产力+1。每个相邻牧场 [ICON_Food] 食物+1。在科技和市政树中完成更多解锁后每个相邻内陆牧场和牧场将获得更多 [ICON_FOOD] 食物和 [ICON_PRODUCTION] 生产力。只能建在沙漠、沙漠丘陵、草原和平原单元格上。</Text>
    </Replace>
    <Replace Tag="LOC_LOADING_INFO_LEADER_JOHN_CURTIN" Language="zh_Hans_CN">
      <Text>科廷总理，您将带领澳大利亚迎接一个又一个挑战，您的人民会由此变得更强大。为了获得您的力量，其他人想和您建立友谊关系。如果这都是一些忠诚的朋友，您的能力和保护将让您取得更大成就。但需要保持警惕，因为您天生并不是天生好战。</Text>
    </Replace>
    <Replace Tag="LOC_TRAIT_LEADER_CITADEL_CIVILIZATION_NAME" Language="zh_Hans_CN">
      <Text>文明的大本营</Text>
    </Replace>
    <Replace Tag="LOC_TRAIT_LEADER_CITADEL_CIVILIZATION_DESCRIPTION" Language="zh_Hans_CN">
      <Text>如他们在过去10回合内收到宣战书（或在过去20回合内解放一座城市），则+100% [ICON_Production] 生产力。</Text>
    </Replace>
    <Replace Tag="LOC_UNIT_DIGGER_DESCRIPTION" Language="zh_Hans_CN">
      <Text>澳大利亚特色的现代单位，替代步兵。在海岸单元格上作战时+10 [ICON_Strength] 战斗力。在中立或外国领土上作战时+5 [ICON_Strength] 战斗力。</Text>
    </Replace>
    <Replace Tag="LOC_ABILITY_DIGGER_NAME" Language="zh_Hans_CN">
      <Text>矿工军团</Text>
    </Replace>
    <Replace Tag="LOC_ABILITY_DIGGER_DESCRIPTION" Language="zh_Hans_CN">
      <Text>在海岸单元格上作战时+10 [ICON_Strength] 战斗力。在中立或外国领土上作战时+5 [ICON_Strength] 战斗力。</Text>
    </Replace>
    <Replace Tag="LOC_TRAIT_LEADER_CITADEL_CIVILIZATION_EXPANSION2_DESCRIPTION" Language="zh_Hans_CN">
      <Text>若其在过去10回合内遭到宣战或曾解放城市，则+100% [ICON_PRODUCTION] 生产力。</Text>
    </Replace>
    <Replace Tag="LOC_ABILITY_DIGGER_BONUS_ON_COAST_DESCRIPTION" Language="zh_Hans_CN">
      <Text>在海岸单元格上+{1_Amount}战斗力</Text>
    </Replace>
    <Replace Tag="LOC_ABILITY_DIGGER_NON_DOMESTIC_BONUS_DESCRIPTION" Language="zh_Hans_CN">
      <Text>在友方领土外+{1_Amount}战斗力</Text>
    </Replace>
    <Replace Tag="LOC_UNIT_DIGGER_NAME" Language="zh_Hans_CN">
      <Text>矿工军团</Text>
    </Replace>
    <Replace Tag="LOC_IMPROVEMENT_OUTBACK_STATION_NAME" Language="es_ES">
      <Text>Station del Outback|Stations del Outback </Text>
      <Gender>feminine</Gender>
      <Plurality>1|2</Plurality>
    </Replace>
    <Replace Tag="LOC_CIVILIZATION_AUSTRALIA_NAME" Language="es_ES">
      <Text>Australia</Text>
      <Gender>feminine</Gender>
      <Plurality>1</Plurality>
    </Replace>
    <Replace Tag="LOC_LEADER_JOHN_CURTIN_NAME" Language="es_ES">
      <Text>John Curtin</Text>
      <Gender>masculine</Gender>
      <Plurality>1</Plurality>
    </Replace>
    <Replace Tag="LOC_TRAIT_CIVILIZATION_LAND_DOWN_UNDER_NAME" Language="es_ES">
      <Text>Antípodas</Text>
    </Replace>
    <Replace Tag="LOC_TRAIT_CIVILIZATION_LAND_DOWN_UNDER_DESCRIPTION" Language="es_ES">
      <Text>+3 [ICON_Housing] al Alojamiento en las ciudades costeras. Los Pastizales activan un Bombardeo cultural. +1 al rendimiento por Campus, Centro comercial, Lugar sagrado y Teatro en casillas con un Atractivo Encantador, +3 en casillas con Atractivo Impresionante. </Text>
    </Replace>
    <Replace Tag="LOC_IMPROVEMENT_OUTBACK_STATION_DESCRIPTION" Language="es_ES">
      <Text>Desbloquea la habilidad Constructor para crear una Station del Outback, exclusiva de Australia.[NEWLINE][NEWLINE]+1 a Alimentos [ICON_FOOD] y +1 a Producción [ICON_PRODUCTION]. +1 a Producción [ICON_PRODUCTION] +1 a Alimentos [ICON_FOOD] por cada Pastizal adyacente. Más Alimentos [ICON_FOOD] y Producción [ICON_PRODUCTION] para las Stations del Outback y los Pastizales adyacentes a medida que avances por el árbol tecnológico y por el de principios. Solo puede construirse en casillas de Desierto, Colinas desérticas, Llanuras y Praderas.</Text>
    </Replace>
    <Replace Tag="LOC_LOADING_INFO_LEADER_JOHN_CURTIN" Language="es_ES">
      <Text>Primer ministro Curtin, dirigirás a Australia para superar un desafío tras otro, y tu pueblo se hará más fuerte gracias a ello. Otros buscarán tu amistad debido a tu fuerza. Si esos amigos son leales, tu poder y protección os conducirán lejos. Pero ten cuidado, porque la agresión no es tu curso natural.</Text>
    </Replace>
    <Replace Tag="LOC_TRAIT_LEADER_CITADEL_CIVILIZATION_NAME" Language="es_ES">
      <Text>Ciudadela de civilización</Text>
    </Replace>
    <Replace Tag="LOC_TRAIT_LEADER_CITADEL_CIVILIZATION_DESCRIPTION" Language="es_ES">
      <Text>+100% a la Producción [ICON_Production] si han recibido una declaración de guerra en los últimos 10 turnos o si han liberado una ciudad en los últimos 20 turnos.</Text>
    </Replace>
    <Replace Tag="LOC_UNIT_DIGGER_DESCRIPTION" Language="es_ES">
      <Text>Unidad exclusiva de Australia de la Época Moderna que sustituye a la Infantería. +10 a la Fuerza de combate [ICON_Strength] al luchar en casillas de costa. +5 a la Fuerza de combate [ICON_Strength] al luchar en territorio neutral o extranjero.</Text>
    </Replace>
    <Replace Tag="LOC_ABILITY_DIGGER_NAME" Language="es_ES">
      <Text>Digger</Text>
    </Replace>
    <Replace Tag="LOC_ABILITY_DIGGER_DESCRIPTION" Language="es_ES">
      <Text>+10 a la Fuerza de combate [ICON_Strength] al luchar en casillas de costa. +5 a la Fuerza de combate [ICON_Strength] al luchar en territorio neutral o extranjero.</Text>
    </Replace>
    <Replace Tag="LOC_TRAIT_LEADER_CITADEL_CIVILIZATION_EXPANSION2_DESCRIPTION" Language="es_ES">
      <Text>+100% a la Producción [ICON_PRODUCTION] si han recibido una declaración de guerra o han liberado una ciudad en los últimos 10 turnos.</Text>
    </Replace>
    <Replace Tag="LOC_ABILITY_DIGGER_BONUS_ON_COAST_DESCRIPTION" Language="es_ES">
      <Text>+{1_Amount} a la Fuerza de combate en casillas de costa.</Text>
    </Replace>
    <Replace Tag="LOC_ABILITY_DIGGER_NON_DOMESTIC_BONUS_DESCRIPTION" Language="es_ES">
      <Text>+{1_Amount} a la Fuerza de combate fuera de territorio amistoso.</Text>
    </Replace>
    <Replace Tag="LOC_UNIT_DIGGER_NAME" Language="es_ES">
      <Text>Digger|Diggers</Text>
      <Gender>masculine</Gender>
      <Plurality>1|2</Plurality>
    </Replace>
    <Replace Tag="LOC_IMPROVEMENT_OUTBACK_STATION_NAME" Language="zh_Hant_HK">
      <Text>內陸牧場</Text>
    </Replace>
    <Replace Tag="LOC_CIVILIZATION_AUSTRALIA_NAME" Language="zh_Hant_HK">
      <Text>澳洲</Text>
    </Replace>
    <Replace Tag="LOC_LEADER_JOHN_CURTIN_NAME" Language="zh_Hant_HK">
      <Text>約翰•科廷</Text>
    </Replace>
    <Replace Tag="LOC_TRAIT_CIVILIZATION_LAND_DOWN_UNDER_NAME" Language="zh_Hant_HK">
      <Text>遙遠的南方大陸</Text>
    </Replace>
    <Replace Tag="LOC_TRAIT_CIVILIZATION_LAND_DOWN_UNDER_DESCRIPTION" Language="zh_Hant_HK">
      <Text>為沿岸都市+3 [ICON_Housing] 住房。牧場會引爆文化炸彈。在擁有迷人魅力的單元格中，學院、商業中心、聖地和劇院廣場的收益都+1，極大魅力則+3。 </Text>
    </Replace>
    <Replace Tag="LOC_IMPROVEMENT_OUTBACK_STATION_DESCRIPTION" Language="zh_Hant_HK">
      <Text>解鎖建造者建造澳洲特色改良設施內陸牧場的能力。[NEWLINE][NEWLINE]+1 [ICON_FOOD] 食物和+1 [ICON_PRODUCTION] 生產力。每個相鄰的牧場+1 [ICON_Food] 食物。隨著科技樹和市政樹的進步，相鄰的內陸牧場和牧場也可獲得額外的 [ICON_FOOD] 食物和 [ICON_PRODUCTION] 生產力。只能建在沙漠、沙漠丘陵、草原和平原單元格上。</Text>
    </Replace>
    <Replace Tag="LOC_LOADING_INFO_LEADER_JOHN_CURTIN" Language="zh_Hant_HK">
      <Text>科廷總理，您將帶領澳洲迎接一個又一個挑戰，您的人民會由此變得更強大。為了獲得您的力量，其他人想和您建立友誼關係。如果這都是一些忠誠的朋友，您的能力和保護將讓您取得更大成就。但需要保持警惕，因為您天生並不具備侵略性。</Text>
    </Replace>
    <Replace Tag="LOC_TRAIT_LEADER_CITADEL_CIVILIZATION_NAME" Language="zh_Hant_HK">
      <Text>文明之城邦</Text>
    </Replace>
    <Replace Tag="LOC_TRAIT_LEADER_CITADEL_CIVILIZATION_DESCRIPTION" Language="zh_Hant_HK">
      <Text>若他們在過去10個回合曾遭到宣戰，或他們曾在過去20個回合內解放過一座城市，則+100% [ICON_Production] 生產力。</Text>
    </Replace>
    <Replace Tag="LOC_UNIT_DIGGER_DESCRIPTION" Language="zh_Hant_HK">
      <Text>取代步兵的現代澳洲特色單位。在海岸單元格上戰鬥時+10 [ICON_Strength] 戰鬥力。在中立或外國領土戰鬥時+5 [ICON_Strength] 戰鬥力。</Text>
    </Replace>
    <Replace Tag="LOC_ABILITY_DIGGER_NAME" Language="zh_Hant_HK">
      <Text>礦工軍團</Text>
    </Replace>
    <Replace Tag="LOC_ABILITY_DIGGER_DESCRIPTION" Language="zh_Hant_HK">
      <Text>在海岸單元格上戰鬥時+10 [ICON_Strength] 戰鬥力。在中立或外國領土上戰鬥時+5 [ICON_Strength] 戰鬥力。</Text>
    </Replace>
    <Replace Tag="LOC_TRAIT_LEADER_CITADEL_CIVILIZATION_EXPANSION2_DESCRIPTION" Language="zh_Hant_HK">
      <Text>若他們在過去10個回合曾遭到宣戰，或解放過一座城市，則+100% [ICON_PRODUCTION] 生產力。</Text>
    </Replace>
    <Replace Tag="LOC_ABILITY_DIGGER_BONUS_ON_COAST_DESCRIPTION" Language="zh_Hant_HK">
      <Text>在海岸單元格上+{1_Amount}戰鬥力</Text>
    </Replace>
    <Replace Tag="LOC_ABILITY_DIGGER_NON_DOMESTIC_BONUS_DESCRIPTION" Language="zh_Hant_HK">
      <Text>在友方領土外+{1_Amount}戰鬥力</Text>
    </Replace>
    <Replace Tag="LOC_UNIT_DIGGER_NAME" Language="zh_Hant_HK">
      <Text>礦工軍團</Text>
    </Replace>
  </LocalizedText>
</GameData>