<?xml version="1.0" encoding="utf-8"?>
<!-- edited with XMLSPY v2004 rel. 2 U (http://www.xmlspy.com) by matthew beach (Firaxis Games) -->
<GameData>
	<LocalizedText>
		<!-- City-State Empire Names-->
		<Replace Language="en_US" Tag="LOC_CIVILIZATION_SCENARIO_APUOLE_DESCRIPTION">
			<Text>Apuolė city-state</Text>
		</Replace>
		<Replace Language="en_US" Tag="LOC_CIVILIZATION_SCENARIO_ARLES_DESCRIPTION">
			<Text>Royaume d’Arles </Text>
		</Replace>
		<Replace Language="en_US" Tag="LOC_CIVILIZATION_SCENARIO_ASILAH_DESCRIPTION">
			<Text>Asilah city-state</Text>
		</Replace>
		<Replace Language="en_US" Tag="LOC_CIVILIZATION_SCENARIO_BALARM_DESCRIPTION">
			<Text>Emirate of Sicily</Text>
		</Replace>
		<Replace Language="en_US" Tag="LOC_CIVILIZATION_SCENARIO_DUMBARTON_DESCRIPTION">
			<Text>Alt Clut</Text>
		</Replace>
		<Replace Language="en_US" Tag="LOC_CIVILIZATION_SCENARIO_GIJON_DESCRIPTION">
			<Text>Regnum Asturorum</Text>
		</Replace>
		<Replace Language="en_US" Tag="LOC_CIVILIZATION_SCENARIO_KAIROUAN_DESCRIPTION">
			<Text>Zirid Dynasty</Text>
		</Replace>
		<Replace Language="en_US" Tag="LOC_CIVILIZATION_SCENARIO_PAMPLONA_DESCRIPTION">
			<Text>Nafarroako Erresuma</Text>
		</Replace>
		<Replace Language="en_US" Tag="LOC_CIVILIZATION_SCENARIO_PISA_DESCRIPTION">
			<Text>Repubblica di Pisa</Text>
		</Replace>
		<Replace Language="en_US" Tag="LOC_CIVILIZATION_SCENARIO_PRESLAV_DESCRIPTION">
			<Text>Bulgarian Khanate</Text>
		</Replace>
		<Replace Language="en_US" Tag="LOC_CIVILIZATION_SCENARIO_ROME_DESCRIPTION">
			<Text>Status Pontificius</Text>
		</Replace>
		<Replace Language="en_US" Tag="LOC_CIVILIZATION_SCENARIO_TAMWORTH_DESCRIPTION">
			<Text>Miercna rīce</Text>
		</Replace>
		<Replace Language="en_US" Tag="LOC_CIVILIZATION_SCENARIO_THETFORD_DESCRIPTION">
			<Text>Ēast Engla Rīce</Text>
		</Replace>
		<Replace Language="en_US" Tag="LOC_CIVILIZATION_SCENARIO_TMUTARAKAN_DESCRIPTION">
			<Text>Tmutarakan city-state</Text>
		</Replace>
		<Replace Language="en_US" Tag="LOC_CIVILIZATION_SCENARIO_VENICE_DESCRIPTION">
			<Text>Repùblica Vèneta</Text>
		</Replace>
		<Replace Language="en_US" Tag="LOC_CIVILIZATION_SCENARIO_WINCHESTER_DESCRIPTION">
			<Text>Westseaxna rīce</Text>
		</Replace>
		<Replace Language="en_US" Tag="LOC_CIVILIZATION_SCENARIO_WOLIN_DESCRIPTION">
			<Text>Wòlin city-state</Text>
		</Replace>
		<Replace Language="en_US" Tag="LOC_CIVILIZATION_SCENARIO_YORK_DESCRIPTION">
			<Text>Norþhymbra rīce</Text>
		</Replace>
		<!--Traits-->
		<Replace Language="en_US" Tag="LOC_TRAIT_CIVILIZATION_IMPROVEMENT_ALCAZAR_NAME">
			<Text>Công trình đặc biệt của Andalusian: Alcázar</Text>
		</Replace>
		<Replace Language="en_US" Tag="TRAIT_CIVILIZATION_UNIT_MOORISH_FARFANES_NAME">
			<Text>Đơn vị đặc biệt của Andalusian: Farfanes</Text>
		</Replace>
		<Replace Language="en_US" Tag="TRAIT_CIVILIZATION_IMPROVEMENT_MONASTERY_NAME">
			<Text>Công trình đặc biệt: Tu Viện</Text>
		</Replace>
		<Replace Language="en_US" Tag="TRAIT_CIVILIZATION_UNIT_QUADRIREME_NAME">
			<Text>Đơn vị đặc biệt của Byzantine: Quadrireme</Text>
		</Replace>
		<Replace Language="en_US" Tag="TRAIT_CIVILIZATION_UNIT_FRANKISH_CABALLARII_NAME">
			<Text>Đơn vị đặc biệt của Frankish: Caballarii</Text>
		</Replace>
		<!--Denmark City Names-->
		<Replace Language="en_US" Tag="LOC_CITY_NAME_SCENARIO_ODENSE">
			<Text>Odense</Text>
		</Replace>
		<Replace Language="en_US" Tag="LOC_CITY_NAME_SCENARIO_RIBE">
			<Text>Ribe</Text>
		</Replace>
		<Replace Language="en_US" Tag="LOC_CITY_NAME_SCENARIO_ROSKILDE">
			<Text>Roskilde</Text>
		</Replace>
		<Replace Language="en_US" Tag="LOC_CITY_NAME_SCENARIO_CAEN">
			<Text>Caen</Text>
		</Replace>
		<Replace Language="en_US" Tag="LOC_CITY_NAME_SCENARIO_LUND">
			<Text>Lund</Text>
		</Replace>
		<!--Sweden-->
		<Replace Language="en_US" Tag="LOC_CITY_NAME_SCENARIO_KOPINGSVIK">
			<Text>Köpingsvik</Text>
		</Replace>
		<Replace Language="en_US" Tag="LOC_CITY_NAME_SCENARIO_BIRKA">
			<Text>Birka</Text>
		</Replace>
		<Replace Language="en_US" Tag="LOC_CITY_NAME_SCENARIO_LADOGA">
			<Text>Ladoga</Text>
		</Replace>
		<Replace Language="en_US" Tag="LOC_CITY_NAME_SCENARIO_KIEV">
			<Text>Kiev</Text>
		</Replace>
		<Replace Language="en_US" Tag="LOC_CITY_NAME_SCENARIO_GNEZDOVO">
			<Text>Gnezdovo</Text>
		</Replace>
		<!--Byzantium-->
		<Replace Language="en_US" Tag="LOC_CITY_NAME_SCENARIO_CONSTANTINOPLE">
			<Text>Constantinople</Text>
		</Replace>
		<Replace Language="en_US" Tag="LOC_CITY_NAME_SCENARIO_ATTALEIA">
			<Text>Attalea</Text>
		</Replace>
		<Replace Language="en_US" Tag="LOC_CITY_NAME_SCENARIO_DYRRACHIUM">
			<Text>Dyrrhachium</Text>
		</Replace>
		<Replace Language="en_US" Tag="LOC_CITY_NAME_SCENARIO_PHILIPPOPOLIS">
			<Text>Philippopolis</Text>
		</Replace>
		<Replace Language="en_US" Tag="LOC_CITY_NAME_SCENARIO_TREBIZOND">
			<Text>Trebizond</Text>
		</Replace>
		<!--Al-Andalus-->
		<Replace Language="en_US" Tag="LOC_CITY_NAME_SCENARIO_SEVILLE">
			<Text>Išbiliya</Text>
		</Replace>
		<!--Francia-->
		<Replace Language="en_US" Tag="LOC_CITY_NAME_SCENARIO_AACHEN">
			<Text>Aix-la-Chapelle</Text>
		</Replace>
		<Replace Language="en_US" Tag="LOC_CITY_NAME_SCENARIO_NARBONNE">
			<Text>Narbonne</Text>
		</Replace>
		<Replace Language="en_US" Tag="LOC_CITY_NAME_SCENARIO_POITIERS">
			<Text>Poitiers</Text>
		</Replace>
		<Replace Language="en_US" Tag="LOC_CITY_NAME_SCENARIO_RUSTRINGEN">
			<Text>Rüstringen</Text>
		</Replace>
		<Replace Language="en_US" Tag="LOC_CITY_NAME_SCENARIO_UTRECHT">
			<Text>Utrecht</Text>
		</Replace>
		<!--City-States-->
		<Replace Language="en_US" Tag="LOC_CITY_NAME_SCENARIO_APUOLE">
			<Text>Apuolė</Text>
		</Replace>
		<Replace Language="en_US" Tag="LOC_CITY_NAME_SCENARIO_ARLES">
			<Text>Arles</Text>
		</Replace>
		<Replace Language="en_US" Tag="LOC_CITY_NAME_SCENARIO_ASILAH">
			<Text>Asilah</Text>
		</Replace>
		<Replace Language="en_US" Tag="LOC_CITY_NAME_SCENARIO_BALARM">
			<Text>Balarm</Text>
		</Replace>
		<Replace Language="en_US" Tag="LOC_CITY_NAME_SCENARIO_DUMBARTON">
			<Text>Dùn Breatann</Text>
		</Replace>
		<Replace Language="en_US" Tag="LOC_CITY_NAME_SCENARIO_GIJON">
			<Text>Xixón</Text>
		</Replace>
		<Replace Language="en_US" Tag="LOC_CITY_NAME_SCENARIO_KAIROUAN">
			<Text>Al-Qayrawan</Text>
		</Replace>
		<Replace Language="en_US" Tag="LOC_CITY_NAME_SCENARIO_PAMPLONA">
			<Text>Iruñea</Text>
		</Replace>
		<Replace Language="en_US" Tag="LOC_CITY_NAME_SCENARIO_PISA">
			<Text>Pisa</Text>
		</Replace>
		<Replace Language="en_US" Tag="LOC_CITY_NAME_SCENARIO_ROME">
			<Text>Roma</Text>
		</Replace>
		<Replace Language="en_US" Tag="LOC_CITY_NAME_SCENARIO_TAMWORTH">
			<Text>Tamworth</Text>
		</Replace>
		<Replace Language="en_US" Tag="LOC_CITY_NAME_SCENARIO_THETFORD">
			<Text>Thetford</Text>
		</Replace>
		<Replace Language="en_US" Tag="LOC_CITY_NAME_SCENARIO_TMUTARAKAN">
			<Text>Tmutarakan</Text>
		</Replace>
		<Replace Language="en_US" Tag="LOC_CITY_NAME_SCENARIO_VENICE">
			<Text>Venèxia</Text>
		</Replace>
		<Replace Language="en_US" Tag="LOC_CITY_NAME_SCENARIO_WINCHESTER">
			<Text>Wintanceaster</Text>
		</Replace>
		<Replace Language="en_US" Tag="LOC_CITY_NAME_SCENARIO_WOLIN">
			<Text>Wòlin</Text>
		</Replace>
		<Replace Language="en_US" Tag="LOC_CITY_NAME_SCENARIO_YORK">
			<Text>Eoforwic</Text>
		</Replace>
		<!--City-States-->
		<Replace Language="en_US" Tag="LOC_CIVILIZATION_SCENARIO_APUOLE_NAME">
			<Text>Apuolė</Text>
		</Replace>
		<Replace Language="en_US" Tag="LOC_CIVILIZATION_SCENARIO_ARLES_NAME">
			<Text>Arles</Text>
		</Replace>
		<Replace Language="en_US" Tag="LOC_CIVILIZATION_SCENARIO_ASILAH_NAME">
			<Text>Asilah</Text>
		</Replace>
		<Replace Language="en_US" Tag="LOC_CIVILIZATION_SCENARIO_BALARM_NAME">
			<Text>Sicily</Text>
		</Replace>
		<Replace Language="en_US" Tag="LOC_CIVILIZATION_SCENARIO_DUMBARTON_NAME">
			<Text>Dùn Breatann</Text>
		</Replace>
		<Replace Language="en_US" Tag="LOC_CIVILIZATION_SCENARIO_GIJON_NAME">
			<Text>Asturies</Text>
		</Replace>
		<Replace Language="en_US" Tag="LOC_CIVILIZATION_SCENARIO_KAIROUAN_NAME">
			<Text>Zirid</Text>
		</Replace>
		<Replace Language="en_US" Tag="LOC_CIVILIZATION_SCENARIO_PAMPLONA_NAME">
			<Text>Nafarroako</Text>
		</Replace>
		<Replace Language="en_US" Tag="LOC_CIVILIZATION_SCENARIO_PISA_NAME">
			<Text>Pisa</Text>
		</Replace>
		<Replace Language="en_US" Tag="LOC_CIVILIZATION_SCENARIO_PRESLAV_NAME">
			<Text>Bulgaria</Text>
		</Replace>
		<Replace Language="en_US" Tag="LOC_CIVILIZATION_SCENARIO_ROME_NAME">
			<Text>Roma</Text>
		</Replace>
		<Replace Language="en_US" Tag="LOC_CIVILIZATION_SCENARIO_TAMWORTH_NAME">
			<Text>Mercia</Text>
		</Replace>
		<Replace Language="en_US" Tag="LOC_CIVILIZATION_SCENARIO_THETFORD_NAME">
			<Text>East Anglia</Text>
		</Replace>
		<Replace Language="en_US" Tag="LOC_CIVILIZATION_SCENARIO_TMUTARAKAN_NAME">
			<Text>Tmutarakan</Text>
		</Replace>
		<Replace Language="en_US" Tag="LOC_CIVILIZATION_SCENARIO_VENICE_NAME">
			<Text>Venèxia</Text>
		</Replace>
		<Replace Language="en_US" Tag="LOC_CIVILIZATION_SCENARIO_WINCHESTER_NAME">
			<Text>Wessex</Text>
		</Replace>
		<Replace Language="en_US" Tag="LOC_CIVILIZATION_SCENARIO_WOLIN_NAME">
			<Text>Wòlin</Text>
		</Replace>
		<Replace Language="en_US" Tag="LOC_CIVILIZATION_SCENARIO_YORK_NAME">
			<Text>Northumbria</Text>
		</Replace>
		<!-- Civilizations Adj-->
		<Replace Language="en_US" Tag="LOC_CIVILIZATION_SCENARIO_DENMARK_ADJECTIVE">
			<Text>Danish</Text>
		</Replace>
		<Replace Language="en_US" Tag="LOC_CIVILIZATION_SCENARIO_SWEDEN_ADJECTIVE">
			<Text>Swedish</Text>
		</Replace>
		<Replace Language="en_US" Tag="LOC_CIVILIZATION_SCENARIO_AL_ANDALUS_ADJECTIVE">
			<Text>Andalusian</Text>
		</Replace>
		<Replace Language="en_US" Tag="LOC_CIVILIZATION_SCENARIO_BYZANTIUM_ADJECTIVE">
			<Text>Byzantine</Text>
		</Replace>
		<Replace Language="en_US" Tag="LOC_CIVILIZATION_SCENARIO_FRANCIA_ADJECTIVE">
			<Text>Frankish</Text>
		</Replace>
		<!--City-States Adj-->
		<Replace Language="en_US" Tag="LOC_CIVILIZATION_SCENARIO_APUOLE_ADJECTIVE">
			<Text>Curonian</Text>
		</Replace>
		<Replace Language="en_US" Tag="LOC_CIVILIZATION_SCENARIO_ARLES_ADJECTIVE">
			<Text>Arles</Text>
		</Replace>
		<Replace Language="en_US" Tag="LOC_CIVILIZATION_SCENARIO_ASILAH_ADJECTIVE">
			<Text>Asilah</Text>
		</Replace>
		<Replace Language="en_US" Tag="LOC_CIVILIZATION_SCENARIO_BALARM_ADJECTIVE">
			<Text>Sicilian</Text>
		</Replace>
		<Replace Language="en_US" Tag="LOC_CIVILIZATION_SCENARIO_DUMBARTON_ADJECTIVE">
			<Text>Dùn Breatann</Text>
		</Replace>
		<Replace Language="en_US" Tag="LOC_CIVILIZATION_SCENARIO_GIJON_ADJECTIVE">
			<Text>Asturien</Text>
		</Replace>
		<Replace Language="en_US" Tag="LOC_CIVILIZATION_SCENARIO_KAIROUAN_ADJECTIVE">
			<Text>Zirid</Text>
		</Replace>
		<Replace Language="en_US" Tag="LOC_CIVILIZATION_SCENARIO_PAMPLONA_ADJECTIVE">
			<Text>Iruñean</Text>
		</Replace>
		<Replace Language="en_US" Tag="LOC_CIVILIZATION_SCENARIO_PISA_ADJECTIVE">
			<Text>Pisan</Text>
		</Replace>
		<Replace Language="en_US" Tag="LOC_CIVILIZATION_SCENARIO_ROME_ADJECTIVE">
			<Text>Roman</Text>
		</Replace>
		<Replace Language="en_US" Tag="LOC_CIVILIZATION_SCENARIO_PRESLAV_ADJECTIVE">
			<Text>Bulgarian</Text>
		</Replace>
		<Replace Language="en_US" Tag="LOC_CIVILIZATION_SCENARIO_TAMWORTH_ADJECTIVE">
			<Text>Mercian</Text>
		</Replace>
		<Replace Language="en_US" Tag="LOC_CIVILIZATION_SCENARIO_THETFORD_ADJECTIVE">
			<Text>East Anglian</Text>
		</Replace>
		<Replace Language="en_US" Tag="LOC_CIVILIZATION_SCENARIO_TMUTARAKAN_ADJECTIVE">
			<Text>Tmutarakan</Text>
		</Replace>
		<Replace Language="en_US" Tag="LOC_CIVILIZATION_SCENARIO_VENICE_ADJECTIVE">
			<Text>Venèxian</Text>
		</Replace>
		<Replace Language="en_US" Tag="LOC_CIVILIZATION_SCENARIO_WINCHESTER_ADJECTIVE">
			<Text>Wessexian</Text>
		</Replace>
		<Replace Language="en_US" Tag="LOC_CIVILIZATION_SCENARIO_WOLIN_ADJECTIVE">
			<Text>Wòlin</Text>
		</Replace>
		<Replace Language="en_US" Tag="LOC_CIVILIZATION_SCENARIO_YORK_ADJECTIVE">
			<Text>Northumbrian</Text>
		</Replace>
		<!--Denmark-->
		<Replace Language="en_US" Tag="LOC_CITIZEN_DENMARK_SCENARIO_MALE_1">
			<Text>Magnus</Text>
		</Replace>
		<Replace Language="en_US" Tag="LOC_CITIZEN_DENMARK_SCENARIO_MALE_2">
			<Text>Bjørk</Text>
		</Replace>
		<Replace Language="en_US" Tag="LOC_CITIZEN_DENMARK_SCENARIO_MALE_3">
			<Text>Hrólfr</Text>
		</Replace>
		<Replace Language="en_US" Tag="LOC_CITIZEN_DENMARK_SCENARIO_MALE_4">
			<Text>Gorm</Text>
		</Replace>
		<Replace Language="en_US" Tag="LOC_CITIZEN_DENMARK_SCENARIO_MALE_5">
			<Text>Fróði</Text>
		</Replace>
		<Replace Language="en_US" Tag="LOC_CITIZEN_DENMARK_SCENARIO_FEMALE_1">
			<Text>Helga</Text>
		</Replace>
		<Replace Language="en_US" Tag="LOC_CITIZEN_DENMARK_SCENARIO_FEMALE_2">
			<Text>Tófa</Text>
		</Replace>
		<Replace Language="en_US" Tag="LOC_CITIZEN_DENMARK_SCENARIO_FEMALE_3">
			<Text>Wealhþeow</Text>
		</Replace>
		<Replace Language="en_US" Tag="LOC_CITIZEN_DENMARK_SCENARIO_FEMALE_4">
			<Text>Aslaug</Text>
		</Replace>
		<Replace Language="en_US" Tag="LOC_CITIZEN_DENMARK_SCENARIO_FEMALE_5">
			<Text>Thyra</Text>
		</Replace>
		<!--Sweden-->
		<Replace Language="en_US" Tag="LOC_CITIZEN_SWEDEN_MALE_1">
			<Text>Eric</Text>
		</Replace>
		<Replace Language="en_US" Tag="LOC_CITIZEN_SWEDEN_SCENARIO_MALE_2">
			<Text>Håkan</Text>
		</Replace>
		<Replace Language="en_US" Tag="LOC_CITIZEN_SWEDEN_SCENARIO_MALE_3">
			<Text>Anund</Text>
		</Replace>
		<Replace Language="en_US" Tag="LOC_CITIZEN_SWEDEN_SCENARIO_MALE_4">
			<Text>Sven</Text>
		</Replace>
		<Replace Language="en_US" Tag="LOC_CITIZEN_SWEDEN_SCENARIO_MALE_5">
			<Text>Alf</Text>
		</Replace>
		<Replace Language="en_US" Tag="LOC_CITIZEN_SWEDEN_SCENARIO_FEMALE_1">
			<Text>Astrid</Text>
		</Replace>
		<Replace Language="en_US" Tag="LOC_CITIZEN_SWEDEN_SCENARIO_FEMALE_2">
			<Text>Gunnhildr</Text>
		</Replace>
		<Replace Language="en_US" Tag="LOC_CITIZEN_SWEDEN_SCENARIO_FEMALE_3">
			<Text>Ingeborg</Text>
		</Replace>
		<Replace Language="en_US" Tag="LOC_CITIZEN_SWEDEN_SCENARIO_FEMALE_4">
			<Text>Þóra</Text>
		</Replace>
		<Replace Language="en_US" Tag="LOC_CITIZEN_SWEDEN_SCENARIO_FEMALE_5">
			<Text>Christina</Text>
		</Replace>
		<!--Great Admirals-->
		<Replace Language="en_US" Tag="LOC_GREAT_PERSON_INDIVIDUAL_SCENARIO_BJARNI_NAME">
			<Text>Bjarni Herjolfsson</Text>
		</Replace>
		<Replace Language="en_US" Tag="LOC_GREAT_PERSON_INDIVIDUAL_SCENARIO_ERIK_NAME">
			<Text>Erik the Red</Text>
		</Replace>
		<Replace Language="en_US" Tag="LOC_GREAT_PERSON_INDIVIDUAL_SCENARIO_INGVAR_NAME">
			<Text>Yngvarr víðförli</Text>
		</Replace>
		<Replace Language="en_US" Tag="LOC_GREAT_PERSON_INDIVIDUAL_SCENARIO_FREYDIS_NAME">
			<Text>Freydís Eiríksdóttir</Text>
		</Replace>
		<!--Great Generals  -->
		<Replace Language="en_US" Tag="LOC_GREAT_PERSON_INDIVIDUAL_SCENARIO_HALFDAN_NAME">
			<Text>Hálfdan Ragnarsson</Text>
		</Replace>
		<Replace Language="en_US" Tag="LOC_GREAT_PERSON_INDIVIDUAL_SCENARIO_RORIK_NAME">
			<Text>Rorik của Dorestad</Text>
		</Replace>
		<Replace Language="en_US" Tag="LOC_GREAT_PERSON_INDIVIDUAL_SCENARIO_SVIATOSLAV_NAME">
			<Text>Sviatoslav the Brave</Text>
		</Replace>
		<Replace Language="en_US" Tag="LOC_GREAT_PERSON_INDIVIDUAL_SCENARIO_OLAF_NAME">
			<Text>Olaf Tryggvason</Text>
		</Replace>
		<Replace Language="en_US" Tag="LOC_GREAT_PERSON_INDIVIDUAL_SCENARIO_WILLIAM_NAME">
			<Text>William the Conqueror</Text>
		</Replace>
		<Replace Language="en_US" Tag="LOC_GREAT_PERSON_INDIVIDUAL_SCENARIO_THORFIN_NAME">
			<Text>Thorfinn the Mighty</Text>
		</Replace>
		<Replace Language="en_US" Tag="LOC_GREAT_PERSON_INDIVIDUAL_SCENARIO_ROGER_NAME">
			<Text>Roger I của Sicily</Text>
		</Replace>
		<Replace Language="en_US" Tag="LOC_GREATPERSON_ADJACENT_PIOPIOTAHI_GOLD">
			<Text>Khi đứng kề với Vinland sẽ kiếm được +500 [ICON_Gold] Vàng và điểm Chiến thắng dựa trên thứ tự kích hoạt.</Text>
		</Replace>
		<Replace Language="en_US" Tag="LOC_GREATPERSON_HALFDAN_ACTIVE">
			<Text>Cấp 1 đơn vị Kẻ điên Na Uy.</Text>
		</Replace>
		<Replace Language="en_US" Tag="LOC_GREATPERSON_OLAF_ACTIVE">
			<Text>Cấp một đơn vị Nhà truyền giáo.</Text>
		</Replace>
		<Replace Language="en_US" Tag="LOC_GREATPERSON_WILLIAM_ACTIVE">
			<Text>+1 [ICON_TradeRoute] Tuyến đường thương mại. Cấp một đơn vị Thương gia.</Text>
		</Replace>
		<Replace Language="en_US" Tag="LOC_GREATPERSON_ROGER_ACTIVE">
			<Text>Cấp 1 đơn vị Máy Bắn Đá với một huân chương.</Text>
		</Replace>
		<!--Technologies Name-->
		<Replace Language="en_US" Tag="LOC_TECH_SCENARIO_LONGSHIPS_NAME">
			<Text>Thuyền dài</Text>
		</Replace>
		<Replace Language="en_US" Tag="LOC_TECH_SCENARIO_MEAD_HALLS_NAME">
			<Text>Nhà dài</Text>
		</Replace>
		<Replace Language="en_US" Tag="LOC_TECH_SCENARIO_PORTAGE_NAME">
			<Text>Vận tải</Text>
		</Replace>
		<Replace Language="en_US" Tag="LOC_TECH_SCENARIO_SHIELDWALL_NAME">
			<Text>Tường Khiên</Text>
		</Replace>
		<Replace Language="en_US" Tag="LOC_TECH_SCENARIO_KNARRS_NAME">
			<Text>Thuyền Knarrs</Text>
		</Replace>
		<Replace Language="en_US" Tag="LOC_TECH_SCENARIO_LANCES_NAME">
			<Text>Giáo dài</Text>
		</Replace>
		<Replace Language="en_US" Tag="LOC_TECH_SCENARIO_GREAT_HEATHEN_ARMY_NAME">
			<Text>Đội quan ngoại đạo tinh nhuệ</Text>
		</Replace>
		<Replace Language="en_US" Tag="LOC_TECH_SCENARIO_HACKSILVER_NAME">
			<Text>Đơn vị tiền tệ Hacksilver</Text>
		</Replace>
		<!--Technologies Description-->
		<Replace Language="en_US" Tag="LOC_TECH_SCENARIO_SAILING_DESCRIPTION">
			<Text>+1 Di chuyển cho tất cả đơn vị hải quân và cho phép tất cả đơn vị mắt đất hạ thuỷ.</Text>
		</Replace>
		<Replace Language="en_US" Tag="LOC_TECH_SCENARIO_PORTAGE_DESCRIPTION">
			<Text>Vượt sông không tốn chi phí di chuyển.</Text>
		</Replace>
		<Replace Language="en_US" Tag="LOC_TECH_SCENARIO_KNARRS_DESCRIPTION">
			<Text>Tất cả các đơn vị có thể đi vào đại dương.</Text>
		</Replace>
		<Replace Language="en_US" Tag="LOC_TECH_SCENARIO_HACKSILVER_DESCRIPTION">
			<Text>Các Khu thương mại và Bến cảng được +1 Tuyến đường thương mại.</Text>
		</Replace>
		<!--Technologies Boost-->
		<Replace Language="en_US" Tag="LOC_BOOST_TRIGGER_SCENARIO_PORTAGE">
			<Text>Có 2 Cung Thủ.</Text>
		</Replace>
		<Replace Language="en_US" Tag="LOC_BOOST_TRIGGER_SCENARIO_STIRRIPS">
			<Text>Cướp một ô đất.</Text>
		</Replace>
		<Replace Language="en_US" Tag="LOC_BOOST_TRIGGER_SCENARIO_SHIELDWALL">
			<Text>Có đơn vị Dân Di Cư.</Text>
		</Replace>
		<Replace Language="en_US" Tag="LOC_BOOST_TRIGGER_SCENARIO_KNARRS">
			<Text>Có hành chính Đế quốc Hải quân.</Text>
		</Replace>
		<Replace Language="en_US" Tag="LOC_BOOST_TRIGGER_SCENARIO_ENGINEERING">
			<Text>Có 5 Thành Phố.</Text>
		</Replace>
		<Replace Language="en_US" Tag="LOC_BOOST_TRIGGER_SCENARIO_LANCES">
			<Text>Giết đơn vị Hiệp Sĩ.</Text>
		</Replace>
		<Replace Language="en_US" Tag="LOC_BOOST_TRIGGER_SCENARIO_GREAT_HEATHEN_ARMY">
			<Text>Có 3 đơn vị Thuyền Dài.</Text>
		</Replace>
		<Replace Language="en_US" Tag="LOC_BOOST_TRIGGER_SCENARIO_HACKSILVER">
			<Text>Tạo 4 tuyến đường thương mại.</Text>
		</Replace>
		<Replace Language="en_US" Tag="LOC_BOOST_TRIGGER_SCENARIO_MACHINERY">
			<Text>Xây 2 Chuồng Ngựa.</Text>
		</Replace>
		<Replace Language="en_US" Tag="LOC_BOOST_TRIGGER_SCENARIO_MILITARY_TACTICS">
			<Text>Có 2 đơn vị Hiệp sĩ.</Text>
		</Replace>
		<Replace Language="en_US" Tag="LOC_BOOST_TRIGGER_SCENARIO_SHIPBUILDING">
			<Text>Kiếm được Đại Đô Đốc.</Text>
		</Replace>
		<Replace Language="en_US" Tag="LOC_BOOST_TRIGGER_SCENARIO_MEDIEVAL_FAIRES">
			<Text>Có một thành phố với 12 Dân số.</Text>
		</Replace>
		<Replace Language="en_US" Tag="LOC_BOOST_TRIGGER_SCENARIO_MILITARY_ENGINEERING">
			<Text>Chiếm một thành phố.</Text>
		</Replace>
		<Replace Language="en_US" Tag="LOC_BOOST_TRIGGER_SCENARIO_CASTLES">
			<Text>Có 2 Nỏ tên.</Text>
		</Replace>
		<!--Technologies Boost Description-->
		<Replace Language="en_US" Tag="LOC_BOOST_TRIGGER_LONGDESC_SCENARIO_PORTAGE">
			<Text>Có 2 Cung Thủ.</Text>
		</Replace>
		<Replace Language="en_US" Tag="LOC_BOOST_TRIGGER_LONGDESC_SCENARIO_STIRRIPS">
			<Text>Cướp một ô đất.</Text>
		</Replace>
		<Replace Language="en_US" Tag="LOC_BOOST_TRIGGER_LONGDESC_SCENARIO_SHIELDWALL">
			<Text>Có đơn vị Dân Di Cư.</Text>
		</Replace>
		<Replace Language="en_US" Tag="LOC_BOOST_TRIGGER_LONGDESC_SCENARIO_KNARRS">
			<Text>Có hành chính Đế quốc Hải quân.</Text>
		</Replace>
		<Replace Language="en_US" Tag="LOC_BOOST_TRIGGER_LONGDESC_SCENARIO_ENGINEERING">
			<Text>Có 5 Thành Phố.</Text>
		</Replace>
		<Replace Language="en_US" Tag="LOC_BOOST_TRIGGER_LONGDESC_SCENARIO_LANCES">
			<Text>Giết đơn vị Hiệp Sĩ.</Text>
		</Replace>
		<Replace Language="en_US" Tag="LOC_BOOST_TRIGGER_LONGDESC_SCENARIO_GREAT_HEATHEN_ARMY">
			<Text>Có 3 đơn vị Thuyền Dài.</Text>
		</Replace>
		<Replace Language="en_US" Tag="LOC_BOOST_TRIGGER_LONGDESC_SCENARIO_HACKSILVER">
			<Text>Tạo 4 tuyến đường thương mại.</Text>
		</Replace>
		<Replace Language="en_US" Tag="LOC_BOOST_TRIGGER_LONGDESC_SCENARIO_MILITARY_TACTICS">
			<Text>Có 2 đơn vị Hiệp sĩ.</Text>
		</Replace>
		<Replace Language="en_US" Tag="LOC_BOOST_TRIGGER_LONGDESC_SCENARIO_SHIPBUILDING">
			<Text>Kiếm được Đại Đô Đốc.</Text>
		</Replace>
		<Replace Language="en_US" Tag="LOC_BOOST_TRIGGER_LONGDESC_SCENARIO_MEDIEVAL_FAIRES">
			<Text>Có một thành phố với 12 Dân số.</Text>
		</Replace>
		<Replace Language="en_US" Tag="LOC_BOOST_TRIGGER_LONGDESC_SCENARIO_MILITARY_ENGINEERING">
			<Text>Chiếm một thành phố.</Text>
		</Replace>
		<!--Civics Name-->
		<Replace Language="en_US" Tag="LOC_CIVIC_SCENARIO_NAVAL_EMPIRE_NAME">
			<Text>Đế quốc Hải quân</Text>
		</Replace>
		<Replace Language="en_US" Tag="LOC_CIVIC_SCENARIO_MONOTHEISM_NAME">
			<Text>Chủ nghĩa độc thần</Text>
		</Replace>
		<Replace Language="en_US" Tag="LOC_CIVIC_SCENARIO_VIKING_NAME">
			<Text>Viking</Text>
		</Replace>
		<!--Civics Description-->
		<Replace Language="en_US" Tag="LOC_CIVIC_SCENARIO_VIKING_DESCRIPTION">
			<Text>Thưởng sức mạnh khi chiến đấu thọc sườn hoặc hỗ trợ cho tất cả đơn vị cận chiến.</Text>
		</Replace>
		<Replace Language="en_US" Tag="LOC_CIVIC_SCENARIO_FEUDALISM_DESCRIPTION">
			<Text>Nông trại có thể kiếm thêm [ICON_Food] Thực phẩm khi 3 Nông trại xây liền kề nhau.</Text>
		</Replace>
		<!--Civics Boost-->
		<Replace Language="en_US" Tag="LOC_BOOST_TRIGGER_SCENARIO_NAVAL_TRADITION">
			<Text>Xây 3 Khu Cảng Biển</Text>
		</Replace>
		<Replace Language="en_US" Tag="LOC_BOOST_TRIGGER_SCENARIO_MILITARY_TRADITION">
			<Text>Giết một đơn vị bằng Kẻ điên Na Uy.</Text>
		</Replace>
		<Replace Language="en_US" Tag="LOC_BOOST_TRIGGER_SCENARIO_NAVAL_EMPIRE">
			<Text>Chiến thắng trận đánh bằng Thuyền Dài Viking.</Text>
		</Replace>
		<Replace Language="en_US" Tag="LOC_BOOST_TRIGGER_SCENARIO_MILITARY_TRAINING">
			<Text>Có 6 đơn vị mặt đất.</Text>
		</Replace>
		<Replace Language="en_US" Tag="LOC_BOOST_TRIGGER_SCENARIO_MONOTHEISM">
			<Text>Có Tôn Giáo chiếm đa số.</Text>
		</Replace>
		<Replace Language="en_US" Tag="LOC_BOOST_TRIGGER_SCENARIO_VIKING">
			<Text>Có 2 Lính Huscarl</Text>
		</Replace>
		<Replace Language="en_US" Tag="LOC_BOOST_TRIGGER_SCENARIO_FEUDALISM">
			<Text>Có 6 Nông Trại.</Text>
		</Replace>
		<Replace Language="en_US" Tag="LOC_BOOST_TRIGGER_SCENARIO_THEOLOGY">
			<Text>Có 2 Thánh Địa</Text>
		</Replace>
		<Replace Language="en_US" Tag="LOC_BOOST_TRIGGER_SCENARIO_MERCENARIES">
			<Text>Có 10 đơn vị mặt đất.</Text>
		</Replace>
		<Replace Language="en_US" Tag="LOC_BOOST_TRIGGER_SCENARIO_RECORDED_HISTORY">
			<Text>Nghiên cứu Máy Móc</Text>
		</Replace>
		<Replace Language="en_US" Tag="LOC_BOOST_TRIGGER_SCENARIO_GUILDS">
			<Text>Xây 4 khu Chợ</Text>
		</Replace>
		<Replace Language="en_US" Tag="LOC_BOOST_TRIGGER_SCENARIO_DIVINE_RIGHT">
			<Text>Có 4 ô Chính Phủ</Text>
		</Replace>
		<Replace Language="en_US" Tag="LOC_BOOST_TRIGGER_SCENARIO_EXPLORATION">
			<Text>Tìm thấy kỳ quan tự nhiên.</Text>
		</Replace>
		<Replace Language="en_US" Tag="LOC_BOOST_TRIGGER_SCENARIO_REFORMED_CHURCH">
			<Text>Có 2 Nhà Truyền Giáo.</Text>
		</Replace>
		<!--Civics Boost Description-->
		<Replace Language="en_US" Tag="LOC_BOOST_TRIGGER_LONGDESC_SCENARIO_MILITARY_TRADITION">
			<Text>Giết một đơn vị bằng Kẻ điên Na Uy.</Text>
		</Replace>
		<Replace Language="en_US" Tag="LOC_BOOST_TRIGGER_LONGDESC_SCENARIO_NAVAL_TRADITION">
			<Text>Xây 3 Khu Cảng Biển.</Text>
		</Replace>
		<Replace Language="en_US" Tag="LOC_BOOST_TRIGGER_LONGDESC_SCENARIO_MILITARY_TRAINING">
			<Text>Có 6 đơn vị mặt đất.</Text>
		</Replace>
		<Replace Language="en_US" Tag="LOC_BOOST_TRIGGER_LONGDESC_SCENARIO_MONOTHEISM">
			<Text>Có Tôn Giáo chiếm đa số.</Text>
		</Replace>
		<Replace Language="en_US" Tag="LOC_BOOST_TRIGGER_LONGDESC_SCENARIO_VIKING">
			<Text>Có 2 Lính Huscarl</Text>
		</Replace>
		<Replace Language="en_US" Tag="LOC_BOOST_TRIGGER_LONGDESC_SCENARIO_THEOLOGY">
			<Text>Có 2 Thánh Địa</Text>
		</Replace>
		<Replace Language="en_US" Tag="LOC_BOOST_TRIGGER_LONGDESC_SCENARIO_RECORDED_HISTORY">
			<Text>Nghiên cứu Máy Móc</Text>
		</Replace>
		<Replace Language="en_US" Tag="LOC_BOOST_TRIGGER_LONGDESC_SCENARIO_EXPLORATION">
			<Text>Tìm thấy kỳ quan tự nhiên.</Text>
		</Replace>
		<Replace Language="en_US" Tag="LOC_BOOST_TRIGGER_LONGDESC_SCENARIO_REFORMED_CHURCH">
			<Text>Có 2 Nhà Truyền Giáo.</Text>
		</Replace>
		<!--Scoring-->
		<Replace Language="en_US" Tag="LOC_CATEGORY_SCENARIO_VINLAND_NAME">
			<Text>Vùng ven biển</Text>
		</Replace>
		<Replace Language="en_US" Tag="LOC_LINE_ITEM_PLUNDER_NAME">
			<Text>Cướp bóc</Text>
		</Replace>
		<Replace Language="en_US" Tag="LOC_LINE_ITEM_TRADE_NAME">
			<Text>Trao đổi</Text>
		</Replace>
		<Replace Language="en_US" Tag="LOC_LINE_ITEM_VINLAND_NAME">
			<Text>Vùng ven biển</Text>
		</Replace>
		<Replace Language="en_US" Tag="LOC_VIKING_SCENARIO_RELIGION_DESCRIPTION">
			<Text>Có thể kiếm được [ICON_Faith] Đức Tin trong phần chơi kịch bản này, chủ yếu bằng việc cướp bóc Thánh Địa, Alcázars, Tu Viện, và các Vườn ươm. Mỗi lần kiếm được [ICON_Faith] Đức Tin thành phố của bạn sẽ chịu nhiều áp lực khi áp dụng đạo Công giáo.</Text>
		</Replace>
		<Replace Language="en_US" Tag="LOC_VIKING_SCENARIO_SCORING_DESCRIPTION1">
			<Text>Các thành phố không thể bị san bằng. Các Thương Gia và Đô Đốc không thể di chuyển giữa các thành phố. Điểm Chiến Thắng VP kiếm được như sau:[NEWLINE][ICON_Bullet]Đế Chế: {1_CityVP} VP cho mỗi thành phố. {2_PopVP} VP cho mỗi dân số.[NEWLINE][ICON_Bullet]Vĩ Nhân: {3_GPVP} VP cho mỗi [ICON_GreatPerson] Vĩ Nhân có được.[NEWLINE][ICON_Bullet]Thương Mại: {4_TradeVP} VP cho mỗi [ICON_TradeRoute] tuyến đường thương mại tạo ra.[NEWLINE][ICON_Bullet]Cướp Bóc: {5_PillageVP} VP cho mỗi ô bị cướp.</Text>
		</Replace>
		<Replace Language="en_US" Tag="LOC_VIKING_SCENARIO_SCORING_DESCRIPTION2">
			<Text>[NEWLINE][ICON_Bullet]Vùng ven biển: {1_VinlandA} VP nếu lần đầu đưa [ICON_GreatAdmiral] Đại Đô Đốc tiến sát Vùng ven biển, {2_VinlandB} cho lần hai, {3_VinlandC} cho lần ba, {4_VinlandD} lần sau nữa.</Text>
		</Replace>
		<Replace Language="en_US" Tag="LOC_VIKING_SCENARIO_SCORING_DESCRIPTION3">
			<Text>[NEWLINE][ICON_Bullet]Tôn Giáo: {1_PillageEarly} VP cho mỗi [ICON_Faith] đức tin kiếm được khi cướp bóc một vùng khi đức tin ở các thành phố có cùng tôn giáo của bạn ít hơn một nửa. {2_PopLate} VP cho mỗi tín đồ thêm vào khi đức tin ở các thành phố có cùng tôn giáo của bạn có một nửa hoặc cao hơn.[NEWLINE][ICON_Bullet]Thưởng thêm: lượt cuối cùng {3_GoldEnd} VP cho mỗi {4_GoldPer} Vàng trong kho tàng của người Viking và {5_FaithEnd} VP cho mỗi {6_FaithPer} [ICON_Faith] Đức tin mà người Viking hiện đang sở hữu.</Text>
		</Replace>
		<!--Features-->
		<Replace Language="en_US" Tag="LOC_FEATURE_SCENARIO_VINLAND_NAME">
			<Text>Vinland</Text>
		</Replace>
		<Replace Language="en_US" Tag="LOC_FEATURE_SCENARIO_VINLAND_DESCRIPTION">
			<Text>Điểm chiến thắng: 1000 cho lần đầu, 500 cho lần hai, 300 cho lần ba, 100 cho lần bốn, và 100 cho lần năm.</Text>
		</Replace>
		<!--Policies-->
		<Replace Language="en_US" Tag="LOC_POLICY_SCENARIO_LEIDANGR_NAME">
			<Text>Chiến tranh</Text>
		</Replace>
		<Replace Language="en_US" Tag="LOC_POLICY_SCENARIO_VOLLEY_NAME">
			<Text>Loạt đạn răn đe</Text>
		</Replace>
		<Replace Language="en_US" Tag="LOC_POLICY_SCENARIO_THING_NAME">
			<Text>Hành động</Text>
		</Replace>
		<Replace Language="en_US" Tag="LOC_POLICY_SCENARIO_TRAVELING_MONKS_NAME">
			<Text>Vi hành của các nhà Sư</Text>
		</Replace>
		<!--Policies Descriptions-->
		<Replace Language="en_US" Tag="LOC_POLICY_SCENARIO_CARAVANSERIES_DESCRIPTION">
			<Text>+2 [ICON_Gold] Vàng từ [ICON_TradeRoute] Tuyến đường thương mại quốc tế.</Text>
		</Replace>
		<Replace Language="en_US" Tag="LOC_POLICY_SCENARIO_CHIVALRY_DESCRIPTION">
			<Text>+100% [ICON_Production] Sản phẩm đối với đơn vị kỵ binh.</Text>
		</Replace>
		<Replace Language="en_US" Tag="LOC_POLICY_SCENARIO_FEUDAL_CONTRACT_DESCRIPTION">
			<Text>+50% [ICON_Production] Sản phẩm đối với đơn vị cận chiến.</Text>
		</Replace>
		<Replace Language="en_US" Tag="LOC_POLICY_SCENARIO_MARITIME_INDUSTRIES_DESCRIPTION">
			<Text>+100% [ICON_Production] Sản phẩm đối với đơn vị hải quân.</Text>
		</Replace>
		<Replace Language="en_US" Tag="LOC_POLICY_SCENARIO_MERITOCRACY_DESCRIPTION">
			<Text>Mỗi thành phố được +1 [ICON_Faith] Đức tin cho mỗi Đặc Khu đặc biệt được xây dựng.</Text>
		</Replace>
		<Replace Language="en_US" Tag="LOC_POLICY_SCENARIO_NATURAL_PHILOSOPHY_DESCRIPTION">
			<Text>+100% [ICON_Science] Khoa học Khu quân sự.</Text>
		</Replace>
		<Replace Language="en_US" Tag="LOC_POLICY_SCENARIO_SIEGE_TACTICS_DESCRIPTION">
			<Text>+100% [ICON_Production] Sản Phẩm đối với đơn vị Công thành và hỗ trợ.</Text>
		</Replace>
		<Replace Language="en_US" Tag="LOC_POLICY_SCENARIO_TRADE_CONFEDERATION_DESCRIPTION">
			<Text>+4 [ICON_Gold] Vàng từ [ICON_TradeRoute] Tuyến đường thương mại quốc tế.</Text>
		</Replace>
		<Replace Language="en_US" Tag="LOC_POLICY_SCENARIO_TRAVELING_MONKS_DESCRIPTION">
			<Text>[ICON_TradeRoute] Tuyến đường thương mại nội địa +2 [ICON_Faith] Đức tin.</Text>
		</Replace>
		<Replace Language="en_US" Tag="LOC_POLICY_SCENARIO_VOLLEY_DESCRIPTION">
			<Text>+100% [ICON_Production] Sản phẩm đối với đơn vị tầm xa.</Text>
		</Replace>
		<!--Units Name-->
		<Replace Language="en_US" Tag="LOC_UNIT_SCENARIO_HUSCARL_NAME">
			<Text>Lính Huscarl</Text>
		</Replace>
		<!--Units Description-->
		<Replace Language="en_US" Tag="LOC_UNIT_SCENARIO_HUSCARL_DESCRIPTION">
			<Text>Đơn vị cận chiến rất mạnh khi chống lại các đơn vị tầm xa. Giá [ICON_Production] Sản phẩm thấp.</Text>
		</Replace>
		<Replace Language="en_US" Tag="LOC_UNIT_SCENARIO_MISSIONARY_DESCRIPTION">
			<Text>Viking là đơn vị duy nhất có thể cải giáo [ICON_Citizen] Công dân theo tôn giáo của họ.</Text>
		</Replace>
		<!--Continent Descriptions-->
		<Replace Language="en_US" Tag="LOC_CONTINENT_SCENARIO_BRITAIN_DESCRIPTION">
			<Text>Great Britain</Text>
		</Replace>
		<Replace Language="en_US" Tag="LOC_CONTINENT_SCENARIO_FAROE_DESCRIPTION">
			<Text>Faroe Islands</Text>
		</Replace>
		<Replace Language="en_US" Tag="LOC_CONTINENT_SCENARIO_GREENLAND_DESCRIPTION">
			<Text>Greenland</Text>
		</Replace>
		<Replace Language="en_US" Tag="LOC_CONTINENT_SCENARIO_HEBRIDES_DESCRIPTION">
			<Text>Hebrides</Text>
		</Replace>
		<Replace Language="en_US" Tag="LOC_CONTINENT_SCENARIO_ICELAND_DESCRIPTION">
			<Text>Iceland</Text>
		</Replace>
		<Replace Language="en_US" Tag="LOC_CONTINENT_SCENARIO_IRELAND_DESCRIPTION">
			<Text>Ireland</Text>
		</Replace>
		<Replace Language="en_US" Tag="LOC_CONTINENT_SCENARIO_NORTHERN_ISLES_DESCRIPTION">
			<Text>Northern Isles</Text>
		</Replace>
		<Replace Language="en_US" Tag="LOC_CONTINENT_SCENARIO_SCANDINAVIA_DESCRIPTION">
			<Text>Scandinavia</Text>
		</Replace>
		<Replace Language="en_US" Tag="LOC_CONTINENT_SCENARIO_VINLAND_DESCRIPTION">
			<Text>Vinland</Text>
		</Replace>
		<!--Continent Cities-->
		<Replace Language="en_US" Tag="LOC_CITY_NAME_SCENARIO_TORSHAVN">
			<Text>Tórshavn</Text>
		</Replace>
		<Replace Language="en_US" Tag="LOC_CITY_NAME_SCENARIO_FUNNINGUR">
			<Text>Funningur</Text>
		</Replace>
		<Replace Language="en_US" Tag="LOC_CITY_NAME_SCENARIO_LEIRVIK">
			<Text>Leirvik</Text>
		</Replace>
		<Replace Language="en_US" Tag="LOC_CITY_NAME_SCENARIO_BRATTAHLID">
			<Text>Brattahlíð</Text>
		</Replace>
		<Replace Language="en_US" Tag="LOC_CITY_NAME_SCENARIO_HVALSEY">
			<Text>Hvalsey</Text>
		</Replace>
		<Replace Language="en_US" Tag="LOC_CITY_NAME_SCENARIO_SANDNAES">
			<Text>Sandnæs</Text>
		</Replace>
		<Replace Language="en_US" Tag="LOC_CITY_NAME_SCENARIO_GARDAR">
			<Text>Garðar</Text>
		</Replace>
		<Replace Language="en_US" Tag="LOC_CITY_NAME_SCENARIO_HERJOLFSNES">
			<Text>Herjolfsnes</Text>
		</Replace>
		<Replace Language="en_US" Tag="LOC_CITY_NAME_SCENARIO_SKID">
			<Text>Skíð</Text>
		</Replace>
		<Replace Language="en_US" Tag="LOC_CITY_NAME_SCENARIO_MYL">
			<Text>Myl</Text>
		</Replace>
		<Replace Language="en_US" Tag="LOC_CITY_NAME_SCENARIO_BARR_OY">
			<Text>Bjarnar-øy</Text>
		</Replace>
		<Replace Language="en_US" Tag="LOC_CITY_NAME_SCENARIO_REYKJAVIK">
			<Text>Reykjavík</Text>
		</Replace>
		<Replace Language="en_US" Tag="LOC_CITY_NAME_SCENARIO_HUSAVIK">
			<Text>Húsavík</Text>
		</Replace>
		<Replace Language="en_US" Tag="LOC_CITY_NAME_SCENARIO_AKRANES">
			<Text>Akranes</Text>
		</Replace>
		<Replace Language="en_US" Tag="LOC_CITY_NAME_SCENARIO_SKALHOLT">
			<Text>Skálaholt</Text>
		</Replace>
		<Replace Language="en_US" Tag="LOC_CITY_NAME_SCENARIO_DYFLIN">
			<Text>Dyflin</Text>
		</Replace>
		<Replace Language="en_US" Tag="LOC_CITY_NAME_SCENARIO_INIS_SIBHTONN">
			<Text>Inis Sibhtonn</Text>
		</Replace>
		<Replace Language="en_US" Tag="LOC_CITY_NAME_SCENARIO_VEDRAFJORDR">
			<Text>Veðrafjǫrðr,</Text>
		</Replace>
		<Replace Language="en_US" Tag="LOC_CITY_NAME_SCENARIO_VEISAFJORDR">
			<Text>Veisafjǫrðr</Text>
		</Replace>
		<Replace Language="en_US" Tag="LOC_CITY_NAME_SCENARIO_KIRKJUVAGR">
			<Text>Kirkjuvagr</Text>
		</Replace>
		<Replace Language="en_US" Tag="LOC_CITY_NAME_SCENARIO_SKALAVAGR">
			<Text>Skálavágr</Text>
		</Replace>
		<Replace Language="en_US" Tag="LOC_CITY_NAME_SCENARIO_BIRGISHERD">
			<Text>Birgisherað</Text>
		</Replace>
		<Replace Language="en_US" Tag="LOC_CITY_NAME_SCENARIO_EID">
			<Text>Eið</Text>
		</Replace>
		<!--Religion-->
		<Replace Language="en_US" Tag="LOC_BELIEF_ODIN_NAME">
			<Text>Ôdin</Text>
		</Replace>
		<Replace Language="en_US" Tag="LOC_BELIEF_ODIN_DESCRIPTION">
			<Text>+100 [ICON_Gold] Vàng khi cướp bóc một ô đất và tôn giáo của bạn không chiếm ưu thế.</Text>
		</Replace>
		<Replace Language="en_US" Tag="LOC_BELIEF_POPULATION_GROWTH_NAME">
			<Text>Tăng trưởng dân số</Text>
		</Replace>
		<Replace Language="en_US" Tag="LOC_BELIEF_POPULATION_GROWTH_DESCRIPTION">
			<Text>Chiến thắng gấp đôi điểm cho dân số nếu tôn giáo đó là tôn giáo chiếm ưu thế.</Text>
		</Replace>
		<!--Buildings-->
		<Replace Language="en_US" Tag="LOC_BUILDING_SCENARIO_HAGIA_SOPHIA_DESCRIPTION">
			<Text>Kỳ quan đặc biệt của Byzantium.</Text>
		</Replace>
		<Replace Language="en_US" Tag="LOC_BUILDING_SCENARIO_ALHAMBRA_DESCRIPTION">
			<Text>Kỳ quan đặc biệt của Al-Andalus.</Text>
		</Replace>
		<Replace Language="en_US" Tag="LOC_BUILDING_SCENARIO_MONT_ST_MICHEL_DESCRIPTION">
			<Text>Kỳ quan đặc biệt của Francia.</Text>
		</Replace>
		<!--Float-->
		<Replace Language="en_US" Tag="LOC_PILLAGE_GOLD_DESCRIPTION">
			<Text>+100 [COLOR_FLOAT_GOLD]Vàng[ENDCOLOR]</Text>
		</Replace>
		<Replace Language="en_US" Tag="LOC_VINLAND_GOLD_DESCRIPTION">
			<Text>+500 [COLOR_FLOAT_GOLD]Vàng[ENDCOLOR]</Text>
		</Replace>
		<Replace Language="en_US" Tag="LOC_WORLD_POINTS_FLOATER">
			<Text>[COLOR_GREEN]+{1_Num} Điểm[ENDCOLOR]</Text>
		</Replace>
		<!--District-->
		<Replace Language="en_US" Tag="LOC_DISTRICT_SCENARIO_ENCAMPMENT_DESCRIPTION">
			<Text>Một đặc khu trong thành phố dành cho các hoạt động quân sự. Ngoài ra cũng cung cấp khoa học.</Text>
		</Replace>
		<Replace Language="en_US" Tag="LOC_DISTRICT_SCENARIO_HOLY_SITE_DESCRIPTION">
			<Text>Một đặc khu trong thành phố để thờ phụng tôn giáo. Ngoài ra cũng cung cấp văn hóa.</Text>
		</Replace>
	</LocalizedText>
</GameData>
