<?xml version="1.0" encoding="utf-8"?>
<GameData>
	<LocalizedText>
		<Delete Tag="LOC_PEDIA_LEADERS_PAGE_LEADER_T_ROOSEVELT_CHAPTER_CAPSULE_BODY"/>
		<Delete Tag="LOC_PEDIA_LEADERS_PAGE_LEADER_T_ROOSEVELT_CHAPTER_DETAILED_BODY"/>
		<Delete Tag="LOC_PEDIA_LEADERS_PAGE_LEADER_T_ROOSEVELT_TITLE"/>
		<Delete Tag="LOC_DIPLO_KUDO_EXIT_LEADER_T_ROOSEVELT_ANY"/>
		<Delete Tag="LOC_DIPLO_WARNING_EXIT_LEADER_T_ROOSEVELT_ANY"/>
		<Delete Tag="LOC_DIPLO_KUDO_LEADER_T_ROOSEVELT_REASON_ANY"/>
		<Delete Tag="LOC_DIPLO_WARNING_LEADER_T_ROOSEVELT_REASON_ANY"/>
	</LocalizedText>
</GameData>
