<?xml version="1.0" encoding="utf-8"?>
<GameData>
    <LocalizedText>
        <Replace Language="en_US" Tag="LOC_LEADER_T_ROOSEVELT_ROUGHRIDER_NAME">
            <Text>Teddy Roosevelt (Rough Rider)</Text>
        </Replace>
        <Replace Language="en_US" Tag="LOC_LEADER_T_ROOSEVELT_ORIGINAL_NAME">
            <Text>Teddy Roosevelt (Bull Moose)</Text>
        </Replace>
        <Replace Language="en_US" Tag="LOC_TRAIT_LEADER_ANTIQUES_AND_PARKS_NAME">
            <Text>Cổ vật và Công viên</Text>
        </Replace>
        <Replace Language="en_US" Tag="LOC_TRAIT_LEADER_ANTIQUES_AND_PARKS_DESCRIPTION">
            <Text>Các ô cạnh Kỳ quan thiên nhiên hoặc Núi sẽ nhận được +2 [ICON_SCIENCE] Khoa học. Các ô cạnh Kỳ quan hoặc Rừng nhận được +2 [ICON_CULTURE] Văn hóa. Tất cả các ô trong thành phố có Vườn quốc gia đều được +1 Kháng nghị.</Text>
        </Replace>
        <Replace Language="en_US" Tag="LOC_TRAIT_LEADER_ROOSEVELT_COROLLARY_ROUGH_RIDER_DESCRIPTION">
            <Text>Các đơn vị nhận được +5 [ICON_Strength] Sức mạnh Chiến đấu trên lục địa quê hương của nền văn minh. Các phái viên [ICON_Envoy] được gửi đến Thành phố tự trị mà bạn có Tuyến giao thương [ICON_TradeRoute] thì được tính thành hai phái đoàn. Nhận được đơn vị độc nhất Rough Rider và Rifling.</Text>
        </Replace>
        <Replace Language="en_US" Tag="LOC_DIPLO_MODIFIER_BULL_MOOSE_POSITIVE_APPEAL">
            <Text>Họ ngưỡng mộ những mảnh đất trù phú mà đế chế bạn đang khai phá</Text>
        </Replace>
        <Replace Language="en_US" Tag="LOC_DIPLO_MODIFIER_BULL_MOOSE_NEGATIVE_APPEAL">
            <Text>Họ thất vọng vì đế chế của bạn thiếu đi những mảnh đất trù phú</Text>
        </Replace>
    </LocalizedText>
</GameData>
