<?xml version="1.0" encoding="utf-8"?>
<GameData>
	<LocalizedText>
		<!-- Shell UI -->
		<Replace Language="en_US" Tag="LOC_WARMACHINE_SCENARIO_ERA_INDUSTRIAL_DESCRIPTION">
			<Text>Trong kịch bản này, bạn chỉ huy quân đội của Pháp hoặc Đức trong tháng đầu tiên của Thế chiến I. Bạn có một đội quân khổng lồ sẵn sàng tấn công, một quốc gia công nghiệp sẵn sàng hỗ trợ nó và chỉ có 40 lượt để đánh chiếm hoặc bảo vệ Paris. Bạn có thể chiến thắng trong cuộc đụng độ vũ khí vĩ đại nhất mà thế giới từng chứng kiến không? Hay cuộc chiến trên quy mô và tốc độ này sẽ khiến bạn choáng ngợp?</Text>
		</Replace>
		<Replace Language="en_US" Tag="LOC_WARMACHINE_SCENARIO_NAME">
			<Text>Cỗ máy chiến tranh</Text>
		</Replace>
		<Replace Language="en_US" Tag="LOC_WARMACHINE_SCENARIO_SCORE_VICTORY_NAME">
			<Text>Chiến thắng Cỗ máy Chiến tranh</Text>
		</Replace>
		<Replace Language="en_US" Tag="LOC_WARMACHINE_SCENARIO_SCORE_VICTORY_TT">
			<Text>Như Đức, bạn phải chiếm thành phố Paris trong thời hạn. Với tư cách là Pháp, bạn phải bảo vệ Paris khỏi bị chiếm đóng cho đến khi hết thời gian.</Text>
		</Replace>
		<!-- Misc -->
		<Replace Language="en_US" Tag="LOC_VICTORY_WARMACHINE_SCENARIO_NAME">
			<Text>Chiến thắng Cỗ máy Chiến tranh</Text>
		</Replace>
		<Replace Language="en_US" Tag="LOC_VICTORY_WARMACHINE_SCENARIO_TEXT">
			<Text>Bạn đã chiến thắng trong chiến dịch của mình!</Text>
		</Replace>
		<Replace Language="en_US" Tag="LOC_VICTORY_WARMACHINE_SCENARIO_TT">
			<Text>Để giành chiến thắng như Đức: chiếm Paris trước khi hết thời gian. Để giành chiến thắng với tư cách là Pháp: bảo vệ Paris khỏi bị chiếm cho đến khi hết thời gian.</Text>
		</Replace>
		<!-- Map -->
		<Replace Language="en_US" Tag="LOC_MAPSIZE_WARMACHINE_SCENARIO_NAME">
			<Text>Mặt trận phía Tây của Thế chiến I</Text>
		</Replace>
		<Replace Language="en_US" Tag="LOC_MAPSIZE_WARMACHINE_SCENARIO_DESCRIPTION">
			<Text>Một bản đồ tiêu chuẩn mô tả vùng biên giới giữa Pháp và Đức vào năm 1914.</Text>
		</Replace>
		<!-- France -->
		<Replace Language="en_US" Tag="LOC_LEADER_WARMACHINE_SCENARIO_FRANCE_NAME">
			<Text>Bộ tư lệnh tối cao Pháp</Text>
		</Replace>
		<Replace Language="en_US" Tag="LOC_CIVILIZATION_WARMACHINE_SCENARIO_FRANCE_NAME">
			<Text>Nước pháp</Text>
		</Replace>
		<Replace Language="en_US" Tag="LOC_CIVILIZATION_WARMACHINE_SCENARIO_FRANCE_DESCRIPTION">
			<Text>Cộng hòa thứ ba thuộc Pháp</Text>
		</Replace>
		<Replace Language="en_US" Tag="LOC_CIVILIZATION_WARMACHINE_SCENARIO_FRANCE_ADJECTIVE">
			<Text>Người Pháp</Text>
		</Replace>
		<Replace Language="en_US" Tag="LOC_WARMACHINE_SCENARIO_FRANCE_ABILITY_NAME">
			<Text>Attaque à Outrance</Text>
		</Replace>
		<Replace Language="en_US" Tag="LOC_WARMACHINE_SCENARIO_FRANCE_ABILITY_DESCRIPTION">
			<Text>Tăng bộ binh +4 [ICON_Strength] Sức mạnh Chiến đấu khi tấn công.</Text>
		</Replace>
		<!-- Germany -->
		<Replace Language="en_US" Tag="LOC_LEADER_WARMACHINE_SCENARIO_GERMANY_NAME">
			<Text>Bộ Tổng tham mưu Đức</Text>
			<Plurality>2</Plurality>
		</Replace>
		<Replace Language="en_US" Tag="LOC_CIVILIZATION_WARMACHINE_SCENARIO_GERMANY_NAME">
			<Text>Đế chế Đức</Text>
		</Replace>
		<Replace Language="en_US" Tag="LOC_CIVILIZATION_WARMACHINE_SCENARIO_GERMANY_DESCRIPTION">
			<Text>Đế quốc Đức</Text>
		</Replace>
		<Replace Language="en_US" Tag="LOC_CIVILIZATION_WARMACHINE_SCENARIO_GERMANY_ADJECTIVE">
			<Text>Tiếng Đức</Text>
		</Replace>
		<Replace Language="en_US" Tag="LOC_WARMACHINE_SCENARIO_GERMANY_ABILITY_NAME">
			<Text>Krupp Innovation</Text>
		</Replace>
		<Replace Language="en_US" Tag="LOC_WARMACHINE_SCENARIO_GERMANY_ABILITY_DESCRIPTION">
			<Text>Pháo binh tăng 4 [ICON_Strength] Sức mạnh chiến đấu khi tấn công.</Text>
		</Replace>
		<!-- Great Britain -->
		<Replace Language="en_US" Tag="LOC_LEADER_WARMACHINE_SCENARIO_BRITAIN_NAME">
			<Text>BEF</Text>
		</Replace>
		<Replace Language="en_US" Tag="LOC_CIVILIZATION_WARMACHINE_SCENARIO_BRITAIN_NAME">
			<Text>Nước Anh</Text>
		</Replace>
		<Replace Language="en_US" Tag="LOC_CIVILIZATION_WARMACHINE_SCENARIO_BRITAIN_DESCRIPTION">
			<Text>Vương quốc Anh</Text>
		</Replace>
		<Replace Language="en_US" Tag="LOC_CIVILIZATION_WARMACHINE_SCENARIO_BRITAIN_ADJECTIVE">
			<Text>Người Anh</Text>
		</Replace>
		<!-- Belgium -->
		<Replace Language="en_US" Tag="LOC_LEADER_WARMACHINE_SCENARIO_BELGIUM_NAME">
			<Text>Vua Albert I</Text>
		</Replace>
		<Replace Language="en_US" Tag="LOC_CIVILIZATION_WARMACHINE_SCENARIO_BELGIUM_NAME">
			<Text>Bỉ</Text>
		</Replace>
		<Replace Language="en_US" Tag="LOC_CIVILIZATION_WARMACHINE_SCENARIO_BELGIUM_DESCRIPTION">
			<Text>Vương quốc Bỉ</Text>
		</Replace>
		<Replace Language="en_US" Tag="LOC_CIVILIZATION_WARMACHINE_SCENARIO_BELGIUM_ADJECTIVE">
			<Text>Belgian</Text>
		</Replace>
		<!--Luxembourg-->
		<Replace Language="en_US" Tag="LOC_CIVILIZATION_WARMACHINE_SCENARIO_LUXEMBOURG_NAME">
			<Text>Luxembourg</Text>
		</Replace>
		<Replace Language="en_US" Tag="LOC_CIVILIZATION_WARMACHINE_SCENARIO_LUXEMBOURG_DESCRIPTION">
			<Text>Đại Công quốc Luxembourg</Text>
		</Replace>
		<Replace Language="en_US" Tag="LOC_CIVILIZATION_WARMACHINE_SCENARIO_LUXEMBOURG_ADJECTIVE">
			<Text>Tiếng Luxembourg</Text>
		</Replace>
		<Replace Language="en_US" Tag="LOC_LEADER_WARMACHINE_SCENARIO_LUXEMBOURG_NAME">
			<Text>Luxembourg</Text>
		</Replace>
	</LocalizedText>
</GameData>
