<?xml version="1.0" encoding="utf-8"?>
<GameData>
	<LocalizedText>
		<!-- REPLACEMENTS -->
		<Delete Tag="LOC_BUILDING_STAR_FORT_NAME"/>
		<Delete Tag="LOC_BUILDING_STAR_FORT_DESCRIPTION"/>
		<Delete Tag="LOC_PEDIA_UNITS_PAGE_UNIT_GREAT_GENERAL_CHAPTER_HISTORY_PARA_1"/>
		<Delete Tag="LOC_WORLD_RANKINGS_SCORE_VICTORY"/>
		<Delete Tag="LOC_WORLD_RANKINGS_SCORE_DETAILS"/>
	</LocalizedText>
	<LocalizedText>
		<!-- REPLACEMENTS -->
		<Replace Language="en_US" Tag="LOC_BUILDING_STAR_FORT_NAME">
			<Text>Pháo đài</Text>
		</Replace>
		<Replace Language="en_US" Tag="LOC_BUILDING_STAR_FORT_DESCRIPTION">
			<Text>Nâng cao sức mạnh của hàng phòng thủ bên ngoài của bạn để chống lại tất cả trừ các cuộc tấn công tập trung nhất.</Text>
		</Replace>
		<Replace Language="en_US" Tag="LOC_WORLD_RANKINGS_SCORE_VICTORY">
			<Text>Chiến thắng Cỗ máy Chiến tranh</Text>
		</Replace>
		<Replace Language="en_US" Tag="LOC_WORLD_RANKINGS_SCORE_DETAILS">
			<Text>Như Đức, bạn phải chiếm thành phố Paris trong thời hạn. Với tư cách là Pháp, bạn phải bảo vệ Paris khỏi bị chiếm đóng cho đến khi hết thời gian.</Text>
		</Replace>
		<!--HUD-->
		<Replace Language="en_US" Tag="LOC_WARMACHINE_CALENDAR_AUGUST">
			<Text>{1_Day} Tháng 8, 1914</Text>
		</Replace>
		<Replace Language="en_US" Tag="LOC_WARMACHINE_CALENDAR_SEPT">
			<Text>{1_Day} Tháng 9, 1914</Text>
		</Replace>
		<!--Great People-->
		<Replace Language="en_US" Tag="LOC_GREAT_PERSON_INDIVIDUAL_GENERAL_DEFAULT_NAME">
			<Text>Tư lệnh địa phương</Text>
		</Replace>
		<Replace Language="en_US" Tag="LOC_SCENARIO_WARMACHINE_GREAT_GENERAL_STRENGTH">
			<Text>+3 [ICON_Strength] Sức mạnh Chiến đấu cho các đơn vị tiếp đất trong 2 ô.</Text>
		</Replace>
		<Replace Language="en_US" Tag="LOC_SCENARIO_WARMACHINE_GREAT_GENERAL_STRENGTH_MODIFIER">
			<Text>+3 [ICON_Strength] Tiền thưởng chiến đấu từ Đại tướng.</Text>
		</Replace>
		<!--Buildings-->
		<Replace Language="en_US" Tag="LOC_BUILDING_HEADQUARTERS_NAME">
			<Text>Trụ sở chính</Text>
		</Replace>
		<!--Techs-->
		<Replace Language="en_US" Tag="LOC_TECH_AIRCRAFT_NAME">
			<Text>Phi cơ</Text>
		</Replace>
		<Replace Language="en_US" Tag="LOC_TECH_FORTIFICATIONS_NAME">
			<Text>Công sự</Text>
		</Replace>
		<Replace Language="en_US" Tag="LOC_TECH_FORTIFICATIONS_DESCRIPTION">
			<Text>+100 điểm đạt được ở tất cả các thành phố.</Text>
		</Replace>
		<Replace Language="en_US" Tag="LOC_TECH_HEAVY_ARTILLERY_NAME">
			<Text>Pháo binh hạng nặng</Text>
		</Replace>
		<Replace Language="en_US" Tag="LOC_TECH_HEAVY_ARTILLERY_DESCRIPTION">
			<Text>+6 [ICON_Strength] Sức mạnh Chiến đấu cho các đơn vị Pháo binh.</Text>
		</Replace>
		<Replace Language="en_US" Tag="LOC_TECH_LOGISTICS_NAME">
			<Text>Logistics</Text>
		</Replace>
		<Replace Language="en_US" Tag="LOC_TECH_LOGISTICS_DESCRIPTION">
			<Text>Cho phép thành lập và huấn luyện các đội quân.</Text>
		</Replace>
		<Replace Language="en_US" Tag="LOC_TECH_COMMAND_NAME">
			<Text>Chỉ huy</Text>
		</Replace>
		<Replace Language="en_US" Tag="LOC_TECH_COMMAND_DESCRIPTION">
			<Text>Cấp 2 [ICON_GreatGeneral] Tướng vĩ đại tự do trong Số vốn [ICON_Capital] của bạn.</Text>
		</Replace>
		<Replace Language="en_US" Tag="LOC_TECH_INDUSTRIAL_WARFARE_NAME">
			<Text>Chiến tranh công nghiệp</Text>
		</Replace>
		<Replace Language="en_US" Tag="LOC_TECH_INDUSTRIAL_WARFARE_DESCRIPTION">
			<Text>+5 [ICON_Strength] Sức mạnh Chiến đấu cho tất cả các đơn vị.</Text>
		</Replace>
		<Replace Language="en_US" Tag="LOC_INDUSTRIAL_WARFARE_COMBAT_STRENGTH_PREVIEW_TEXT">
			<Text>+{1_Amount} Chiến tranh công nghiệp</Text>
		</Replace>
		<Replace Language="en_US" Tag="LOC_HEAVY_ARTILLERY_COMBAT_STRENGTH_PREVIEW_TEXT">
			<Text>+{1_Amount} Pháo binh hạng nặng</Text>
		</Replace>
		<!--Units-->
		<Replace Language="en_US" Tag="LOC_UNIT_MILITARY_ENGINEER_WARMACHINE_DESCRIPTION">
			<Text>Đơn vị hỗ trợ thời trung cổ. Yêu cầu một kho vũ khí để sản xuất. Có thể xây dựng các cải tiến Đường sắt, Cầu cảng và Đường băng.</Text>
		</Replace>
		<!-- City Names -->
		<Replace Language="en_US" Tag="LOC_CITY_NAME_LILLE">
			<Text>Lille</Text>
		</Replace>
		<Replace Language="en_US" Tag="LOC_CITY_NAME_REIMS">
			<Text>Reims</Text>
		</Replace>
		<Replace Language="en_US" Tag="LOC_CITY_NAME_NANCY">
			<Text>Nancy</Text>
		</Replace>
		<Replace Language="en_US" Tag="LOC_CITY_NAME_BELFORT">
			<Text>Belfort</Text>
		</Replace>
		<Replace Language="en_US" Tag="LOC_CITY_NAME_ORLEANS">
			<Text>Orleans</Text>
		</Replace>
		<Replace Language="en_US" Tag="LOC_CITY_NAME_CHARTES">
			<Text>Chartes</Text>
		</Replace>
		<Replace Language="en_US" Tag="LOC_CITY_NAME_KOLN">
			<Text>Köln</Text>
		</Replace>
		<Replace Language="en_US" Tag="LOC_CITY_NAME_KOBLENZ">
			<Text>Koblenz</Text>
		</Replace>
		<Replace Language="en_US" Tag="LOC_CITY_NAME_MANNHEIM">
			<Text>Mannheim</Text>
		</Replace>
		<Replace Language="en_US" Tag="LOC_CITY_NAME_STRASSBURG">
			<Text>Strassburg</Text>
		</Replace>
		<Replace Language="en_US" Tag="LOC_CITY_NAME_COLMAR">
			<Text>Colmar</Text>
		</Replace>
		<Replace Language="en_US" Tag="LOC_CITY_NAME_ANTWERP">
			<Text>Antwerp</Text>
		</Replace>
		<Replace Language="en_US" Tag="LOC_CITY_NAME_LIEGE">
			<Text>Liège</Text>
		</Replace>
		<Replace Language="en_US" Tag="LOC_CITY_NAME_NAMUR">
			<Text>Namur</Text>
		</Replace>
		<Replace Language="en_US" Tag="LOC_CITY_NAME_MONS">
			<Text>Mons</Text>
		</Replace>
		<Replace Language="en_US" Tag="LOC_CITY_NAME_LUXEMBOURG">
			<Text>Luxembourg</Text>
		</Replace>
		<!--Scoring-->
		<Replace Language="en_US" Tag="LOC_SCENARIO_CATEGORY_CONTROL_OF_PARIS_NAME">
			<Text>Kiểm soát Paris</Text>
		</Replace>
		<Replace Language="en_US" Tag="LOC_SCENARIO_LINE_ITEM_CONTROL_OF_PARIS_NAME">
			<Text>Kiểm soát Paris</Text>
		</Replace>
		<!--Historic Rankings-->
		<Replace Language="en_US" Tag="LOC_WARMACHINE_SCENARIO_ENDGAME_RANK_1_NAME">
			<Text>Thống chế</Text>
		</Replace>
		<Replace Language="en_US" Tag="LOC_WARMACHINE_SCENARIO_ENDGAME_RANK_1_QUOTE">
			<Text>Bằng chứng về khả năng làm chủ quân sự không có trong các chiến dịch kéo dài, mà ở chiến thắng quyết định.</Text>
		</Replace>
		<Replace Language="en_US" Tag="LOC_WARMACHINE_SCENARIO_ENDGAME_RANK_2_NAME">
			<Text>Chung</Text>
		</Replace>
		<Replace Language="en_US" Tag="LOC_WARMACHINE_SCENARIO_ENDGAME_RANK_2_QUOTE">
			<Text>Chỉ huy là nghệ thuật chỉ đạo thành công và dễ dàng các lực lượng trong chiến tranh.</Text>
		</Replace>
		<Replace Language="en_US" Tag="LOC_WARMACHINE_SCENARIO_ENDGAME_RANK_3_NAME">
			<Text>Đại tá</Text>
		</Replace>
		<Replace Language="en_US" Tag="LOC_WARMACHINE_SCENARIO_ENDGAME_RANK_3_QUOTE">
			<Text>Thành công hay thất bại cân bằng giữa thông tin và trực giác.</Text>
		</Replace>
		<Replace Language="en_US" Tag="LOC_WARMACHINE_SCENARIO_ENDGAME_RANK_4_NAME">
			<Text>Major</Text>
		</Replace>
		<Replace Language="en_US" Tag="LOC_WARMACHINE_SCENARIO_ENDGAME_RANK_4_QUOTE">
			<Text>Ở đâu có dũng khí, ở đó có sự táo bạo. Ở đâu có táo bạo, ở đó có động lực. Ở đâu có động lực, ở đó có chiến thắng.</Text>
		</Replace>
		<Replace Language="en_US" Tag="LOC_WARMACHINE_SCENARIO_ENDGAME_RANK_5_NAME">
			<Text>Đội trưởng</Text>
		</Replace>
		<Replace Language="en_US" Tag="LOC_WARMACHINE_SCENARIO_ENDGAME_RANK_5_QUOTE">
			<Text>Chiến thắng nếu có thể, nhưng trên hết là danh dự.</Text>
		</Replace>
		<!-- ************************************************ -->
		<!-- CIVILOPEDIA -->
		<!-- ************************************************ -->
		<!--Tech-->
		<Replace Language="en_US" Tag="LOC_PEDIA_TECHNOLOGIES_PAGE_TECH_HEAVY_ARTILLERY_CHAPTER_HISTORY_PARA_1">
			<Text>Người Đức đã phát triển các loại súng bao vây chuyên dụng để phá vỡ hệ thống phòng thủ của các pháo đài bao quanh Bỉ. Những điều này được chứng minh là rất thành công, khiến pháo đài sụp đổ sớm hơn dự kiến của các nhà quy hoạch. Người Pháp đã phát triển một loại pháo 75mm tinh vi và mạnh mẽ, chứng tỏ sức mạnh lâu dài và linh hoạt. Nhưng cả hai đều không đủ để tự mình phá vỡ thế bế tắc của chiến hào — các công nghệ mới trong xe tăng và máy bay cũng như các chiến thuật đơn vị nhỏ cuối cùng sẽ làm được điều đó.</Text>
		</Replace>
		<Replace Language="en_US" Tag="LOC_PEDIA_TECHNOLOGIES_PAGE_TECH_LOGISTICS_CHAPTER_HISTORY_PARA_1">
			<Text>Logistics là quá trình cung cấp vật chất cho quân đội để thay thế cho những tổn thất và chi phí. Mặc dù không hào nhoáng, thành công trong chiến tranh phụ thuộc vào việc nắm bắt những chi tiết này hoàn toàn đúng. Tài tử nghiên cứu chiến thuật; các chuyên gia nghiên cứu về logistics.</Text>
		</Replace>
		<Replace Language="en_US" Tag="LOC_PEDIA_TECHNOLOGIES_PAGE_TECH_COMMAND_CHAPTER_HISTORY_PARA_1">
			<Text>Sau thời đại Napoléon, các sĩ quan quân đội chuyên nghiệp bắt đầu kết hợp cả kế hoạch chiến lược và hoạt động vào công việc của họ. Các nhân viên chỉ huy chuyên nghiệp là một bộ phận của quân đội chịu trách nhiệm chuyển các mục tiêu chính trị của chiến tranh thành các mục tiêu quân sự. </Text>
		</Replace>
		<Replace Language="en_US" Tag="LOC_PEDIA_TECHNOLOGIES_PAGE_TECH_INDUSTRIAL_WARFARE_CHAPTER_HISTORY_PARA_1">
			<Text>Trong chiến tranh tổng lực, mọi nguồn lực của nhà nước đều được đưa vào phục vụ mục đích chiến tranh. Trong một xã hội công nghiệp, điều này có nghĩa là tổng thể cơ sở hạ tầng công nghiệp được làm lại để tạo ra vũ khí, đào tạo hàng loạt người dân dưới vũ khí để nhập ngũ hàng loạt và định hướng nền kinh tế thông qua các công cụ chính trị công khai. Nó có thể biến đổi xã hội theo những cách tồn tại lâu dài sau khi xung đột kết thúc.</Text>
		</Replace>
		<Replace Language="en_US" Tag="LOC_PEDIA_TECHNOLOGIES_PAGE_TECH_FORTIFICATIONS_CHAPTER_HISTORY_PARA_1">
			<Text>Việc phát minh ra súng máy và các loại đạn pháo nổ cao mới có nghĩa là các công sự cũng thay đổi trong những năm dẫn đến Chiến tranh thế giới thứ nhất. Các hệ thống chiến hào rộng lớn của Phương diện quân Tây có thể được coi là biểu hiện vật chất của sức mạnh phòng thủ tối cao so với tấn công trong phần lớn thời gian của cuộc chiến. Tương tự như vậy, các chiến thuật hiện đại dành cho bộ binh và xe tăng được phát triển từ năm 1916 trở đi có thể được coi là một nỗ lực để vượt qua ưu thế phòng thủ này.</Text>
		</Replace>
		<Replace Language="en_US" Tag="LOC_PEDIA_TECHNOLOGIES_PAGE_TECH_AIRCRAFT_CHAPTER_HISTORY_PARA_1">
			<Text>Vào đầu Thế chiến thứ nhất, hàng không vẫn còn sơ khai, máy bay là những cỗ máy do thám đắt tiền và không đáng tin cậy. Vào cuối chiến tranh, chúng là một lực lượng chủ yếu của mọi quân đội lớn trên hành tinh và được sử dụng cho các cuộc tấn công chiến thuật và ném bom chiến lược, đã trải qua quá trình phát triển nhanh chóng trong rất quan trọng của cuộc chiến. Nghiên cứu và phát triển rất tốn kém nên phần lớn được thực hiện thông qua sự tài trợ của nhà nước hoặc hợp tác công tư.</Text>
		</Replace>
		<!--Leaders-->
		<Replace Language="en_US" Tag="LOC_PEDIA_LEADERS_PAGE_LEADER_WARMACHINE_SCENARIO_FRANCE_CHAPTER_HISTORY_PARA_1">
			<Text>Sau trận Sedan thảm khốc trong Chiến tranh Pháp-Phổ năm 1870, các nhà hoạch định quân sự của Pháp phải phục hồi sau mất mát thảm khốc và hậu quả chính trị nhục nhã đó để xây dựng lại quân đội thành một trong những đội quân hạng nhất của châu Âu. Trái ngược với xu hướng của Đức về các kế hoạch tác chiến chi tiết, các sĩ quan quân đội Pháp bắt đầu tán thành học thuyết về các cuộc tấn công linh hoạt.</Text>
		</Replace>
		<Replace Language="en_US" Tag="LOC_PEDIA_LEADERS_PAGE_LEADER_WARMACHINE_SCENARIO_FRANCE_CHAPTER_HISTORY_PARA_2">
			<Text>Người ta cho rằng quân đội sẽ giữ được động lực của mình thông qua việc tấn công liên tục vào phòng tuyến của kẻ thù, và khai thác tàn nhẫn bất kỳ điểm yếu nào sau đó. Kẻ thù sẽ không bao giờ có thể giữ được thăng bằng của họ, thế chủ động sẽ thuộc về người Pháp, và những bước tiến thần tốc của kẻ thù Đức sẽ bị kiểm tra bằng những đòn phản công chớp nhoáng. Điều này sẽ được áp dụng từ cấp tiểu đoàn trở lên cấp nhà hát - nơi quân xâm lược yếu, quân Pháp sẽ tấn công.</Text>
		</Replace>
		<Replace Language="en_US" Tag="LOC_PEDIA_LEADERS_PAGE_LEADER_WARMACHINE_SCENARIO_FRANCE_CHAPTER_HISTORY_PARA_3">
			<Text>Một trong những nghịch lý lớn của tháng 8 năm 1914 là ngay cả khi quân Pháp loạng choạng dọc theo mặt trận ở Các nước vùng thấp, họ đang gặp những bước tiến qua Alsace và Lorraine, nhưng chúng phải được kiểm tra để cung cấp viện binh cứu Paris. Vào cuối năm đó, tinh thần “luôn luôn tiến công” đã phai nhạt và chiến hào xác định Mặt trận phía Tây.</Text>
		</Replace>
		<Replace Language="en_US" Tag="LOC_PEDIA_LEADERS_PAGE_LEADER_WARMACHINE_SCENARIO_GERMANY_CHAPTER_HISTORY_PARA_1">
			<Text>Những thành công của Quân đội Phổ vào năm 1870 trong Chiến tranh Pháp-Phổ đã minh chứng cho việc lập kế hoạch toàn diện, bài bản cho quân đội, cho đến thời gian biểu của các cuộc hành quân và xe lửa trên đường ray. Nhìn thấy một cuộc chiến tranh với Pháp trong tương lai có lẽ là không thể tránh khỏi, Bá tước von Schlieffen, Tổng tham mưu trưởng Đức, đã vạch ra kế hoạch cho một cuộc xâm lược Pháp trong tương lai, đi qua Các nước vùng Thấp và tiến xuống Paris ở phía nam. Kế hoạch xâm lược này đòi hỏi phải tập trung lực lượng vào sườn phía tây xa xôi của quân Đức để thành công - nhưng kế hoạch đầy đủ không bao giờ được thực hiện toàn bộ.</Text>
		</Replace>
		<Replace Language="en_US" Tag="LOC_PEDIA_LEADERS_PAGE_LEADER_WARMACHINE_SCENARIO_GERMANY_CHAPTER_HISTORY_PARA_2">
			<Text>Với cuộc chiến trên hai mặt trận, bộ chỉ huy tối cao của Đức đã chuyển một số lực lượng dự định cho sườn tây nặng nề sang một mặt trận hoàn toàn khác (trong trường hợp này là chống lại người Nga). Khi quân đội Đức tiêu diệt thành công các Nước vùng thấp, nó cũng khiến Quân đội Pháp quay trở lại, và sự hình thành nổi bật trong các phòng tuyến của Pháp đã khiến Bộ Tổng tham mưu Đức phải đối mặt với một mục tiêu hấp dẫn. Nhưng các yếu tố khác nhau, bao gồm việc cắt giảm lực lượng trong kế hoạch Schlieffen, sự di chuyển ngẫu hứng của quân Đức để đối phó với quân Pháp, và sự kháng cự gay gắt của quân Pháp và Anh đã khiến đòn loại trực tiếp không bao giờ đạt được mục tiêu.</Text>
		</Replace>
		<Replace Language="en_US" Tag="LOC_PEDIA_LEADERS_PAGE_LEADER_WARMACHINE_SCENARIO_GERMANY_CHAPTER_HISTORY_PARA_3">
			<Text>Người Đức đã đánh bạc và thua cuộc, và cuộc chiến đã trở thành bốn năm địa ngục dọc theo ranh giới mà kế hoạch Schlieffen đã chết.</Text>
		</Replace>
		<Replace Language="en_US" Tag="LOC_PEDIA_LEADERS_PAGE_LEADER_WARMACHINE_SCENARIO_BRITAIN_CHAPTER_HISTORY_PARA_1">
			<Text>Lực lượng Viễn chinh Anh là một đội quân nhỏ xông vào chiến trường với mục đích rõ ràng là lôi kéo người Anh tiến chặt hơn vào cuộc tranh chấp với người Pháp. Nằm ở cực tây của chiến tuyến Pháp, ban đầu họ được coi là một phép lịch sự chính trị hơn là một lực lượng quân sự đáng kể. Tuy nhiên, khi quân Đức tràn qua các Nước thấp tiến tới Paris, BEF đã chiến đấu với một lực lượng Đức vượt trội về số lượng trong Trận Mons, và mặc dù bị tấn công và cuối cùng buộc phải rút lui, họ đã cứu Tập đoàn quân số 5 của Pháp khỏi bị tiêu diệt. Trận chiến Mons là một trong những thành tựu quân sự nổi tiếng và được tôn vinh nhất của Vương quốc Anh và đồng nghĩa với BEF.</Text>
		</Replace>
		<Replace Language="en_US" Tag="LOC_PEDIA_LEADERS_PAGE_LEADER_WARMACHINE_SCENARIO_BELGIUM_CHAPTER_HISTORY_PARA_1">
			<Text>Quốc gia Bỉ được thành lập vào cuối Kỷ nguyên Napoléon như một phần của sự cân bằng các cường quốc châu Âu nhưng từ lâu đã là một đồng minh đặc biệt của Vương quốc Anh. Kế hoạch xâm lược của Pháp kêu gọi Quân đội Đức xâm lược qua Bỉ. Thật vậy, các phiên bản ban đầu của kế hoạch cho rằng Quân đội Bỉ sẽ cung cấp một đội bảo vệ danh dự dọc theo các con đường cho Quân đội Đức đi qua — một giả định rất sai, hóa ra là như vậy. </Text>
		</Replace>
		<Replace Language="en_US" Tag="LOC_PEDIA_LEADERS_PAGE_LEADER_WARMACHINE_SCENARIO_BELGIUM_CHAPTER_HISTORY_PARA_2">
			<Text>Thành phố Liege được bao quanh bởi một loạt pháo đài và là chướng ngại quân sự quan trọng đầu tiên đối với Quân đội Đức vào năm 1914. Các pháo đài, mặc dù chúng chiến đấu tốt trong nhiều trường hợp, nhưng không thể chống lại các loại súng bao vây đặc biệt được chế tạo riêng cho các mục đích phá vỡ những pháo đài này. Sự sụp đổ của các công sự Liege và sự tàn ác của quân đội Đức đối với người dân Bỉ đã làm khuynh đảo làn sóng dư luận chống lại Đức, đặc biệt là ở Anh.</Text>
		</Replace>
		<Replace Language="en_US" Tag="LOC_PEDIA_CITYSTATES_PAGE_CIVILIZATION_WARMACHINE_SCENARIO_LUXEMBOURG_CHAPTER_HISTORY_PARA_1">
			<Text>Công quốc Luxembourg nhỏ bé nằm giữa Pháp và Đức, và hơn thế nữa là trung tâm của điểm giao cắt đường sắt chính giữa các quốc gia. Việc chiếm được những cuộc bạo loạn này là rất quan trọng đối với kế hoạch xâm lược Pháp của Đức, và do đó, cuộc xâm lược Luxembourg là một trong những hành động đầu tiên của cuộc chiến năm 1914. </Text>
		</Replace>
		<!--Civs-->
		<Replace Language="en_US" Tag="LOC_PEDIA_CIVILIZATIONS_PAGE_CIVILIZATION_WARMACHINE_SCENARIO_FRANCE_CHAPTER_HISTORY_PARA_1">
			<Text>Pháp đã chuẩn bị chiến tranh với Đức kể từ sau thảm họa Chiến tranh Pháp-Phổ năm 1870, khi quân đội Phổ tấn công quân đội Pháp, bắt giữ Hoàng đế, và nhượng bộ nhục nhã trong nền hòa bình sau đó, bao gồm cả việc chấm dứt các lãnh thổ Alsace và Lorraine ở phía đông nước Pháp. Cả một thế hệ các chính trị gia và sĩ quan Pháp đã lớn lên trong bóng tối của thất bại này, và quyết tâm tìm kiếm sự minh oan, nếu không muốn nói là trả thù cho sự mất mát này.</Text>
		</Replace>
		<Replace Language="en_US" Tag="LOC_PEDIA_CIVILIZATIONS_PAGE_CIVILIZATION_WARMACHINE_SCENARIO_FRANCE_CHAPTER_HISTORY_PARA_2">
			<Text>Các đồng minh quân sự chính của Pháp là Nga và Anh, và chính lời tuyên chiến của Nga chống lại Đế quốc Áo-Hung đã thúc đẩy Pháp tham chiến thay cho các đồng minh. Tuy nhiên, Pháp chủ yếu tập trung vào cuộc chiến chống lại Đức của họ hơn là chống lại Áo-Hungary. Để đạt được mục tiêu đó, nỗ lực chính của Pháp khi chiến tranh bùng nổ là tấn công vào Alsace và Lorraine để nhanh chóng chiếm lại vùng lãnh thổ đó, khiến biên giới phía bắc với Bỉ và Luxembourg chỉ được phòng thủ nhẹ. Các kế hoạch chiến tranh của Pháp đã đánh giá rất thấp số lượng quân Đức sẽ tấn công dọc theo trục đó (người ta cho rằng quân Đức sẽ tiến qua Ardennes), buộc quân đội phải đột ngột thay đổi kế hoạch vào thời điểm chiến tranh bùng nổ.</Text>
		</Replace>
		<Replace Language="en_US" Tag="LOC_PEDIA_CIVILIZATIONS_PAGE_CIVILIZATION_WARMACHINE_SCENARIO_GERMANY_CHAPTER_HISTORY_PARA_1">
			<Text>Một thế hệ trước khi Chiến tranh thế giới thứ nhất bùng nổ, quân đội Phổ đã mang lại cho Pháp thất bại quân sự lớn nhất kể từ cuối Kỷ nguyên Napoléon, và sau đó đã hình thành nên quốc gia hiện đại của Đức. Các chính trị gia Đức đã hiểu rõ về cách các thuật ngữ trích xuất từ người Pháp đang góp phần gieo mầm cho cuộc xung đột tiềm tàng tiếp theo - và sau đó chuẩn bị cho cuộc chiến tiếp theo.</Text>
		</Replace>
		<Replace Language="en_US" Tag="LOC_PEDIA_CIVILIZATIONS_PAGE_CIVILIZATION_WARMACHINE_SCENARIO_GERMANY_CHAPTER_HISTORY_PARA_2">
			<Text>Việc ký kết Hiệp ước Ba nước - liên minh quân sự của Pháp, Anh và Nga - đặt Đức vào tình thế bấp bênh về quân sự, vì nước này hiện bị bao vây bởi các đối thủ quân sự ở phía đông và phía tây. Chiến lược lớn được xây dựng trước Chiến tranh thế giới thứ nhất là giáng một đòn hạ gục duy nhất, lớn vào Pháp ở phía tây trước khi Nga có cơ hội mang lợi thế nhân lực to lớn của mình để gánh chịu ở phía đông. Đây đã trở thành mục tiêu chính trị thúc đẩy của Kế hoạch Schlieffen.</Text>
		</Replace>
		<Replace Language="en_US" Tag="LOC_PEDIA_CIVILIZATIONS_PAGE_CIVILIZATION_WARMACHINE_SCENARIO_GERMANY_CHAPTER_HISTORY_PARA_3">
			<Text>Vào trước Chiến tranh thế giới thứ nhất, hiếm có quân đội nào trên thế giới được huấn luyện và chuẩn bị kỹ càng như quân đội Đức. Tuy nhiên, sự chuẩn bị và đào tạo không đủ để mang lại kết quả nhanh chóng mà các nhà lập kế hoạch đã hình dung.</Text>
		</Replace>
		<Replace Language="en_US" Tag="LOC_PEDIA_CIVILIZATIONS_PAGE_CIVILIZATION_WARMACHINE_SCENARIO_BRITAIN_CHAPTER_HISTORY_PARA_1">
			<Text>Sự tham gia của Vương quốc Anh trong Tổ chức ba bên (liên minh quân sự giữa Pháp, Anh và Nga) hoàn toàn không phải là một kết luận bị bỏ qua. Sự cạnh tranh quân sự lâu dài giữa Pháp và Anh có từ thời Napoléon, cũng như mối quan hệ giữa các hoàng gia Anh và Đức khiến việc Anh tham gia vào các Quyền lực Trung tâm là một kết quả chính đáng. Cuối cùng, Vương quốc Anh đã tham gia Entente do sự gia tăng nhanh chóng trong cuộc cạnh tranh giữa Đức và Vương quốc Anh khiến nhiều người tìm kiếm sự kiểm tra về quyền lực đang gia tăng của Đức.</Text>
		</Replace>
		<Replace Language="en_US" Tag="LOC_PEDIA_CIVILIZATIONS_PAGE_CIVILIZATION_WARMACHINE_SCENARIO_BRITAIN_CHAPTER_HISTORY_PARA_2">
			<Text>Vào trước Chiến tranh thế giới thứ nhất, không có gì đảm bảo rằng Vương quốc Anh sẽ gửi lực lượng quân sự vào lục địa châu Âu. Phần lớn là do áp lực liên tục của một nhóm nhỏ sĩ quan trong cả quân đội Pháp và Anh đã chứng kiến việc Vương quốc Anh giao chiến một lực lượng nhỏ trên đất Pháp. Thật vậy, chính Kaiser cũng bị sốc khi người Anh tuyên chiến với Đức, tuyên bố rằng họ đã phạm một “sai lầm ngu ngốc” chỉ vì một “mẩu giấy vụn”.</Text>
		</Replace>
		<Replace Language="en_US" Tag="LOC_PEDIA_CIVILIZATIONS_PAGE_CIVILIZATION_WARMACHINE_SCENARIO_BELGIUM_CHAPTER_HISTORY_PARA_1">
			<Text>Quốc gia Bỉ được thành lập vào cuối Kỷ nguyên Napoléon như một phần của sự cân bằng các cường quốc châu Âu nhưng từ lâu đã là một đồng minh đặc biệt của Vương quốc Anh. Kế hoạch xâm lược của Pháp kêu gọi Quân đội Đức xâm lược qua Bỉ. Thật vậy, các phiên bản ban đầu của kế hoạch cho rằng Quân đội Bỉ sẽ cung cấp một đội bảo vệ danh dự dọc theo các con đường cho Quân đội Đức đi qua — một giả định rất sai, hóa ra là như vậy.</Text>
		</Replace>
		<Replace Language="en_US" Tag="LOC_PEDIA_CIVILIZATIONS_PAGE_CIVILIZATION_WARMACHINE_SCENARIO_BELGIUM_CHAPTER_HISTORY_PARA_2">
			<Text>Thành phố Liege được bao quanh bởi một loạt pháo đài và là chướng ngại quân sự quan trọng đầu tiên đối với Quân đội Đức vào năm 1914. Các pháo đài, mặc dù chúng chiến đấu tốt trong nhiều trường hợp, nhưng không thể chống lại các loại súng bao vây đặc biệt được chế tạo riêng cho các mục đích phá vỡ những pháo đài này. Sự sụp đổ của các công sự Liege và sự tàn ác của quân đội Đức đối với người dân Bỉ đã làm khuynh đảo làn sóng dư luận chống lại Đức, đặc biệt là ở Anh.</Text>
		</Replace>
		<!--Units-->
		<Replace Language="en_US" Tag="LOC_PEDIA_UNITS_PAGE_UNIT_GREAT_GENERAL_CHAPTER_HISTORY_PARA_1">
			<Text>Chỉ huy chiến trường là một sĩ quan chịu trách nhiệm về một phần lớn quân đội của quốc gia mình, thường là dọc theo toàn bộ mặt trận. Anh ta phải hiểu cả kế hoạch hoạt động của quân đội mình và sẵn sàng thích ứng với những thay đổi này khi diễn ra cuộc chiến. Mặc dù anh ta làm việc thông qua các chỉ huy cấp dưới và được cố vấn bởi bộ tổng tham mưu, sự thành công hay thất bại của quân đội là do anh ta phán đoán. </Text>
		</Replace>
		<Replace Language="en_US" Tag="LOC_PEDIA_GREATPEOPLE_PAGE_GREAT_PERSON_INDIVIDUAL_GENERAL_1_CHAPTER_HISTORY_PARA_1">
			<Text>Chỉ huy chiến trường là một sĩ quan chịu trách nhiệm về một phần lớn quân đội của quốc gia mình, thường là dọc theo toàn bộ mặt trận. Anh ta phải hiểu cả kế hoạch hoạt động của quân đội mình và sẵn sàng thích ứng với những thay đổi này khi diễn ra cuộc chiến. Mặc dù anh ta làm việc thông qua các chỉ huy cấp dưới và được cố vấn bởi bộ tổng tham mưu, sự thành công hay thất bại của quân đội là do anh ta phán đoán.</Text>
		</Replace>
		<Replace Language="en_US" Tag="LOC_PEDIA_GREATPEOPLE_PAGE_GREAT_PERSON_INDIVIDUAL_GENERAL_2_CHAPTER_HISTORY_PARA_1">
			<Text>Chỉ huy chiến trường là một sĩ quan chịu trách nhiệm về một phần lớn quân đội của quốc gia mình, thường là dọc theo toàn bộ mặt trận. Anh ta phải hiểu cả kế hoạch hoạt động của quân đội mình và sẵn sàng thích ứng với những thay đổi này khi diễn ra cuộc chiến. Mặc dù anh ta làm việc thông qua các chỉ huy cấp dưới và được cố vấn bởi bộ tổng tham mưu, sự thành công hay thất bại của quân đội là do anh ta phán đoán.</Text>
		</Replace>
		<Replace Language="en_US" Tag="LOC_PEDIA_GREATPEOPLE_PAGE_GREAT_PERSON_INDIVIDUAL_GENERAL_3_CHAPTER_HISTORY_PARA_1">
			<Text>Chỉ huy chiến trường là một sĩ quan chịu trách nhiệm về một phần lớn quân đội của quốc gia mình, thường là dọc theo toàn bộ mặt trận. Anh ta phải hiểu cả kế hoạch hoạt động của quân đội mình và sẵn sàng thích ứng với những thay đổi này khi diễn ra cuộc chiến. Mặc dù anh ta làm việc thông qua các chỉ huy cấp dưới và được cố vấn bởi bộ tổng tham mưu, sự thành công hay thất bại của quân đội là do anh ta phán đoán.</Text>
		</Replace>
		<Replace Language="en_US" Tag="LOC_PEDIA_GREATPEOPLE_PAGE_GREAT_PERSON_INDIVIDUAL_GENERAL_4_CHAPTER_HISTORY_PARA_1">
			<Text>Chỉ huy chiến trường là một sĩ quan chịu trách nhiệm về một phần lớn quân đội của quốc gia mình, thường là dọc theo toàn bộ mặt trận. Anh ta phải hiểu cả kế hoạch hoạt động của quân đội mình và sẵn sàng thích ứng với những thay đổi này khi diễn ra cuộc chiến. Mặc dù anh ta làm việc thông qua các chỉ huy cấp dưới và được cố vấn bởi bộ tổng tham mưu, sự thành công hay thất bại của quân đội là do anh ta phán đoán.</Text>
		</Replace>
		<!--Buildings-->
		<Replace Language="en_US" Tag="LOC_PEDIA_BUILDINGS_PAGE_BUILDING_HEADQUARTERS_CHAPTER_HISTORY_PARA_1">
			<Text>Sở chỉ huy là nơi lên các phương án tác chiến của bộ đội thành lệnh cho thao trường. Được kết nối với các chỉ huy cấp dưới dọc theo chiến tuyến thông qua sứ giả và điện báo, đây thường chỉ là những công việc tạm thời, vì các chiến tuyến thay đổi yêu cầu chỉ huy cao để bám sát hành động.</Text>
		</Replace>
	</LocalizedText>
</GameData>
