<?xml version="1.0" encoding="utf-8"?>
<GameData>
	<!-- 	Because this file may be shared across multiple DLC packages, and is used on front-end, there's the possibility of this string 
			being added multiple times.  To account for this, we first delete any possible instances of the string and then re-populate. -->
	<LocalizedText>
		<Delete Tag="LOC_HOF_GRAPH_PLAYER_ERASCORE"/>
		<Delete Tag="LOC_HOF_GRAPH_GOVERNOR_TITLES" />
	</LocalizedText>
	<LocalizedText>
		<Replace Language="en_US" Tag="LOC_HOF_GRAPH_PLAYER_ERASCORE">
			<Text>Điểm số kỷ nguyên người chơi</Text>
		</Replace>
		<Replace Language="en_US" Tag="LOC_HOF_GRAPH_GOVERNOR_TITLES">
			<Text>Các chức danh Thống đốc đã kiếm được</Text>
		</Replace>
	</LocalizedText>
</GameData>