﻿<?xml version="1.0" encoding="utf-8"?>
<GameData>
	<LocalizedText>
		<Replace Language="en_US" Tag="LOC_UNIT_SPEC_OPS_NAME">
			<Text>Hoạt động thông số</Text>
		</Replace>
		<Replace Language="en_US" Tag="LOC_UNIT_SPEC_OPS_DESCRIPTION">
			<Text>Đơn vị trinh sát Kỷ nguyên nguyên tử. Khả năng Paradrop cho phép di chuyển từ ô vuông thân thiện đến vị trí cách đó 7 ô (12 ô nếu bắt đầu từ Sân bay hoặc Đường băng). Có thể tấn công trực tiếp các đơn vị hỗ trợ mà không cần phải loại bỏ đơn vị chiến đấu trước.</Text>
		</Replace>
		<Replace Language="en_US" Tag="LOC_UNIT_DRONE_NAME">
			<Text>Máy bay không người lái</Text>
		</Replace>
		<Replace Language="en_US" Tag="LOC_UNIT_DRONE_DESCRIPTION">
			<Text>Đơn vị hỗ trợ kỷ nguyên nguyên tử. Thêm +1 [ICON_Range] Phạm vi và +5 [ICON_Bombard] Sức mạnh Bombard cho các đơn vị lớp bao vây trong vòng 1 ô.</Text>
		</Replace>
		<Replace Language="en_US" Tag="LOC_UNIT_PIKE_AND_SHOT_NAME">
			<Text>Pike and Shot</Text>
		</Replace>
		<Replace Language="en_US" Tag="LOC_UNIT_PIKE_AND_SHOT_DESCRIPTION">
			<Text>Đơn vị chống kỵ binh cuối thời kỳ Phục hưng.</Text>
		</Replace>
		<Replace Language="en_US" Tag="LOC_UNIT_SUPPLY_CONVOY_NAME">
			<Text>Supply Convoy</Text>
		</Replace>
		<Replace Language="en_US" Tag="LOC_UNIT_SUPPLY_CONVOY_DESCRIPTION">
			<Text>Đơn vị hỗ trợ thời hiện đại. Tăng khả năng hồi máu cho các đơn vị kế cận. Cung cấp cho các đơn vị 1 phần thưởng [ICON_Movement] Di chuyển nếu bắt đầu di chuyển gần với Đoàn xe.</Text>
		</Replace>
	</LocalizedText>
</GameData>