﻿<?xml version="1.0" encoding="utf-8"?>
<!-- edited with XMLSPY v2004 rel. 2 U (http://www.xmlspy.com) by Ed Beach (Firaxis Games) -->
<GameData>
	<LocalizedText>
		<!-- Misc -->
		<Delete Tag="LOC_FEATURE_FLOODPLAINS"/>
		<Delete Tag="LOC_CITY_NAME_VICTORIA"/>
		<!-- Beliefs -->
		<Delete Tag="LOC_BELIEF_PAPAL_PRIMACY_DESCRIPTION"/>
		<Delete Tag="LOC_BELIEF_GODDESS_OF_FESTIVALS_DESCRIPTION"/>
		<!-- Buildings -->
		<Delete Tag="LOC_BUILDING_COLOSSEUM_DESCRIPTION"/>
		<Delete Tag="LOC_BUILDING_GREAT_LIBRARY_DESCRIPTION"/>
		<Delete Tag="LOC_BUILDING_AIRPORT_DESCRIPTION"/>
		<Delete Tag="LOC_BUILDING_HANGAR_DESCRIPTION"/>
		<Delete Tag="LOC_BUILDING_BIG_BEN_DESCRIPTION"/>
		<!--City Details-->
		<Delete Tag="LOC_HUD_CITY_GROWTH_OCCUPIED"/>
		<!--Civics-->
		<Delete Tag="LOC_CIVIC_MOBILIZATION_DESCRIPTION"/>
		<Delete Tag="LOC_CIVIC_MERCANTILISM_DESCRIPTION"/>
		<Delete Tag="LOC_CIVIC_FEUDALISM_DESCRIPTION"/>
		<Delete Tag="LOC_CIVIC_COLONIALISM_DESCRIPTION"/>
		<!-- Districts -->
		<Delete Tag="LOC_DISTRICT_ENTERTAINMENT_COMPLEX_DESCRIPTION"/>
		<Delete Tag="LOC_DISTRICT_STREET_CARNIVAL_DESCRIPTION"/>
		<Delete Tag="LOC_DISTRICT_AQUEDUCT_DESCRIPTION"/>
		<Delete Tag="LOC_DISTRICT_HANSA_DESCRIPTION_ADJACENCY"/>
		<!-- Diplomacy -->
		<Delete Tag="LOC_DIPLO_DENOUNCE_REASON_FROM_AI_LEADER_ANY_REASON_STANDARD_DIPLOMATIC_WARMONGER"/>
		<Delete Tag="LOC_DIPLO_WARNING_DONT_SETTLE_NEAR_ME_CHOICE_NEGATIVE"/>
		<Delete Tag="LOC_DIPLO_WARNING_DONT_SETTLE_NEAR_ME_CHOICE_POSITIVE"/>
		<Delete Tag="LOC_DIPLO_WARNING_STOP_SPYING_ON_ME_CHOICE_NEGATIVE"/>
		<Delete Tag="LOC_DIPLO_WARNING_STOP_SPYING_ON_ME_CHOICE_POSITIVE"/>
		<Delete Tag="LOC_DIPLO_WARNING_STOP_DIGGING_UP_ARTIFACTS_CHOICE_NEGATIVE"/>
		<Delete Tag="LOC_DIPLO_WARNING_STOP_DIGGING_UP_ARTIFACTS_CHOICE_POSITIVE"/>
		<Delete Tag="LOC_DIPLO_WARNING_STOP_CONVERTING_MY_CITIES_CHOICE_NEGATIVE"/>
		<Delete Tag="LOC_DIPLO_WARNING_STOP_CONVERTING_MY_CITIES_CHOICE_POSITIVE"/>
		<Delete Tag="LOC_NOTIFICATION_DIPLO_PROMISE_FROM_BROKEN_SUMMARY"/>
		<Delete Tag="LOC_NOTIFICATION_DIPLO_PROMISE_TO_BROKEN_SUMMARY"/>
		<Delete Tag="LOC_DIPLOACTION_DECLARE_SURPRISE_WAR_DESCRIPTION"/>
		<Delete Tag="LOC_DIPLOACTION_DECLARE_HOLY_WAR_DESCRIPTION"/>
		<Delete Tag="LOC_DIPLOACTION_DECLARE_LIBERATION_WAR_DESCRIPTION"/>
		<Delete Tag="LOC_DIPLOACTION_DECLARE_RECONQUEST_WAR_DESCRIPTION"/>
		<Delete Tag="LOC_DIPLOACTION_DECLARE_PROTECTORATE_WAR_DESCRIPTION"/>
		<Delete Tag="LOC_DIPLOACTION_DECLARE_COLONIAL_WAR_DESCRIPTION"/>
		<Delete Tag="LOC_DIPLOACTION_DECLARE_TERRITORIAL_WAR_DESCRIPTION"/>
		<Delete Tag="LOC_DIPLO_CHOICE_DECLARE_LIBERATION_WAR_TOOLTIP"/>
		<Delete Tag="LOC_DIPLO_CHOICE_DECLARE_RECONQUEST_WAR_TOOLTIP"/>
		<Delete Tag="LOC_DIPLO_CHOICE_DECLARE_PROTECTORATE_WAR_TOOLTIP"/>
		<!-- Espionage -->
		<Delete Tag="LOC_DIPLOMACY_HIDDEN_AGENDAS_TT"/>
		<Delete Tag="LOC_SPYMISSIONDETAILS_UNITOPERATION_SPY_LISTENING_POST"/>
		<!-- Great People -->
		<Delete Tag="LOC_GREATPERSON_AETHELFLAED_ACTIVE"/>
		<Delete Tag="LOC_GREATPERSON_SAMORI_TURE_ACTIVE"/>
		<Delete Tag="LOC_GREATPERSON_SIMON_BOLIVAR_ACTIVE"/>
		<Delete Tag="LOC_GREATPERSON_SUDIRMAN_ACTIVE"/>
		<Delete Tag="LOC_GREATPERSON_THEMISTOCLES_ACTIVE"/>
		<Delete Tag="LOC_GREATPERSON_TOGO_HEIHACHIRO_ACTIVE"/>
		<Delete Tag="LOC_GREAT_PEOPLE_POINT_DETAILS"/>
		<!-- Improvements -->
		<Delete Tag="LOC_IMPROVEMENT_CHATEAU_DESCRIPTION"/>
		<Delete Tag="LOC_IMPROVEMENT_STEPWELL_DESCRIPTION"/>
		<Delete Tag="LOC_IMPROVEMENT_ZIGGURAT_DESCRIPTION"/>
		<!-- Leaders-->
		<Delete Tag="LOC_AGENDA_WITH_YOUR_SHIELD_OR_ON_IT_DESCRIPTION"/>
		<!-- Pedia -->
		<Delete Tag="LOC_PEDIA_FEATURES_PAGE_FEATURE_FLOODPLAINS_CHAPTER_HISTORY_PARA_1"/>
		<Delete Tag="LOC_PEDIA_FEATURES_PAGE_FEATURE_FLOODPLAINS_CHAPTER_HISTORY_PARA_2"/>
		<Delete Tag="LOC_PEDIA_CONCEPTS_PAGE_DIPLO_3_CHAPTER_CONTENT_PARA_1"/>
		<Delete Tag="LOC_PEDIA_CONCEPTS_PAGE_DIPLO_3_CHAPTER_CONTENT_PARA_2"/>
		<Delete Tag="LOC_PEDIA_CONCEPTS_PAGE_DIPLO_3_CHAPTER_CONTENT_PARA_3"/>
		<Delete Tag="LOC_PEDIA_CONCEPTS_PAGE_DIPLO_3_CHAPTER_CONTENT_PARA_4"/>
		<Delete Tag="LOC_PEDIA_CONCEPTS_PAGE_DIPLO_3_CHAPTER_CONTENT_PARA_5"/>
		<Delete Tag="LOC_PEDIA_CONCEPTS_PAGE_DIPLO_3_CHAPTER_CONTENT_PARA_6"/>
		<Delete Tag="LOC_PEDIA_CONCEPTS_PAGE_DIPLO_3_CHAPTER_CONTENT_PARA_7"/>
		<Delete Tag="LOC_PEDIA_CONCEPTS_PAGE_DIPLO_3_CHAPTER_CONTENT_PARA_8"/>
		<Delete Tag="LOC_PEDIA_CONCEPTS_PAGE_DIPLO_3_CHAPTER_CONTENT_PARA_9"/>
		<Delete Tag="LOC_PEDIA_CONCEPTS_PAGE_DIPLO_3_CHAPTER_CONTENT_PARA_10"/>
		<Delete Tag="LOC_PEDIA_CONCEPTS_PAGE_DIPLO_3_CHAPTER_CONTENT_PARA_11"/>
		<Delete Tag="LOC_PEDIA_CONCEPTS_PAGE_DIPLO_3_CHAPTER_CONTENT_PARA_12"/>
		<Delete Tag="LOC_PEDIA_CONCEPTS_PAGE_DIPLO_3_CHAPTER_CONTENT_PARA_13"/>
		<Delete Tag="LOC_PEDIA_CONCEPTS_PAGE_DIPLO_3_CHAPTER_CONTENT_PARA_14"/>
		<Delete Tag="LOC_PEDIA_CONCEPTS_PAGE_CITIES_3_CHAPTER_CONTENT_PARA_2"/>
		<Delete Tag="LOC_PEDIA_CONCEPTS_PAGE_WORLD_7_CHAPTER_CONTENT_PARA_2"/>
		<Delete Tag="LOC_PEDIA_CONCEPTS_PAGE_DIPLO_4_CHAPTER_CONTENT_PARA_3"/>
		<Delete Tag="LOC_PEDIA_GOVERNMENTS_PAGE_POLICY_ELITE_FORCES_CHAPTER_HISTORY_PARA_1"/>
		<Delete Tag="LOC_PEDIA_GOVERNMENTS_PAGE_POLICY_NOBEL_PRIZE_CHAPTER_HISTORY_PARA_1"/>
		<Delete Tag="LOC_PEDIA_CONCEPTS_PAGE_TRADE_2_CHAPTER_CONTENT_PARA_1"/>
		<Delete Tag="LOC_PEDIA_CONCEPTS_PAGE_GOVT_4_CHAPTER_CONTENT_PARA_1"/>
		<Delete Tag="LOC_PEDIA_CONCEPTS_PAGE_GOVT_4_CHAPTER_CONTENT_PARA_5"/>
		<Delete Tag="LOC_PEDIA_CONCEPTS_PAGE_GOVT_1_CHAPTER_CONTENT_PARA_2"/>
		<Delete Tag="LOC_PEDIA_CONCEPTS_PAGE_GOVT_5_CHAPTER_CONTENT_PARA_2"/>
		<Delete Tag="LOC_PEDIA_LEADERS_PAGE_LEADER_T_ROOSEVELT_CHAPTER_DETAILED_BODY"/>
		<Delete Tag="LOC_PEDIA_CONCEPTS_PAGE_DIPLO_12_CHAPTER_CONTENT_PARA_2"/>
		<Delete Tag="LOC_PEDIA_CONCEPTS_PAGE_DIPLO_11_CHAPTER_CONTENT_PARA_1"/>
		<Delete Tag="LOC_PEDIA_CONCEPTS_PAGE_CITIES_11_CHAPTER_CONTENT_PARA_9"/>
		<Delete Tag="LOC_PEDIA_CONCEPTS_PAGE_CITIES_11_CHAPTER_CONTENT_PARA_10"/>
		<Delete Tag="LOC_PEDIA_CONCEPTS_PAGE_CITIES_11_CHAPTER_CONTENT_PARA_13"/>
		<Delete Tag="LOC_PEDIA_CONCEPTS_PAGE_GOVT_1_CHAPTER_CONTENT_PARA_3"/>
		<Delete Tag="LOC_PEDIA_CONCEPTS_PAGE_COMBAT_13_CHAPTER_CONTENT_PARA_2"/>
		<Delete Tag="LOC_PEDIA_CONCEPTS_PAGE_SCIENCE_2_CHAPTER_CONTENT_PARA_1"/>
		<Delete Tag="LOC_PEDIA_CONCEPTS_PAGE_COMBAT_11_CHAPTER_CONTENT_PARA_1"/>
		<Delete Tag="LOC_PEDIA_CONCEPTS_PAGE_COMBAT_11_CHAPTER_CONTENT_PARA_2"/>
		<Delete Tag="LOC_PEDIA_CONCEPTS_PAGE_COMBAT_11_CHAPTER_CONTENT_PARA_3"/>
		<Delete Tag="LOC_PEDIA_CONCEPTS_PAGE_COMBAT_2_CHAPTER_CONTENT_PARA_2"/>
		<Delete Tag="LOC_PEDIA_CONCEPTS_PAGE_DIPLO_13_CHAPTER_CONTENT_PARA_2"/>
		<Delete Tag="LOC_PEDIA_CONCEPTS_PAGE_WORLD_2_CHAPTER_CONTENT_PARA_4"/>
		<Delete Tag="LOC_IMPROVEMENT_PYRAMID_DESCRIPTION"/>
		<Delete Tag="LOC_BUILDING_PYRAMIDS_DESCRIPTION"/>
		<Delete Tag="LOC_BUILDING_PETRA_DESCRIPTION"/>
		<Delete Tag="LOC_PEDIA_CONCEPTS_PAGE_VICTORY_3_CHAPTER_CONTENT_PARA_1"/>
		<Delete Tag="LOC_PEDIA_CONCEPTS_PAGE_VICTORY_3_CHAPTER_CONTENT_PARA_2"/>
		<Delete Tag="LOC_PEDIA_CONCEPTS_PAGE_VICTORY_3_CHAPTER_CONTENT_PARA_3"/>
		<Delete Tag="LOC_PEDIA_CONCEPTS_PAGE_VICTORY_3_CHAPTER_CONTENT_PARA_4"/>
		<Delete Tag="LOC_PEDIA_CONCEPTS_PAGE_VICTORY_3_CHAPTER_CONTENT_PARA_5"/>
		<Delete Tag="LOC_PEDIA_CONCEPTS_PAGE_VICTORY_3_CHAPTER_CONTENT_PARA_6"/>
		<Delete Tag="LOC_PEDIA_CONCEPTS_PAGE_VICTORY_3_CHAPTER_CONTENT_PARA_7"/>
		<Delete Tag="LOC_PEDIA_CONCEPTS_PAGE_VICTORY_3_CHAPTER_CONTENT_PARA_8"/>
		<Delete Tag="LOC_PEDIA_CONCEPTS_PAGE_VICTORY_3_CHAPTER_CONTENT_PARA_9"/>
		<Delete Tag="LOC_PEDIA_CONCEPTS_PAGE_VICTORY_3_CHAPTER_CONTENT_PARA_10"/>
		<Delete Tag="LOC_PEDIA_CONCEPTS_PAGE_TRADE_3_CHAPTER_CONTENT_PARA_2"/>
		<Delete Tag="LOC_PEDIA_CONCEPTS_PAGE_TRADE_5_CHAPTER_CONTENT_PARA_2"/>
		<Delete Tag="LOC_PEDIA_CONCEPTS_PAGE_DIPLO_4_CHAPTER_CONTENT_PARA_2"/>
		<Delete Tag="LOC_PEDIA_CONCEPTS_PAGE_WORLD_5_CHAPTER_CONTENT_PARA_1"/>
		<Delete Tag="LOC_PEDIA_CONCEPTS_PAGE_COMBAT_2_CHAPTER_CONTENT_PARA_1"/>
		<Delete Tag="LOC_PEDIA_CONCEPTS_PAGE_NUKES_3_CHAPTER_CONTENT_PARA_1"/>
		<Delete Tag="LOC_PEDIA_CONCEPTS_PAGE_NUKES_3_CHAPTER_CONTENT_PARA_2"/>
		<Delete Tag="LOC_PEDIA_CONCEPTS_PAGE_CITIES_10_CHAPTER_CONTENT_PARA_2"/>
		<!-- Policies -->
		<Delete Tag="LOC_POLICY_ARSENAL_OF_DEMOCRACY_DESCRIPTION"/>
		<Delete Tag="LOC_POLICY_COLONIAL_OFFICES_DESCRIPTION"/>
		<Delete Tag="LOC_POLICY_COLONIAL_TAXES_DESCRIPTION"/>
		<Delete Tag="LOC_POLICY_FREE_MARKET_DESCRIPTION"/>
		<Delete Tag="LOC_POLICY_GRAND_OPERA_DESCRIPTION"/>
		<Delete Tag="LOC_POLICY_MARTIAL_LAW_DESCRIPTION"/>
		<Delete Tag="LOC_POLICY_POLICE_STATE_DESCRIPTION"/>
		<Delete Tag="LOC_POLICY_RATIONALISM_DESCRIPTION"/>
		<Delete Tag="LOC_POLICY_SIMULTANEUM_DESCRIPTION"/>
		<!-- Technology-->
		<Delete Tag="LOC_BOOST_TRIGGER_ADVANCED_BALLISTICS"/>
		<Delete Tag="LOC_BOOST_TRIGGER_CASTLES"/>
		<Delete Tag="LOC_BOOST_TRIGGER_CHEMISTRY"/>
		<Delete Tag="LOC_BOOST_TRIGGER_COMPUTERS"/>
		<Delete Tag="LOC_TECH_COMPUTERS_DESCRIPTION"/>
		<Delete Tag="LOC_TECH_SCIENTIFIC_THEORY_DESCRIPTION"/>
		<Delete Tag="LOC_TECH_BANKING_DESCRIPTION"/>
		<Delete Tag="LOC_TECH_REPLACEABLE_PARTS_DESCRIPTION"/>
		<Delete Tag="LOC_TECH_ROBOTICS_DESCRIPTION"/>
		<Delete Tag="LOC_TECH_SYNTHETIC_MATERIALS_DESCRIPTION"/>
		<!-- Trade -->
		<Delete Tag="LOC_ROUTECHOOSER_YIELD_SOURCE_TRADING_POSTS"/>
		<!-- Traits -->
		<Delete Tag="LOC_MINOR_CIV_SCIENTIFIC_TRAIT_MEDIUM_INFLUENCE_BONUS"/>
		<Delete Tag="LOC_MINOR_CIV_SCIENTIFIC_TRAIT_LARGE_INFLUENCE_BONUS"/>
		<Delete Tag="LOC_MINOR_CIV_RELIGIOUS_TRAIT_MEDIUM_INFLUENCE_BONUS"/>
		<Delete Tag="LOC_MINOR_CIV_RELIGIOUS_TRAIT_LARGE_INFLUENCE_BONUS"/>
		<Delete Tag="LOC_MINOR_CIV_TRADE_TRAIT_MEDIUM_INFLUENCE_BONUS"/>
		<Delete Tag="LOC_MINOR_CIV_TRADE_TRAIT_LARGE_INFLUENCE_BONUS"/>
		<Delete Tag="LOC_MINOR_CIV_CULTURAL_TRAIT_MEDIUM_INFLUENCE_BONUS"/>
		<Delete Tag="LOC_MINOR_CIV_CULTURAL_TRAIT_LARGE_INFLUENCE_BONUS"/>
		<Delete Tag="LOC_MINOR_CIV_MILITARISTIC_TRAIT_MEDIUM_INFLUENCE_BONUS"/>
		<Delete Tag="LOC_MINOR_CIV_MILITARISTIC_TRAIT_LARGE_INFLUENCE_BONUS"/>
		<Delete Tag="LOC_MINOR_CIV_INDUSTRIAL_TRAIT_MEDIUM_INFLUENCE_BONUS"/>
		<Delete Tag="LOC_MINOR_CIV_INDUSTRIAL_TRAIT_LARGE_INFLUENCE_BONUS"/>
		<Delete Tag="LOC_LEADER_TRAIT_CARTHAGE_DESCRIPTION"/>
		<Delete Tag="LOC_LEADER_TRAIT_PRESLAV_DESCRIPTION"/>
		<Delete Tag="LOC_LEADER_TRAIT_STOCKHOLM_DESCRIPTION"/>
		<Delete Tag="LOC_LEADER_TRAIT_VILNIUS_DESCRIPTION"/>
		<!-- UI -->
		<Delete Tag="LOC_DIPLO_CHOICE_DENOUNCE"/>
		<Delete Tag="LOC_GOVERNMENT_INHERENT_BONUS"/>
		<Delete Tag="LOC_GOVERNMENT_ACCUMULATED_BONUS"/>
		<Delete Tag="LOC_DIPLOACTION_ALLIANCE_DESCRIPTION"/>
		<Delete Tag="LOC_RAZE_CITY_LIBERATE_EXPLANATION"/>
		<Delete Tag="LOC_CITY_STATES_SUZERAIN_DIPLOMATIC_BONUS"/>
		<!-- Units -->
		<Delete Tag="LOC_UNIT_MILITARY_ENGINEER_DESCRIPTION"/>
		<!-- Base game Advisors -->
		<Delete Tag="ADVISOR_LINE_LISTENER_81"/>
		<!-- Dan Quayle-->
		<Delete Tag="LOC_UI_ENDGAME_RANKING_LEADER_12_NAME"/>
		<Delete Tag="LOC_UI_ENDGAME_RANKING_LEADER_12_QUOTE"/>
	</LocalizedText>
</GameData>
