<?xml version="1.0" encoding="utf-8"?>
<!-- edited with XMLSPY v2004 rel. 2 U (http://www.xmlspy.com) by Ed Beach (Firaxis Games) -->
<GameData>
	<LocalizedText>
		<Replace Language="en_US" Tag="LOC_GOSSIP_SOURCE_VENDOR">
			<Text>Một nhà cung cấp tại trạm thông thương của bạn đã được thông tin điều gì đó</Text>
		</Replace>
		<Replace Language="en_US" Tag="LOC_VIZSOURCE_TRADING_POST_TRAIT">
			<Text>Hiệu ứng Örtöö của Mông Cổ</Text>
		</Replace>
		<Replace Language="en_US" Tag="LOC_VIZSOURCE_ACTION_TRADING_POST_TRAIT">
			<Text>Thành lập [ICON_TradingPost] Bài đăng giao dịch với tư cách là người Mông Cổ</Text>
		</Replace>
		<Replace Language="en_US" Tag="LOC_GOSSIP_SPY_FOMENT_UNREST_DETECTED">
			<Text>{LOC_GRAMMAR_CIVNAME &lt;&lt; {1_CivName}} mất lòng trung thành trong {2_CityName} vì công việc của một điệp viên từ {3_SpyPlayer}.</Text>
		</Replace>
		<Replace Language="en_US" Tag="LOC_GOSSIP_SPY_FOMENT_UNREST_UNDETECTED">
			<Text>{LOC_GRAMMAR_CIVNAME &lt;&lt; {1_CivName}} mất lòng trung thành trong {2_CityName} vì công việc của một điệp viên vô danh.</Text>
		</Replace>
		<Replace Language="en_US" Tag="LOC_GOSSIP_SPY_NEUTRALIZE_GOVERNOR_DETECTED">
			<Text>{LOC_GRAMMAR_CIVNAME &lt;&lt; {1_CivName}} thống đốc của họ ở {2_CityName} bị vô hiệu hóa bởi một gián điệp từ {3_SpyPlayer}.</Text>
		</Replace>
		<Replace Language="en_US" Tag="LOC_GOSSIP_SPY_NEUTRALIZE_GOVERNOR_UNDETECTED">
			<Text>{LOC_GRAMMAR_CIVNAME &lt;&lt; {1_CivName}} thống đốc của họ ở {2_CityName} bị vô hiệu hóa bởi một gián điệp không rõ.</Text>
		</Replace>
	</LocalizedText>
</GameData>
