<?xml version="1.0" encoding="utf-8"?>
<GameData>
	<LocalizedText>
		<Replace Language="en_US" Tag="LOC_CATHERINE_DE_MEDICI_MOD_TITLE">
			<Text>DLC: Gói Catherine de Medici Persona</Text>
		</Replace>
		<Replace Language="en_US" Tag="LOC_CATHERINE_DE_MEDICI_MOD_TEASER">
			<Text>Catherine de Medici (Black Queen) và Catherine de Medici (Magnificence) Personas</Text>
		</Replace>
		<Replace Language="en_US" Tag="LOC_CATHERINE_DE_MEDICI_MOD_DESCRIPTION">
			<Text>Chứa các nhân vật Catherine de Medici (Black Queen) và Catherine de Medici (Magnificence), mỗi người có vẻ ngoài, khả năng và phong cách chơi độc đáo riêng.</Text>
		</Replace>
	</LocalizedText>
</GameData>
