<?xml version="1.0" encoding="utf-8"?>
<GameData>
	<LocalizedText>
		<Replace Language="en_US" Tag="LOC_BYZANTIUM_GAUL_MOD_TITLE">
			<Text>Byzantium and Gaul Pack</Text>
		</Replace>
		<Replace Language="en_US" Tag="LOC_BYZANTIUM_GAUL_MOD_TEASER">
			<Text>New Civilizations and Leaders - Basil II of Byzantium and Ambiorix of the Gaul</Text>
		</Replace>
		<Replace Language="en_US" Tag="LOC_BYZANTIUM_GAUL_MOD_DESCRIPTION">
			<Text>Contains two new civilizations and leaders, 2 new world wonders, 1 new map script, and the Dramatic Ages game mode.</Text>
		</Replace>
	</LocalizedText>
</GameData>
