<?xml version="1.0" encoding="utf-8"?>
<GameData>
	<LocalizedText>
		<!--Ethiopia-->
		<Replace Language="en_US" Tag="LOC_CITIZEN_ETHIOPIA_MALE_1">
			<Text>Dagnew</Text>
		</Replace>
		<Replace Language="en_US" Tag="LOC_CITIZEN_ETHIOPIA_MALE_2">
			<Text>Dawit</Text>
		</Replace>
		<Replace Language="en_US" Tag="LOC_CITIZEN_ETHIOPIA_MALE_3">
			<Text>Iyasu</Text>
		</Replace>
		<Replace Language="en_US" Tag="LOC_CITIZEN_ETHIOPIA_MALE_4">
			<Text>Makonnen</Text>
		</Replace>
		<Replace Language="en_US" Tag="LOC_CITIZEN_ETHIOPIA_MALE_5">
			<Text>Mengesha</Text>
		</Replace>
		<Replace Language="en_US" Tag="LOC_CITIZEN_ETHIOPIA_MALE_6">
			<Text>Meshesha</Text>
		</Replace>
		<Replace Language="en_US" Tag="LOC_CITIZEN_ETHIOPIA_MALE_7">
			<Text>Sebhat</Text>
		</Replace>
		<Replace Language="en_US" Tag="LOC_CITIZEN_ETHIOPIA_MALE_8">
			<Text>Tekle</Text>
		</Replace>
		<Replace Language="en_US" Tag="LOC_CITIZEN_ETHIOPIA_MALE_9">
			<Text>Wolde</Text>
		</Replace>
		<Replace Language="en_US" Tag="LOC_CITIZEN_ETHIOPIA_MALE_10">
			<Text>Yohannes</Text>
		</Replace>
		<Replace Language="en_US" Tag="LOC_CITIZEN_ETHIOPIA_FEMALE_1">
			<Text>Birhan</Text>
		</Replace>
		<Replace Language="en_US" Tag="LOC_CITIZEN_ETHIOPIA_FEMALE_2">
			<Text>Dinqinesh</Text>
		</Replace>
		<Replace Language="en_US" Tag="LOC_CITIZEN_ETHIOPIA_FEMALE_3">
			<Text>Masoba</Text>
		</Replace>
		<Replace Language="en_US" Tag="LOC_CITIZEN_ETHIOPIA_FEMALE_4">
			<Text>Menen</Text>
		</Replace>
		<Replace Language="en_US" Tag="LOC_CITIZEN_ETHIOPIA_FEMALE_5">
			<Text>Mentewab</Text>
		</Replace>
		<Replace Language="en_US" Tag="LOC_CITIZEN_ETHIOPIA_FEMALE_6">
			<Text>Senedu</Text>
		</Replace>
		<Replace Language="en_US" Tag="LOC_CITIZEN_ETHIOPIA_FEMALE_7">
			<Text>Taytu  </Text>
		</Replace>
		<Replace Language="en_US" Tag="LOC_CITIZEN_ETHIOPIA_FEMALE_8">
			<Text>Tewabech</Text>
		</Replace>
		<Replace Language="en_US" Tag="LOC_CITIZEN_ETHIOPIA_FEMALE_9">
			<Text>Tiruwork</Text>
		</Replace>
		<Replace Language="en_US" Tag="LOC_CITIZEN_ETHIOPIA_FEMALE_10">
			<Text>Zewditu</Text>
		</Replace>
		<Replace Language="en_US" Tag="LOC_CITIZEN_ETHIOPIA_MODERN_MALE_1">
			<Text>Abebe</Text>
		</Replace>
		<Replace Language="en_US" Tag="LOC_CITIZEN_ETHIOPIA_MODERN_MALE_2">
			<Text>Berhanu</Text>
		</Replace>
		<Replace Language="en_US" Tag="LOC_CITIZEN_ETHIOPIA_MODERN_MALE_3">
			<Text>Dejene</Text>
		</Replace>
		<Replace Language="en_US" Tag="LOC_CITIZEN_ETHIOPIA_MODERN_MALE_4">
			<Text>Deriba</Text>
		</Replace>
		<Replace Language="en_US" Tag="LOC_CITIZEN_ETHIOPIA_MODERN_MALE_5">
			<Text>Girma</Text>
		</Replace>
		<Replace Language="en_US" Tag="LOC_CITIZEN_ETHIOPIA_MODERN_MALE_6">
			<Text>Habte</Text>
		</Replace>
		<Replace Language="en_US" Tag="LOC_CITIZEN_ETHIOPIA_MODERN_MALE_7">
			<Text>Haile</Text>
		</Replace>
		<Replace Language="en_US" Tag="LOC_CITIZEN_ETHIOPIA_MODERN_MALE_8">
			<Text>Hailu</Text>
		</Replace>
		<Replace Language="en_US" Tag="LOC_CITIZEN_ETHIOPIA_MODERN_MALE_9">
			<Text>Moges</Text>
		</Replace>
		<Replace Language="en_US" Tag="LOC_CITIZEN_ETHIOPIA_MODERN_MALE_10">
			<Text>Tesfaye</Text>
		</Replace>
		<Replace Language="en_US" Tag="LOC_CITIZEN_ETHIOPIA_MODERN_FEMALE_1">
			<Text>Abebech</Text>
		</Replace>
		<Replace Language="en_US" Tag="LOC_CITIZEN_ETHIOPIA_MODERN_FEMALE_2">
			<Text>Alemitu</Text>
		</Replace>
		<Replace Language="en_US" Tag="LOC_CITIZEN_ETHIOPIA_MODERN_FEMALE_3">
			<Text>Bizunesh</Text>
		</Replace>
		<Replace Language="en_US" Tag="LOC_CITIZEN_ETHIOPIA_MODERN_FEMALE_4">
			<Text>Fatuma</Text>
		</Replace>
		<Replace Language="en_US" Tag="LOC_CITIZEN_ETHIOPIA_MODERN_FEMALE_5">
			<Text>Genet</Text>
		</Replace>
		<Replace Language="en_US" Tag="LOC_CITIZEN_ETHIOPIA_MODERN_FEMALE_6">
			<Text>Hiwot</Text>
		</Replace>
		<Replace Language="en_US" Tag="LOC_CITIZEN_ETHIOPIA_MODERN_FEMALE_7">
			<Text>Merima</Text>
		</Replace>
		<Replace Language="en_US" Tag="LOC_CITIZEN_ETHIOPIA_MODERN_FEMALE_8">
			<Text>Meseret</Text>
		</Replace>
		<Replace Language="en_US" Tag="LOC_CITIZEN_ETHIOPIA_MODERN_FEMALE_9">
			<Text>Netsanet</Text>
		</Replace>
		<Replace Language="en_US" Tag="LOC_CITIZEN_ETHIOPIA_MODERN_FEMALE_10">
			<Text>Tigist</Text>
		</Replace>
	</LocalizedText>
</GameData>
