<!-- edited with XMLSPY v2004 rel. 2 U (http://www.xmlspy.com) by Ed Beach (Firaxis Games) -->
<GameData>
  <LocalizedText>
    <Replace Language="en_US" Tag="LOC_SECRETSOCIETY">
      <Text>Hội kín</Text>
    </Replace>
		<Replace Language="en_US" Tag="LOC_SECRETSOCIETY_DIPLO_NONE_NAME">
			<Text>không</Text>
		</Replace>
		<Replace Language="en_US" Tag="LOC_SECRETSOCIETY_DIPLO_UNKNOWN_NAME">
			<Text>không xác định</Text>
		</Replace>
		<Replace Language="en_US" Tag="LOC_SECRETSOCIETY_DIPLO_UNKNOWN_DESCRIPTION">
			<Text>Người lãnh đạo này là thành viên của một Hội bí mật mà chúng tôi chưa phát hiện ra. Sau khi chúng tôi liên hệ với nó, các thành viên của nó sẽ được tiết lộ.</Text>
		</Replace>
    <Replace Language="en_US" Tag="LOC_GOVERNOR_PROMOTION_UNKNOWN_NAME">
      <Text>???</Text>
    </Replace>
    <Replace Language="en_US" Tag="LOC_GOVERNOR_PROMOTION_UNKNOWN_DESCRIPTION">
      <Text>Những bí ẩn sâu hơn vẫn chưa được tiết lộ. Trước tiên chúng ta phải chứng minh cam kết của mình.</Text>
    </Replace>
		<!--Notifications-->
		<Replace Language="en_US" Tag="LOC_NOTIFICATION_SECRETSOCIETY_LEADER_JOINED_MESSAGE">
			<Text>{1_LeaderOrScreenName} tham gia {2_SecretSocietyName}</Text>
		</Replace>
		<Replace Language="en_US" Tag="LOC_NOTIFICATION_SECRETSOCIETY_LEADER_JOINED_SUMMARY">
			<Text>{1_LeaderOrScreenName}đã trở thành một thành viên của {2_SecretSocietyName}.</Text>
		</Replace>
		<Replace Language="en_US" Tag="LOC_NOTIFICATION_SECRETSOCIETY_LEVEL_UP_MESSAGE">
			<Text>Tiến bộ của hội kín</Text>
		</Replace>
		<Replace Language="en_US" Tag="LOC_NOTIFICATION_SECRETSOCIETY_LEVEL_UP_SUMMARY">
			<Text>Kế hoạch của {1_SecretSocietyName} chuyển sang giai đoạn tiếp theo, mở ra một chương trình khuyến mãi nâng cao hơn cho người liên hệ với Thống đốc của bạn.</Text>
		</Replace>
		<!--Diplomacy-->
    <Replace Language="en_US" Tag="LOC_TOOLTIP_SAMPLE_DIPLOMACY_SAME_SECRET_SOCIETY">
      <Text>Thành viên của cùng một Hội kín</Text>
    </Replace>
    <Replace Language="en_US" Tag="LOC_TOOLTIP_SAMPLE_DIPLOMACY_DIFFERENT_SECRET_SOCIETY">
      <Text>Thành viên của Hiệp hội bí mật đối thủ</Text>
    </Replace>
		<Replace Language="en_US" Tag="LOC_DIPLO_KUDO_LEADER_ANY_REASON_STANDARD_DIPLOMATIC_SAME_SECRET_SOCIETY">
			<Text>Tôi nhìn thấy bạn qua những dấu hiệu của bạn, và tôi rất vui khi biết rằng chúng ta là họ hàng.</Text>
		</Replace>
		<Replace Language="en_US" Tag="LOC_DIPLO_WARNING_LEADER_ANY_REASON_STANDARD_DIPLOMATIC_DIFFERENT_SECRET_SOCIETY">
			<Text>Trên bạn, tôi thấy dấu vết của cái ác. Những người biết sẽ nhìn thấy Hội của bạn nó là gì.</Text>
		</Replace>
    <!--Alliances-->
    <Replace Language="en_US" Tag="LOC_ALLIANCE_POINTS_FROM_SOCIETIES">
      <Text>[NEWLINE]{1_Amount} Điểm khi là thành viên của cùng một hội kín</Text>
    </Replace>
    <!--Owls of Minerva-->
    <Replace Language="en_US" Tag="LOC_SECRETSOCIETY_OWLS_OF_MINERVA_NAME">
      <Text>Owls of Minerva</Text>
    </Replace>
    <Replace Language="en_US" Tag="LOC_SECRETSOCIETY_OWLS_OF_MINERVA_DESCRIPTION">
      <Text>Owls of Minerva là một nhóm bí mật gồm những cá nhân có địa vị cao và giàu có. Họ tập trung vào chính phủ, thương mại và gián điệp.</Text>
    </Replace>
    <Replace Language="en_US" Tag="LOC_SECRETSOCIETY_OWLS_OF_MINERVA_DISCOVERY">
      <Text>Một cuộc trò chuyện với một người quen mới chuyển sang các biểu tượng: một con mắt trong kim tự tháp, một con cú hai đầu, một con rắn cắn đuôi của chính nó. “Đây là những dấu hiệu mà chúng ta biết nhau,” anh ấy nói với bạn. Sau đó, anh ta mời bạn đi qua các đường hầm bên dưới thành phố để đến một căn phòng phủ nhung đầy những nhân vật mặc áo choàng và mặt nạ động vật, và những người mà bạn nghĩ mình nhận ra là một số người giàu nhất và quan trọng nhất trong đế chế của bạn - và hơn thế nữa. "Hãy tham gia cùng chúng tôi", một người phụ nữ trong chiếc mặt nạ tinh xảo đưa ra lời mời chào.</Text>
    </Replace>
    <Replace Language="en_US" Tag="LOC_SECRETSOCIETY_OWLS_OF_MINERVA_MEMBERSHIP">
      <Text>Các nghi thức đã được thực hiện. Bạn đã đọc thuộc lòng tên của những người sáng lập và dòng họ của họ và ghi nhớ các dấu hiệu của Owls. Thật đáng kinh ngạc là có bao nhiêu người xung quanh bạn suốt thời gian qua. Bộ trưởng tài chính của bạn giấu một hình xăm con cú hai đầu trên mắt cá chân của mình; một thương gia buôn lụa nhàn nhạt vẽ mắt trên lòng bàn tay đang mở của mình. Bây giờ bạn là của Owls.</Text>
    </Replace>
    <Replace Language="en_US" Tag="LOC_GOVERNOR_PROMOTION_OWLS_OF_MINERVA_1_NAME">
      <Text>Initiation</Text>
    </Replace>
    <Replace Language="en_US" Tag="LOC_GOVERNOR_PROMOTION_OWLS_OF_MINERVA_1_DESCRIPTION">
      <Text>Được mở khóa bằng cách cử Đặc phái viên [ICON_Envoy] đến Thành phố-Bang. +1 Vị trí chính sách kinh tế. Mỗi [ICON_TradeRoute] Tuyến đường thương mại được gửi đến Thành phố-Bang sẽ thưởng 1 [ICON_Envoy] Đặc phái viên tại đó.</Text>
    </Replace>
    <Replace Language="en_US" Tag="LOC_GOVERNOR_PROMOTION_OWLS_OF_MINERVA_2_NAME">
      <Text>Ritual</Text>
    </Replace>
    <Replace Language="en_US" Tag="LOC_GOVERNOR_PROMOTION_OWLS_OF_MINERVA_2_DESCRIPTION">
      <Text>Được mở khóa trong Kỷ nguyên Trung cổ. Cho phép bạn xây dựng tòa nhà Gilded Vault, một sự thay thế mạnh mẽ của Ngân hàng.</Text>
    </Replace>
    <Replace Language="en_US" Tag="LOC_GOVERNOR_PROMOTION_OWLS_OF_MINERVA_3_NAME">
      <Text>Giảng dạy</Text>
    </Replace>
    <Replace Language="en_US" Tag="LOC_GOVERNOR_PROMOTION_OWLS_OF_MINERVA_3_DESCRIPTION">
      <Text>Được mở khóa trong Kỷ nguyên Công nghiệp. +1 Vị trí chính sách ký tự đại diện. +2 Năng lực gián điệp. Các thành phố của bạn nhận được +4 Mức độ trung thành mỗi lượt và +1 [ICON_Amenities] Tiện ích khi Gián điệp của bạn ở trong lãnh thổ của họ.</Text>
    </Replace>
    <Replace Language="en_US" Tag="LOC_GOVERNOR_PROMOTION_OWLS_OF_MINERVA_4_NAME">
      <Text>Quy hoạch tổng thể</Text>
    </Replace>
    <Replace Language="en_US" Tag="LOC_GOVERNOR_PROMOTION_OWLS_OF_MINERVA_4_DESCRIPTION">
      <Text>Đã mở khóa trong Kỷ nguyên nguyên tử. Mỗi lượt, bạn kiếm được 3% số vàng [ICON_Gold] trong kho bạc của mình dưới dạng thu nhập. Bất cứ khi nào nhiệm vụ gián điệp tấn công thành công, bạn cũng nhận được một nửa [ICON_Science] Khoa học, [ICON_Culture] Văn Hóa, [ICON_Gold] Vàng và [ICON_Faith] Đức tin rằng thành phố được nhắm mục tiêu đã kiếm được lượt đó.</Text>
    </Replace>
    <!--Hermetic Order-->
    <Replace Language="en_US" Tag="LOC_SECRETSOCIETY_HERMETIC_ORDER_NAME">
      <Text>Trật tự Hermetic</Text>
    </Replace>
    <Replace Language="en_US" Tag="LOC_SECRETSOCIETY_HERMETIC_ORDER_DESCRIPTION">
      <Text>Trật tự Hermetic là một xã hội của các nhà khoa học và nhà giả kim không chính thống. Công việc của họ tập trung vào khoa học, những con người vĩ đại và tài nguyên.</Text>
    </Replace>
    <Replace Language="en_US" Tag="LOC_SECRETSOCIETY_HERMETIC_ORDER_DISCOVERY">
      <Text>Một nhà thần bí lang thang xuất hiện tại cung điện của bạn. Cơ thể anh ta được bao phủ bởi một loại văn bản mà bạn chưa từng thấy trước đây; các biểu tượng thậm chí dường như tỏa sáng theo cách riêng của họ. Anh ta bắt đầu giảng cho các cận thần của bạn về các đặc tính giả kim ẩn của vật chất: về cách thủy ngân có thể được tạo ra để chảy theo tiếng chim hót, cách lưu huỳnh nguyên tố có thể được tạo ra từ các văn bản thiêng liêng, và về sự cộng hưởng ẩn của một số viên đá dưới ánh trăng. Anh ấy hỏi bạn, "bạn cũng muốn biết bản chất thực sự của mọi thứ?"</Text>
    </Replace>
    <Replace Language="en_US" Tag="LOC_SECRETSOCIETY_HERMETIC_ORDER_MEMBERSHIP">
      <Text>Nhiều điều đã được giấu với bạn bây giờ đã được tiết lộ. Vật chất rất sôi động: kim loại và đá đập mạnh với những ảnh hưởng bí mật, ánh sáng sao có thể được tập trung để chiếu sáng các chất lỏng thiết yếu, và bản thân trái đất xung với năng lượng và ánh sáng. Toàn bộ cánh của cung điện là một khu vực nhộn nhịp của hoạt động giả kim, và bạn đã học cách sống chung với sự bùng nổ không thường xuyên.</Text>
    </Replace>
    <Replace Language="en_US" Tag="LOC_GOVERNOR_PROMOTION_HERMETIC_ORDER_1_NAME">
      <Text>Bắt đầu</Text>
    </Replace>
    <Replace Language="en_US" Tag="LOC_GOVERNOR_PROMOTION_HERMETIC_ORDER_1_DESCRIPTION">
      <Text>Được mở khóa bằng cách khám phá một Kỳ quan Tự nhiên. Tiết lộ tài nguyên Đường Ley trên bản đồ. Ley Lines đưa ra phần thưởng liền kề tiêu chuẩn cho tất cả các quận đặc biệt.</Text>
    </Replace>
    <Replace Language="en_US" Tag="LOC_GOVERNOR_PROMOTION_HERMETIC_ORDER_2_NAME">
      <Text>Nghi lễ</Text>
    </Replace>
    <Replace Language="en_US" Tag="LOC_GOVERNOR_PROMOTION_HERMETIC_ORDER_2_DESCRIPTION">
      <Text>Được mở khóa trong Kỷ nguyên Trung cổ. Cho phép bạn xây dựng tòa nhà Hội giả kim, một sự thay thế mạnh mẽ của trường Đại học.</Text>
    </Replace>
    <Replace Language="en_US" Tag="LOC_GOVERNOR_PROMOTION_HERMETIC_ORDER_3_NAME">
      <Text>Giảng dạy</Text>
    </Replace>
    <Replace Language="en_US" Tag="LOC_GOVERNOR_PROMOTION_HERMETIC_ORDER_3_DESCRIPTION">
      <Text>Được mở khóa trong Kỷ nguyên Công nghiệp. Đối với mỗi [ICON_GreatPerson] Great Person đã kiếm được Ley Lines nhận được lợi nhuận +1 tương đương với loại quận của [ICON_GreatPerson] Great Person's. [ICON_GreatAdmiral] Các đô đốc vĩ đại và [ICON_GreatGeneral] Các đại tướng kiếm được +1 [ICON_Science] Khoa học.</Text>
    </Replace>
    <Replace Language="en_US" Tag="LOC_GOVERNOR_PROMOTION_HERMETIC_ORDER_4_NAME">
      <Text>Quy hoạch tổng thể</Text>
    </Replace>
    <Replace Language="en_US" Tag="LOC_GOVERNOR_PROMOTION_HERMETIC_ORDER_4_DESCRIPTION">
      <Text>Đã mở khóa trong Kỷ nguyên nguyên tử. Mở khóa Nghiên cứu huyền bí, một dự án thành phố cung cấp [ICON_GOLD] Vàng khi đang hoạt động. Khi hoàn thành, nó sẽ cấp cho [ICON_GreatPerson] điểm Người vĩ đại và [ICON_SCIENCE] Khoa học cho mỗi tuyến Ley trong thành phố.</Text>
    </Replace>
    <Replace Language="en_US" Tag="LOC_DISTRICT_LEY_LINE_CULTURE">
      <Text>+{1_num} [ICON_Culture] Văn hóa từ các nguồn Ley Line liền kề.</Text>
    </Replace>
    <Replace Language="en_US" Tag="LOC_DISTRICT_LEY_LINE_FAITH">
      <Text>+{1_num} [ICON_Faith] Đức tin từ các nguồn Ley Line liền kề.</Text>
    </Replace>
    <Replace Language="en_US" Tag="LOC_DISTRICT_LEY_LINE_GOLD">
      <Text>+{1_num} [ICON_Gold] Vàng từ các tài nguyên Ley Line liền kề.</Text>
    </Replace>
    <Replace Language="en_US" Tag="LOC_DISTRICT_LEY_LINE_PRODUCTION">
      <Text>+{1_num} [ICON_PRODUCTION] Sản xuất từ ​​các nguồn Ley Line liền kề.</Text>
    </Replace>
    <Replace Language="en_US" Tag="LOC_DISTRICT_LEY_LINE_SCIENCE">
      <Text>+{1_num} [ICON_Science] Khoa học từ các nguồn Ley Line liền kề.</Text>
    </Replace>
    <!--Voidsingers-->
    <Replace Language="en_US" Tag="LOC_SECRETSOCIETY_VOIDSINGERS_NAME">
      <Text>Voidsingers</Text>
    </Replace>
    <Replace Language="en_US" Tag="LOC_SECRETSOCIETY_VOIDSINGERS_DESCRIPTION">
      <Text>Voidsingers là một giáo phái hư vô của các vị thần tối cao. Họ tập trung vào tôn giáo, di tích và (không) lòng trung thành.</Text>
    </Replace>
    <Replace Language="en_US" Tag="LOC_SECRETSOCIETY_VOIDSINGERS_DISCOVERY">
      <Text>Nó bắt đầu với một giấc mơ về biển. Những con sóng dâng cao về phía bờ nhưng không chịu đập vào cát, mặt nước đã biến thành một thứ gì đó giống da thịt hơn. Một hình dạng đen tối rộng lớn di chuyển bên dưới, hình dạng của nó liên tục mọc ra các chi mới và phục hồi các chi cũ. Trong gió, có một bài hát thì thầm với bạn tên của nó, một tập hợp các âm tiết không dành cho tiếng người. Ngày hôm sau, trong chợ, bạn tình cờ nghe thấy một chú nhím non với cái nhìn chằm chằm chằm chằm lẩm bẩm điều gì đó bằng chính ngôn ngữ này.</Text>
    </Replace>
    <Replace Language="en_US" Tag="LOC_SECRETSOCIETY_VOIDSINGERS_MEMBERSHIP">
      <Text>Thế giới của chúng ta là nông - của họ là sâu. Bạn đã mở rộng tâm trí của bạn với bài hát của khoảng không và chấp nhận sự thật của nó. Những Old Ones đang ngủ, nhưng chúng ta có thể nghe thấy những giấc mơ của họ. Những gì có vẻ là điên rồ là một sự thật cao hơn. Chúng tôi chờ đợi và ngắm biển và hát ca ngợi họ.</Text>
    </Replace>
    <Replace Language="en_US" Tag="LOC_GOVERNOR_PROMOTION_VOIDSINGERS_1_NAME">
      <Text>Bắt đầu</Text>
    </Replace>
    <Replace Language="en_US" Tag="LOC_GOVERNOR_PROMOTION_VOIDSINGERS_1_DESCRIPTION">
      <Text>Được mở khóa bằng cách khám phá Làng bộ lạc. Cho phép bạn xây dựng tòa nhà Old God Obelisk, một sự thay thế mạnh mẽ của Tượng đài.</Text>
    </Replace>
    <Replace Language="en_US" Tag="LOC_GOVERNOR_PROMOTION_VOIDSINGERS_2_NAME">
      <Text>Nghi lễ</Text>
    </Replace>
    <Replace Language="en_US" Tag="LOC_GOVERNOR_PROMOTION_VOIDSINGERS_2_DESCRIPTION">
      <Text>Được mở khóa trong Kỷ nguyên Trung cổ. Các thành phố kiếm được [ICON_Gold] Vàng, [ICON_Science] Khoa học và [ICON_Culture] Văn hóa mỗi lượt bằng 20% ​​tỷ lệ [ICON_Faith] Đức tin mỗi lượt của họ.</Text>
    </Replace>
    <Replace Language="en_US" Tag="LOC_GOVERNOR_PROMOTION_VOIDSINGERS_3_NAME">
      <Text>Giảng dạy</Text>
    </Replace>
    <Replace Language="en_US" Tag="LOC_GOVERNOR_PROMOTION_VOIDSINGERS_3_DESCRIPTION">
      <Text>Được mở khóa trong Kỷ nguyên Công nghiệp. Mở khóa đơn vị Cultist. Đơn vị này được mua bằng [ICON_Faith] Đức tin và sử dụng phí để giảm mức độ Trung thành ở các thành phố nước ngoài và tạo [ICON_GreatWork_Relic] Di tích về Hư không.</Text>
    </Replace>
    <Replace Language="en_US" Tag="LOC_GOVERNOR_PROMOTION_VOIDSINGERS_4_NAME">
      <Text>Quy hoạch tổng thể</Text>
    </Replace>
    <Replace Language="en_US" Tag="LOC_GOVERNOR_PROMOTION_VOIDSINGERS_4_DESCRIPTION">
      <Text>Đã mở khóa trong Kỷ nguyên nguyên tử. Mở khóa Triệu hồi Bóng tối, một dự án thành phố cung cấp rất nhiều Niềm tin [ICON_Faith] khi hoạt động và khi hoàn thành sẽ tăng lượng sát thương Trung thành gây ra bởi Người theo Đạo.</Text>
    </Replace>
    <!--Sanguine Pact-->
    <Replace Language="en_US" Tag="LOC_SECRETSOCIETY_SANGUINE_PACT_NAME">
      <Text>Hiệp ước chính hãng</Text>
    </Replace>
    <Replace Language="en_US" Tag="LOC_SECRETSOCIETY_SANGUINE_PACT_DESCRIPTION">
      <Text>Hiệp ước Sanguine chia sẻ sự thèm ăn không tốt cho máu. Họ tập trung vào việc xây dựng một quân đội mạnh.</Text>
    </Replace>
    <Replace Language="en_US" Tag="LOC_SECRETSOCIETY_SANGUINE_PACT_DISCOVERY">
      <Text>Cô gái xuất hiện ở cổng thành, mặt trắng bệch và lầm bầm về một người xa lạ tối tăm mà cô gặp trên đường, gió và cánh lao xao, và nỗi đau ngọt ngào nhất mà cô từng cảm nhận. Các bác sĩ của bạn điều trị cho cô ấy, nhưng cô ấy dường như đang mờ đi nhanh chóng. Khi màn đêm buông xuống, một nữ quý tộc ngoại quốc (ít nhất cô ấy cũng giống một quý tộc, cũng giống như ngoại quốc) xuất hiện trước cổng nhà bạn. “Cô gái đi cùng tôi,” cô ấy nói, nụ cười để lộ hàm răng trắng và nổi bật đến kinh ngạc. “Có lẽ bạn có thể mời tôi vào?"</Text>
    </Replace>
    <Replace Language="en_US" Tag="LOC_SECRETSOCIETY_SANGUINE_PACT_MEMBERSHIP">
      <Text>Bạn đã uống chiếc cốc màu đỏ và cảm nhận được cuộc sống mới qua huyết quản của mình. Đêm dường như sống động với những khả năng mới và sự thèm ăn. Cung điện của bạn đứng đóng cửa và yên tĩnh vào ban ngày, nhưng sau khi mặt trời lặn, các triều thần mới chạy nhanh các sảnh, chân của họ không phát ra âm thanh khi họ đi.</Text>
    </Replace>
    <Replace Language="en_US" Tag="LOC_GOVERNOR_PROMOTION_SANGUINE_PACT_1_NAME">
      <Text>Bắt đầu</Text>
    </Replace>
    <Replace Language="en_US" Tag="LOC_GOVERNOR_PROMOTION_SANGUINE_PACT_1_DESCRIPTION">
      <Text>Được mở khóa bằng cách phá hủy Trại man rợ. Cấp một đơn vị Ma cà rồng trong [ICON_Capital] Thủ đô của bạn.</Text>
    </Replace>
    <Replace Language="en_US" Tag="LOC_GOVERNOR_PROMOTION_SANGUINE_PACT_2_NAME">
      <Text>Nghi lễ</Text>
    </Replace>
    <Replace Language="en_US" Tag="LOC_GOVERNOR_PROMOTION_SANGUINE_PACT_2_DESCRIPTION">
      <Text>Được mở khóa trong Kỷ nguyên Trung cổ. Cấp một đơn vị Ma cà rồng trong Thủ đô [ICON_Capital] của bạn và cho phép các Ma cà rồng của bạn xây dựng Lâu đài Ma cà rồng (tối đa hai cho mỗi đế chế).</Text>
    </Replace>
    <Replace Language="en_US" Tag="LOC_GOVERNOR_PROMOTION_SANGUINE_PACT_3_NAME">
      <Text>Giảng dạy</Text>
    </Replace>
    <Replace Language="en_US" Tag="LOC_GOVERNOR_PROMOTION_SANGUINE_PACT_3_DESCRIPTION">
      <Text>Được mở khóa trong Kỷ nguyên Công nghiệp. Cấp một đơn vị Ma cà rồng trong Vốn [ICON_Capital] của bạn. Tăng số lượng xây dựng Lâu đài Ma cà rồng tối đa lên ba. Ma cà rồng của bạn giờ đây Đe dọa các đơn vị kẻ thù lân cận, giảm 5. Sức mạnh chiến đấu [ICON_Strength] của chúng đi 5. Việc dồn lực giờ sẽ tiêu tốn của Ma cà rồng 1 [ICON_Movement] Di chuyển.</Text>
    </Replace>
    <Replace Language="en_US" Tag="LOC_GOVERNOR_PROMOTION_SANGUINE_PACT_4_NAME">
      <Text>Quy hoạch tổng thể</Text>
    </Replace>
    <Replace Language="en_US" Tag="LOC_GOVERNOR_PROMOTION_SANGUINE_PACT_4_DESCRIPTION">
      <Text>Đã mở khóa trong Kỷ nguyên nguyên tử. Cấp cho một đơn vị Ma cà rồng trong Vốn [ICON_Capital] của bạn. Tăng số lượng xây dựng Lâu đài Ma cà rồng tối đa lên bốn. Các đơn vị trong một ô của Lâu đài Ma cà rồng của bạn giờ đây có thể Vận chuyển đến bất kỳ ô nào khác gần một trong các Lâu đài Ma cà rồng của bạn.</Text>
    </Replace>
    <!--Buildings-->
    <Replace Language="en_US" Tag="LOC_BUILDING_ALCHEMICAL_SOCIETY_NAME">
      <Text>Hội giả kim thuật</Text>
    </Replace>
    <Replace Language="en_US" Tag="LOC_BUILDING_ALCHEMICAL_SOCIETY_DESCRIPTION">
      <Text>Duy nhất cho Trật tự Hermetic, thay thế trường đại học. Khu học xá này tạo ra [ICON_Gold] Vàng tương đương với phần thưởng gần kề của [ICON_Science] Khoa học.</Text>
    </Replace>
    <Replace Language="en_US" Tag="LOC_BUILDING_GILDED_VAULT_NAME">
      <Text>Kho tiền mạ vàng</Text>
    </Replace>
    <Replace Language="en_US" Tag="LOC_BUILDING_GILDED_VAULT_DESCRIPTION">
      <Text>Duy nhất cho Owls of Minerva, thay thế Ngân hàng. Trung tâm thương mại này tạo ra [ICON_CULTURE] Văn hóa tương đương với phần thưởng gần kề  [ICON_Gold] Vàng của nó. Có một Bến cảng ở thành phố này cung cấp cho bạn khả năng +1 [ICON_TradeRoute] Tuyến đường thương mại.</Text>
    </Replace>
    <Replace Language="en_US" Tag="LOC_BUILDING_OLD_GOD_OBELISK_NAME">
      <Text>Thần già Obelisk</Text>
    </Replace>
    <Replace Language="en_US" Tag="LOC_BUILDING_OLD_GOD_OBELISK_DESCRIPTION">
      <Text>Duy nhất cho Voidsingers, thay thế Đài tưởng niệm. Chứa 1 khe Công việc tuyệt vời có thể chứa bất kỳ loại Tác phẩm tuyệt vời nào. Cung cấp mức độ trung thành +1 mỗi lượt ở thành phố này. Nếu thành phố đã có mức độ Trung thành tối đa, hãy cung cấp thêm +1 [ICON_Culture] Văn hóa.</Text>
    </Replace>
    <!--Improvements-->
    <Replace Language="en_US" Tag="LOC_IMPROVEMENT_VAMPIRE_CASTLE_NAME">
      <Text>Lâu đài ma cà rồng</Text>
    </Replace>
    <Replace Language="en_US" Tag="LOC_IMPROVEMENT_VAMPIRE_CASTLE_DESCRIPTION">
      <Text>Có thể được xây dựng trong lãnh thổ do người chơi sở hữu và trung lập bởi Ma cà rồng. Cung cấp củng cố cho các đơn vị trên ô. Nhân đôi sản lượng từ các ô liền kề khi được xây dựng, thêm chúng vào ô của Lâu đài Ma cà rồng và cấp sản lượng của ô đó cho thành phố Thủ đô [ICON_Capital].</Text>
    </Replace>
    <!--Resources-->
    <Replace Language="en_US" Tag="LOC_RESOURCE_LEY_LINE_NAME">
      <Text>Đường ley</Text>
    </Replace>
    <!--Units-->
    <Replace Language="en_US" Tag="LOC_UNIT_VAMPIRE_NAME">
      <Text>Ma cà rồng</Text>
    </Replace>
    <Replace Language="en_US" Tag="LOC_UNIT_VAMPIRE_DESCRIPTION">
      <Text>Đơn vị chiến đấu duy nhất trong Hiệp ước Sanguine. Có [ICON_Strength] Sức mạnh Chiến đấu cơ bản bằng với đơn vị mạnh nhất mà các thành phố của bạn đã sản xuất. Nhận [ICON_Strength] Sức mạnh Chiến đấu vĩnh viễn khi các đơn vị chết trong ô liền kề. Sức mạnh từ cái chết của Barbarian được giới hạn ở +10. Khi bị giết, rút ​​1 HP về Thủ đô [ICON_Capital] hoặc Lâu đài Ma cà rồng gần nhất. Hồi thêm 50 HP từ việc cướp các ô của kẻ thù, nhưng bị giảm hồi máu thụ động.</Text>
    </Replace>
    <Replace Language="en_US" Tag="LOC_UNIT_CULTIST_NAME">
      <Text>Người sùng bái</Text>
    </Replace>
    <Replace Language="en_US" Tag="LOC_UNIT_CULTIST_DESCRIPTION">
      <Text>Đơn vị hỗ trợ duy nhất cho Voidsingers. Một khi nó chết hoặc mất tất cả các khoản phí, sự hy sinh tận tụy của nó sẽ trao cho người chơi một [ICON_GreatWork_Relic] Di tích Hư không. Có thể di chuyển vào vùng đất nước ngoài khi không có chiến tranh và sử dụng phí để chiêu mộ Người theo dõi ở một thành phố nước ngoài liền kề, khiến nó mất 10 Trung thành.</Text>
    </Replace>
    <Replace Language="en_US" Tag="LOC_ABILITY_SPREAD_DISSENT_NAME">
      <Text>Tuyển dụng người theo dõi</Text>
    </Replace>
    <Replace Language="en_US" Tag="LOC_ABILITY_SPREAD_DISSENT_DESCRIPTION">
      <Text>Có thể chiêu mộ những người theo dõi trong một thành phố đối phương gần kề, khiến nó mất đi 10 Trung thành. Khi dự án thành phố Triệu hồi Bóng tối được mở khóa, hành động này gây thêm 1 sát thương cho mỗi dự án đã hoàn thành, lên đến tổng số tối đa là 30.</Text>
    </Replace>
    <Replace Language="en_US" Tag="LOC_UNITCOMMAND_SPREAD_DISSENT_DESCRIPTION">
      <Text>Tuyển dụng người theo dõi</Text>
    </Replace>
    <Replace Language="en_US" Tag="LOC_UNITCOMMAND_SPREAD_DISSENT_FAILURE_REQUIRES_ENEMY_CITY">
      <Text>Phải tiếp giáp với Trung tâm Thành phố của đối phương</Text>
    </Replace>
    <Replace Language="en_US" Tag="LOC_ABILITY_CULTIST_RELIC_ON_DEATH_NAME">
      <Text>Sự hy sinh</Text>
    </Replace>
    <Replace Language="en_US" Tag="LOC_ABILITY_CULTIST_RELIC_ON_DEATH_DESCRIPTION">
      <Text>Khi nó chết hoặc mất tất cả các khoản phí, chủ sở hữu sẽ được tặng [ICON_GreatWork_Relic] Di tích của Hư không.</Text>
    </Replace>
    <Replace Language="en_US" Tag="LOC_ABILITY_CULTIST_ENTER_FOREIGN_LANDS_DESCRIPTION">
      <Text>Có thể vào đất nước ngoài khi không có chiến tranh.</Text>
    </Replace>
    <Replace Language="en_US" Tag="SANGUINE_PACT_VAMPIRE_COMBAT_STRENGTH_DESC">
      <Text>+{Property} từ các đơn vị đã chết gần Ma cà rồng</Text>
    </Replace>
		<Replace Language="en_US" Tag="SANGUINE_PACT_VAMPIRE_BARB_COMBAT_STRENGTH_DESC">
			<Text>+{Property} từ những kẻ man rợ đã chết gần Ma cà rồng</Text>
		</Replace>
    <Replace Language="en_US" Tag="SANGUINE_PACT_VAMPIRE_INIMIDATE_DESC">
      <Text>{1_Amount} từ một vùng lân cận Ma cà rồng</Text>
    </Replace>
	<!--Notifications -->
	<!--Change "Holy Relic" to "Relic" for Secret Societies mode, as our new relics in this mode aren't holy -->
	<Replace Tag="LOC_NOTIFICATION_RELIC_CREATED_SUMMARY">
		<Text>[ICON_GreatWork_Relic] Di tích {1_RelicName} đã được đặt trong {2_BuildingName} ở {3_CityName}.</Text>
	</Replace>
    <!--Projects-->
    <Replace Language="en_US" Tag="LOC_PROJECT_OCCULT_RESEARCH_NAME">
      <Text>Nghiên cứu huyền bí</Text>
    </Replace>
    <Replace Language="en_US" Tag="LOC_PROJECT_OCCULT_RESEARCH_SHORT_NAME">
      <Text>Nghiên cứu huyền bí</Text>
    </Replace>
    <Replace Language="en_US" Tag="LOC_PROJECT_OCCULT_RESEARCH_DESCRIPTION">
      <Text>Dự án cung cấp [ICON_Gold] Vàng mỗi lượt. Nhận [ICON_SCIENCE] Khoa học per Ley Line ở thành phố này và [ICON_GreatScientist] Nhà khoa học vĩ đại, [ICON_GreatMerchant] Thương gia tuyệt vời và [ICON_GreatEngineer] Kỹ sư vĩ đại khi đã hoàn thành. Dự án này yêu cầu một khu Học xá.</Text>
    </Replace>
    <Replace Language="en_US" Tag="LOC_PROJECT_DARK_SUMMONING_NAME">
      <Text>Triệu hồi Bóng tối</Text>
    </Replace>
    <Replace Language="en_US" Tag="LOC_PROJECT_DARK_SUMMONING_SHORT_NAME">
      <Text>Triệu hồi Bóng tối</Text>
    </Replace>
    <Replace Language="en_US" Tag="LOC_PROJECT_DARK_SUMMONING_DESCRIPTION">
      <Text>Dự án cung cấp nhiều [ICON_Faith] Niềm tin mỗi lượt. Sau khi hoàn thành, nó sẽ tăng lượng sát thương Trung thành gây ra bởi các Tín đồ lên 2 (tối đa là 30). Dự án này yêu cầu tòa nhà Old God Obelisk.</Text>
    </Replace>
	<!--Secret Society Popup-->
    <Replace Language="en_US" Tag="LOC_DISCOVERED_SOCIETY">
      <Text>Đã khám phá ra một hội!</Text>
    </Replace>
    <Replace Language="en_US" Tag="LOC_DISCOVERED_SOCIETY_DESC">
      <Text>Bạn đã khám phá ra một xã hội bí ẩn được gọi là {1_SocietyName} và giành được 1 Danh hiệu Thống đốc [Icon_Governor].</Text>
    </Replace>
		<Replace Language="en_US" Tag="LOC_DISCOVERED_SOCIETY_WHILE_MEMBER_OF_ANOTHER">
			<Text>Người đàn ông trong bóng tối vẫy gọi bạn, đề nghị cho bạn thấy những điều kỳ diệu của {1_SocietyName}. Quá muộn, anh ấy nhìn thấy nụ cười hiểu biết của bạn và công nhận bạn là thành viên của {2_MemberSocietyName}. Trong sự điên rồ của mình, anh ta đã để lộ những dấu hiệu bí mật mà nhóm của anh ta biết các thành viên của nhóm và bạn có thể nhận ra họ ngay khi nhìn thấy.[NEWLINE][NEWLINE]{2_MemberSocietyName} thưởng cho lòng trung thành của bạn và bạn có thể sử dụng [Icon_Governor] Thống đốc Tiêu đề như bạn thấy phù hợp.</Text>
		</Replace>
    <Replace Language="en_US" Tag="LOC_JOINED_SOCIETY">
      <Text>Đã tham gia một hội!</Text>
    </Replace>
    <Replace Language="en_US" Tag="LOC_JOINED_SOCIETY_DESC">
      <Text>Bạn đã tham gia một xã hội được gọi là {1_SocietyName}.</Text>
    </Replace>
    <Replace Language="en_US" Tag="LOC_GO_TO_GOVERNORS">
      <Text>Đi tới màn hình thống đốc</Text>
    </Replace>
    <!--Relics of the Void-->
    <Replace Language="en_US" Tag="LOC_GREATWORK_VOIDSIGNERS_RELIC_1_NAME">
      <Text>Di tích của thiên thần nuốt chửng</Text>
    </Replace>
    <Replace Language="en_US" Tag="LOC_GREATWORK_VOIDSIGNERS_RELIC_2_NAME">
      <Text>Bào tử nấm</Text>
    </Replace>
    <Replace Language="en_US" Tag="LOC_GREATWORK_VOIDSIGNERS_RELIC_3_NAME">
      <Text>Mảnh vỡ của Akkorokamui</Text>
    </Replace>
    <Replace Language="en_US" Tag="LOC_GREATWORK_VOIDSIGNERS_RELIC_4_NAME">
      <Text>Sừng dê đen</Text>
    </Replace>
    <Replace Language="en_US" Tag="LOC_GREATWORK_VOIDSIGNERS_RELIC_5_NAME">
      <Text>Đá nền</Text>
    </Replace>
    <Replace Language="en_US" Tag="LOC_GREATWORK_VOIDSIGNERS_RELIC_6_NAME">
      <Text>Di tích của loài giun không nhìn thấy</Text>
    </Replace>
    <Replace Language="en_US" Tag="LOC_GREATWORK_VOIDSIGNERS_RELIC_7_NAME">
      <Text>Shard of Yog-Sothoth</Text>
    </Replace>
    <Replace Language="en_US" Tag="LOC_GREATWORK_VOIDSIGNERS_RELIC_8_NAME">
      <Text>Con của Azathoth</Text>
    </Replace>
    <Replace Language="en_US" Tag="LOC_GREATWORK_VOIDSIGNERS_RELIC_9_NAME">
      <Text>Bản Hợp xướng của kẻ chết đuối</Text>
    </Replace>
    <Replace Language="en_US" Tag="LOC_GREATWORK_VOIDSIGNERS_RELIC_10_NAME">
      <Text>Tàu Nyarlathotep</Text>
    </Replace>
    <Replace Language="en_US" Tag="LOC_GREATWORK_VOIDSIGNERS_RELIC_11_NAME">
      <Text>Rangda's Chalice</Text>
    </Replace>
    <Replace Language="en_US" Tag="LOC_GREATWORK_VOIDSIGNERS_RELIC_12_NAME">
      <Text>Cúp của Star-Spawn</Text>
    </Replace>
    <Replace Language="en_US" Tag="LOC_GREATWORK_VOIDSIGNERS_RELIC_13_NAME">
      <Text>The Singing Worm</Text>
    </Replace>
    <Replace Language="en_US" Tag="LOC_GREATWORK_VOIDSIGNERS_RELIC_14_NAME">
      <Text>Những kẻ mộng mơ</Text>
    </Replace>
    <Replace Language="en_US" Tag="LOC_GREATWORK_VOIDSIGNERS_RELIC_15_NAME">
      <Text>The Shrieking Flowers</Text>
    </Replace>
    <Replace Language="en_US" Tag="LOC_GREATWORK_VOIDSIGNERS_RELIC_16_NAME">
      <Text>Những người không có tình yêu</Text>
    </Replace>
    <Replace Language="en_US" Tag="LOC_GREATWORK_VOIDSIGNERS_RELIC_17_NAME">
      <Text>Mái vòm của Dagon</Text>
    </Replace>
    <Replace Language="en_US" Tag="LOC_GREATWORK_VOIDSIGNERS_RELIC_18_NAME">
      <Text>Cuốn sách của những cái tên đã chết</Text>
    </Replace>
    <Replace Language="en_US" Tag="LOC_GREATWORK_VOIDSIGNERS_RELIC_19_NAME">
      <Text>Kinh tay trái</Text>
    </Replace>
    <Replace Language="en_US" Tag="LOC_GREATWORK_VOIDSIGNERS_RELIC_20_NAME">
      <Text>Hướng dẫn về Kumanthong</Text>
    </Replace>
    <Replace Language="en_US" Tag="LOC_GREATWORK_VOIDSIGNERS_RELIC_21_NAME">
      <Text>Lời dạy của giun</Text>
    </Replace>
    <Replace Language="en_US" Tag="LOC_GREATWORK_VOIDSIGNERS_RELIC_22_NAME">
      <Text>Hồi ức của một nhà thiên văn mù</Text>
    </Replace>
    <Replace Language="en_US" Tag="LOC_GREATWORK_VOIDSIGNERS_RELIC_23_NAME">
      <Text>Nhật ký về những ước mơ của năm tới</Text>
    </Replace>
    <Replace Language="en_US" Tag="LOC_GREATWORK_VOIDSIGNERS_RELIC_24_NAME">
      <Text>Biên niên sử tụt dốc</Text>
    </Replace>
    <Replace Language="en_US" Tag="LOC_GREATWORK_VOIDSIGNERS_RELIC_25_NAME">
      <Text>Hướng dẫn Gợi ý: Civilization II</Text>
    </Replace>
    <!--Vampire Names-->
    <Replace Language="en_US" Tag="LOC_UNITNAME_PREFIX_CARMILLA">
      <Text>Carmilla</Text>
    </Replace>
    <Replace Language="en_US" Tag="LOC_UNITNAME_PREFIX_CHRISTABEL">
      <Text>Christabel</Text>
    </Replace>
    <Replace Language="en_US" Tag="LOC_UNITNAME_PREFIX_COUNT">
      <Text>Count</Text>
    </Replace>
    <Replace Language="en_US" Tag="LOC_UNITNAME_PREFIX_VLAD">
      <Text>Vlad</Text>
    </Replace>
    <Replace Language="en_US" Tag="LOC_UNITNAME_PREFIX_LENORE">
      <Text>Lenore</Text>
    </Replace>
    <Replace Language="en_US" Tag="LOC_UNITNAME_PREFIX_LORD">
      <Text>Lord</Text>
    </Replace>
    <Replace Language="en_US" Tag="LOC_UNITNAME_PREFIX_ONEIZA">
      <Text>Oneiza</Text>
    </Replace>
    <Replace Language="en_US" Tag="LOC_UNITNAME_PREFIX_LUDMILLA">
      <Text>Ludmilla</Text>
    </Replace>
    <Replace Language="en_US" Tag="LOC_UNITNAME_PREFIX_SAVA">
      <Text>Sava</Text>
    </Replace>
    <Replace Language="en_US" Tag="LOC_UNITNAME_PREFIX_BARON">
      <Text>Baron</Text>
    </Replace>
    <Replace Language="en_US" Tag="LOC_UNITNAME_PREFIX_LODIN">
      <Text>Lodin</Text>
    </Replace>
    <Replace Language="en_US" Tag="LOC_UNITNAME_PREFIX_LADY">
      <Text>Lady</Text>
    </Replace>
    <Replace Language="en_US" Tag="LOC_UNITNAME_PREFIX_MARQUIS">
      <Text>Marquis</Text>
    </Replace>
    <Replace Language="en_US" Tag="LOC_UNITNAME_PREFIX_COUNTESS">
      <Text>Countess</Text>
    </Replace>
    <Replace Language="en_US" Tag="LOC_UNITNAME_PREFIX_PETAR">
      <Text>Petar</Text>
    </Replace>
    <Replace Language="en_US" Tag="LOC_UNITNAME_PREFIX_DUKE">
      <Text>Duke</Text>
    </Replace>
    <Replace Language="en_US" Tag="LOC_UNITNAME_PREFIX_GRAF">
      <Text>Graf</Text>
    </Replace>
    <Replace Language="en_US" Tag="LOC_UNITNAME_PREFIX_DOM">
      <Text>Dom</Text>
    </Replace>
    <Replace Language="en_US" Tag="LOC_UNITNAME_PREFIX_MASTER">
      <Text>Master</Text>
    </Replace>
    <Replace Language="en_US" Tag="LOC_UNITNAME_PREFIX_VOIVODE">
      <Text>Voivode</Text>
    </Replace>
    <Replace Language="en_US" Tag="LOC_UNITNAME_PREFIX_BARONESS">
      <Text>Baroness</Text>
    </Replace>
    <Replace Language="en_US" Tag="LOC_UNITNAME_PREFIX_WOLFGANG">
      <Text>Wolfgang</Text>
    </Replace>
    <Replace Language="en_US" Tag="LOC_UNITNAME_PREFIX_BOYAR">
      <Text>Boyar</Text>
    </Replace>
    <Replace Language="en_US" Tag="LOC_UNITNAME_PREFIX_SHERIDAN">
      <Text>Sheridan</Text>
    </Replace>
    <Replace Language="en_US" Tag="LOC_UNITNAME_PREFIX_DUCHESS">
      <Text>Duchess</Text>
    </Replace>
    <Replace Language="en_US" Tag="LOC_UNITNAME_SUFFIX_LE_FANU">
      <Text>Le Fanu</Text>
    </Replace>
    <Replace Language="en_US" Tag="LOC_UNITNAME_SUFFIX_COLERIDGE">
      <Text>Coleridge</Text>
    </Replace>
    <Replace Language="en_US" Tag="LOC_UNITNAME_SUFFIX_VARNEY">
      <Text>Varney</Text>
    </Replace>
    <Replace Language="en_US" Tag="LOC_UNITNAME_SUFFIX_TEPES">
      <Text>Tepes</Text>
    </Replace>
    <Replace Language="en_US" Tag="LOC_UNITNAME_SUFFIX_RUTHVEN">
      <Text>Ruthven</Text>
    </Replace>
    <Replace Language="en_US" Tag="LOC_UNITNAME_SUFFIX_WESTERNA">
      <Text>Westenra</Text>
    </Replace>
    <Replace Language="en_US" Tag="LOC_UNITNAME_SUFFIX_ORLOK">
      <Text>Orlok</Text>
    </Replace>
    <Replace Language="en_US" Tag="LOC_UNITNAME_SUFFIX_BATHORY">
      <Text>Bathory</Text>
    </Replace>
    <Replace Language="en_US" Tag="LOC_UNITNAME_SUFFIX_SAVANOVIK">
      <Text>Savanovik</Text>
    </Replace>
    <Replace Language="en_US" Tag="LOC_UNITNAME_SUFFIX_ZAROVICH">
      <Text>Zarovich</Text>
    </Replace>
    <Replace Language="en_US" Tag="LOC_UNITNAME_SUFFIX_KROV">
      <Text>Krov</Text>
    </Replace>
    <Replace Language="en_US" Tag="LOC_UNITNAME_SUFFIX_VON_TOD">
      <Text>Von Tod</Text>
    </Replace>
    <Replace Language="en_US" Tag="LOC_UNITNAME_SUFFIX_HARKER">
      <Text>Harker</Text>
    </Replace>
    <Replace Language="en_US" Tag="LOC_UNITNAME_SUFFIX_DAVOVICH">
      <Text>Davovich</Text>
    </Replace>
    <Replace Language="en_US" Tag="LOC_UNITNAME_SUFFIX_BLAGOJEVIC">
      <Text>Blagojevic</Text>
    </Replace>
    <Replace Language="en_US" Tag="LOC_UNITNAME_SUFFIX_PEUCHEN">
      <Text>Peuchen</Text>
    </Replace>
    <Replace Language="en_US" Tag="LOC_UNITNAME_SUFFIX_KRASEU">
      <Text>Kraseu</Text>
    </Replace>
    <Replace Language="en_US" Tag="LOC_UNITNAME_SUFFIX_VOLTAIRE">
      <Text>Voltaire</Text>
    </Replace>
    <Replace Language="en_US" Tag="LOC_UNITNAME_SUFFIX_ALLATIUS">
      <Text>Allatius</Text>
    </Replace>
    <Replace Language="en_US" Tag="LOC_UNITNAME_SUFFIX_KIKUCHI">
      <Text>Kikuchi</Text>
    </Replace>
    <Replace Language="en_US" Tag="LOC_UNITNAME_SUFFIX_LAMORTE">
      <Text>Lamorte</Text>
    </Replace>
    <Replace Language="en_US" Tag="LOC_UNITNAME_SUFFIX_LANOCHE">
      <Text>Lanoche</Text>
    </Replace>
    <Replace Language="en_US" Tag="LOC_UNITNAME_SUFFIX_STOKER">
      <Text>Stoker</Text>
    </Replace>
    <Replace Language="en_US" Tag="LOC_UNITNAME_SUFFIX_BYRON">
      <Text>Byron</Text>
    </Replace>
    <Replace Language="en_US" Tag="LOC_UNITNAME_SUFFIX_SHELLEY">
      <Text>Shelley</Text>
    </Replace>
    <!-- Diplomatic texts -->
    <Replace Language="en_US" Tag="LOC_DIPLO_DENOUNCE_REASON_FROM_AI_LEADER_ANY_REASON_STANDARD_DIPLOMATIC_DIFFERENT_SECRET_SOCIETY">
      <Text>(Bạn thuộc về các hội kín khác nhau.)</Text>
    </Replace>
  </LocalizedText>
</GameData>
