<?xml version="1.0" encoding="utf-8"?>
<GameData>
	<LocalizedText>
		<Replace Language="en_US" Tag="LOC_DISTRICT_DIPLOMATIC_QUARTER_NAME">
			<Text>Khu phố ngoại giao</Text>
		</Replace>
		<Replace Language="en_US" Tag="LOC_DISTRICT_DIPLOMATIC_QUARTER_DESCRIPTION">
			<Text>Nền văn minh của bạn nhận được +1 [ICON_CULTURE] Văn hóa cho mỗi Phái đoàn hoặc Đại sứ quán từ một nền văn minh nước ngoài thông qua ngoại giao. +1 [ICON_ENVOY] Phái viên nếu được xây dựng bên cạnh trung tâm thành phố. Gián điệp địch hoạt động ở 2 cấp dưới mức bình thường nhắm vào quận này và các quận lân cận. Chỉ 1 có thể tồn tại trong đế chế của bạn tại một thời điểm.</Text>
		</Replace>
		<Replace Language="en_US" Tag="LOC_DISTRICT_DIPLOMATIC_QUARTER_EXPANSION2_DESCRIPTION">
			<Text>Nền văn minh của bạn nhận được +1 [ICON_FAVOR] Ưu đãi Ngoại giao cho mỗi Phái đoàn hoặc Đại sứ quán từ một nền văn minh nước ngoài thông qua ngoại giao. +1 [ICON_ENVOY] Phái viên nếu được xây dựng bên cạnh trung tâm thành phố. Gián điệp địch hoạt động ở 2 cấp dưới mức bình thường nhắm vào quận này và các quận lân cận. Chỉ 1 có thể tồn tại trong đế chế của bạn tại một thời điểm.</Text>
		</Replace>
	</LocalizedText>
</GameData>
