﻿<?xml version="1.0" encoding="utf-8"?>
<GameData>
	<LocalizedText>
		<Replace Language="en_US" Tag="LOC_GOLDEN_AGE_NAME">
			<Text>Golden Age War</Text>
		</Replace>
		<Replace Language="en_US" Tag="LOC_EMERGENCY_WAR_NAME">
			<Text>Emergency War</Text>
		</Replace>
		<Replace Language="en_US" Tag="LOC_WAR_OF_RETRIBUTION_NAME">
			<Text>War Of Retribution</Text>
		</Replace>
		<Replace Language="en_US" Tag="LOC_IDEOLOGICAL_WAR_NAME">
			<Text>Ideological War</Text>
		</Replace>
	</LocalizedText>
</GameData>