<?xml version="1.0" encoding="utf-8"?>
<GameData>
	<LocalizedText>
		<Replace Language="en_US" Tag="LOC_LOADING_INFO_LEADER_CHANDRAGUPTA">
			<Text>Hãy tin tưởng vào tham vọng của bạn, Chandragupta, vì nó đã giúp bạn thống nhất toàn bộ Ấn Độ. Giải phóng voi chiến khi bất kỳ đối thủ nào nguyền rủa tên của bạn, vị vua Mauryan kiêu hãnh. Một khi bạn giành lại đất đai cho dân tộc của bạn, những người kế cận của bạn sẽ thấy nó phát triển mạnh mẽ. Cầu mong biên giới của đế chế của bạn mở rộng mãi mãi.</Text>
		</Replace>
		<Replace Language="en_US" Tag="LOC_LOADING_INFO_LEADER_GENGHIS_KHAN">
			<Text>Thành Cát Tư Hãn, sự xảo quyệt của bạn đã xây dựng Mông Cổ một đế chế từ trên lưng ngựa của bạn. Luôn xông pha khi gặp kỵ binh của đối phương, vì một chiến thắng có thể kéo họ vào hàng ngũ của bạn. Gửi cung thủ Keshig nhanh nhẹn và mạnh mẽ của bạn để đẩy nhanh công dân của bạn trên khắp đất. Chẳng bao lâu nữa, tiếng trống ổn định của kỵ binh Mông Cổ là âm thanh bạn sẽ dạy cho thế giới.</Text>
		</Replace>
		<Replace Language="en_US" Tag="LOC_LOADING_INFO_LEADER_LAUTARO">
			<Text>Bạn đã không giải phóng người Mapuche, Lautaro trẻ tuổi — bạn đã truyền cảm hứng để họ tự giải phóng mình. Xây dựng các vật tổ để tôn vinh tổ tiên của bạn và tôn vinh con cháu của họ. Niềm tự hào đó sẽ lấp đầy trái tim của những kỵ binh của bạn khi họ nhân đôi các cuộc đột kích vào vùng đất của kẻ thù. Đứng với Mapuche, người mang rìu, và tạo ra một cái bóng kỳ dị.</Text>
		</Replace>
		<Replace Language="en_US" Tag="LOC_LOADING_INFO_LEADER_POUNDMAKER">
			<Text>Poundmaker, bạn sẽ chịu số phận của Cree mà không cần phàn nàn. Không nghi ngờ gì về kỹ năng của các chiến binh của bạn, nhưng họ dựa vào trí tuệ của bạn - tấn công kẻ thù của bạn sẽ không tốt nếu bạn không thể bảo vệ ngôi nhà của mình. Khi thế giới thay đổi theo những cách bất ngờ, các liên minh của bạn sẽ gắn kết bạn với một tương lai lâu dài. Những người đứng một mình chết một mình.</Text>
		</Replace>
		<Replace Language="en_US" Tag="LOC_LOADING_INFO_LEADER_ROBERT_THE_BRUCE">
			<Text>Robert the Bruce, là hậu vệ vững chắc của Scotland, bạn không lạ gì với chiến tranh, nhưng hiếm khi bạn tìm cách gây ra nó. Nếu bạn giữ cho mọi người hạnh phúc, bạn sẽ truyền cảm hứng cho họ đến sự vĩ đại. Hãy để bất kỳ ai lợi dụng những người hàng xóm yếu hơn của bạn gặp những người dân vùng cao không biết sợ hãi của bạn. Họ có thể dạy ý nghĩa thực sự của tự do.</Text>
		</Replace>
		<Replace Language="en_US" Tag="LOC_LOADING_INFO_LEADER_SEONDEOK">
			<Text>Nữ hoàng Seondeok, những ngôi sao tiết lộ bạn đã dẫn dắt Hàn Quốc đến sự vĩ đại. Xây dựng Seowons để giáo dục người dân của bạn, vì những bí mật của thế giới là của họ để khám phá. Đối với những kẻ muốn đánh cắp kiến thức của bạn, hãy coi họ như một trận mưa tên lửa phóng từ Hwacha của bạn. Hãy vươn tới bầu trời, nữ hoàng sắc sảo, và mọi người của bạn sẽ vươn tới với bạn.</Text>
		</Replace>
		<Replace Language="en_US" Tag="LOC_LOADING_INFO_LEADER_SHAKA">
			<Text>Clever Shaka, vua của Zulu, những người lính của bạn sẽ giành được cho bạn một đế chế. Các chiến binh Impi theo lệnh của bạn tràn ra ngoài và chiến đấu với tất cả những ai chống lại họ. Những đội quân Zulu kiên cường sẽ chứng minh sức mạnh của bạn nằm ở số lượng. Bạn không cần chiến tranh với mọi người hàng xóm — nhưng hãy để họ nghĩ rằng bạn có thể.</Text>
		</Replace>
		<Replace Language="en_US" Tag="LOC_LOADING_INFO_LEADER_TAMAR">
			<Text>Tamar hung dữ, chỉ có kẻ ngốc mới có thể đánh giá sai thước đo thực sự của Georgia. Giặc săn kẻ thù của bạn với những gia tộc trung thành tấn công từ những ngọn đồi. Khuyến khích kẻ thù của bạn lao thẳng vào những bức tường thành bền bỉ của thành phố bạn. Quân đội bảo vệ của bạn sẽ tiêu diệt chúng khi chúng chạy trốn. Nếu bạn không phải chịu đựng những kẻ ngu ngốc, nữ hoàng vĩ đại, Georgia sẽ không đau khổ.</Text>
		</Replace>
		<Replace Language="en_US" Tag="LOC_LOADING_INFO_LEADER_WILHELMINA">
			<Text>Nữ hoàng Wilhelmina, bạn sẽ bảo vệ Hà Lan đến người cuối cùng. Biến đất đai ven biển thành đất nông nghiệp với sự khéo léo của người Hà Lan. Công dân của bạn sẽ trang trại với hiệu quả cao khi biết rằng họ đang được bảo vệ bởi những tàu chiến hùng mạnh của bạn. Trên tất cả, hãy giao dịch với tất cả những người bạn gặp. Một thỏa thuận tốt có thể biến kẻ thù thành bạn — và nếu không, tiền sẽ tài trợ cho sự phản đối của bạn.</Text>
		</Replace>
	</LocalizedText>
</GameData>
