<?xml version="1.0" encoding="utf-8"?>
<GameData>
	<LocalizedText>
		<!-- Soothsayer Emergency -->
		<Replace Language="en_US" Tag="LOC_EMERGENCY_APPEASE_NAME">
			<Text>Xoa dịu các vị thần</Text>
		</Replace>
		<Replace Language="en_US" Tag="LOC_WORLD_CONGRESS_APPEASE_SUMMARY">
			<Text>"Các vị thần đã cảnh báo chúng ta rằng: ngày tận thế sắp đến. Họ sẽ ban cho những người theo dõi của họ những lợi ích, nhưng trước tiên chúng ta phải chứng minh sự nhiệt thành của mình. Chỉ những người sốt sắng nhất mới được thưởng."</Text>
		</Replace>
		<Replace Language="en_US" Tag="LOC_EMERGENCY_DESCRIPTION_APPEASE">
			<Text>Các vị thần đã cảnh báo chúng ta rằng ngày tàn đã gần kề. Họ sẽ ban cho những người theo dõi của họ những lợi ích, nhưng trước tiên chúng ta phải chứng minh sự nhiệt thành của mình. Chỉ những người sốt sắng nhất mới được thưởng.</Text>
		</Replace>
		<Replace Language="en_US" Tag="LOC_EMERGENCY_FLAVOR_APPEASE">
			<Text>Các vị thần đã cảnh báo chúng ta rằng ngày tàn đã gần kề. Họ sẽ ban cho những người theo dõi của họ những lợi ích, nhưng trước tiên chúng ta phải chứng minh sự nhiệt thành của mình. Chỉ những người sốt sắng nhất mới được thưởng.</Text>
		</Replace>
		<Replace Language="en_US" Tag="LOC_EMERGENCY_SCORE_APPEASE_DESC">
			<Text>Sử dụng hành động "Đơn vị liền kề hy sinh" với đơn vị Nhà Tiên tri của họ, nhận được điểm số bằng [ICON_Strength] Sức mạnh chiến đấu của đơn vị đã hy sinh.</Text>
		</Replace>
		<Replace Language="en_US" Tag="LOC_EMERGENCY_MEMBER_BUFF_DESCRIPTION_ACCESS_TO_APPEASE_UNIT_ACTION">
			<Text>Các đơn vị Nhà Tiên tri của thành viên có thể sử dụng hành động "Đơn vị liền kề Hy sinh" đối với các đơn vị thiện chiến gần núi lửa đang hoạt động.</Text>
		</Replace>
		<Replace Language="en_US" Tag="LOC_EMERGENCY_REWARD_FREE_SOOTHSAYER_DESCRIPTION">
		    <Text>1 đơn vị Nhà Tiên tri tự do</Text>
		</Replace>
		<Replace Language="en_US" Tag="LOC_EMERGENCY_REWARD_SOOTHSAYER_PROMOTION_DESCRIPTION">
		    <Text>1 đơn vị Nhà Tiên tri tự do được khuyến mại cho hiện tại và tương lai.</Text>
		</Replace>
		<Replace Language="en_US" Tag="LOC_EMERGENCY_REWARD_FAITH_PER_TURN_DESCRIPTION">
		    <Text>+2 [ICON_Faith] Niềm tin mỗi lượt</Text>
		</Replace>
		<Replace Language="en_US" Tag="LOC_CLIMATE_FOREST_FIRE_EVENT_DESCRIPTION_TOOLTIP">
			<Text>SỰ KIỆN LỬA RỪNG[NEWLINE][NEWLINE]Khi sự kiện xảy ra:[NEWLINE]- Những sự kiện này bắt đầu trong một khu rừng ngẫu nhiên hoặc ô Rừng nhiệt đới.[NEWLINE]- Lan rộng sang khu rừng hoặc khu rừng nhiệt đới liền kề.[NEWLINE][NEWLINE]Những viên gạch bị cháy sẽ gây sát thương cho các đơn vị và cải tiến cướp bóc.</Text>
		</Replace>
		<Replace Language="en_US" Tag="LOC_ACTIVATE_BLOCKER_NO_ADJACENT_VOLCANO">
		    <Text>Phải tiếp giáp với đơn vị chiến đấu thiện chiến tiếp giáp với núi lửa đang hoạt động.</Text>
		</Replace>
		<Replace Language="en_US" Tag="LOC_ACTIVATE_BLOCKER_NOT_VALID_DISASTER_TILE">
		    <Text>Phải nằm trên ô có thể bị ảnh hưởng bởi thiên tai.</Text>
		</Replace>
		<Replace Language="en_US" Tag="LOC_ACTIVATE_BLOCKER_NOT_VALID_TERRITORY_TILE">
		    <Text>Phải gây chiến với chính người chơi để gây ra thảm họa trên lãnh thổ nước ngoài.</Text>
		</Replace>
	</LocalizedText>
</GameData>
