<?xml version="1.0" encoding="utf-8"?>
<GameData>
	<LocalizedText>
		<!-- Apocalypse Mode -->
		<Replace Language="en_US" Tag="LOC_GAMEMODE_APOCALYPSE_NAME">
			<Text>Chế độ tận thế</Text>
		</Replace>
		<Replace Language="en_US" Tag="LOC_GAMEMODE_APOCALYPSE_DESCRIPTION">
			<Text>Chế độ chơi này bổ sung các thảm họa thiên nhiên mới, các phiên bản lớn hơn và có tác động mạnh hơn của các thảm họa hiện có, đồng thời tăng khả năng xảy ra tất cả các thảm họa thiên nhiên. Chế độ Tận thế cũng thêm đơn vị Nhà Tiên tri vào trò chơi và nếu khí hậu đạt đến mức thay đổi cuối cùng, sao chổi sẽ tấn công trái đất và hủy diệt nhân loại.</Text>
		</Replace>
		<!-- Gran Colombia: Civ Info -->
		<Replace Language="en_US" Tag="LOC_CIVILIZATION_GRAN_COLOMBIA_NAME">
			<Text>Gran Colombia</Text>
		</Replace>
		<Replace Language="en_US" Tag="LOC_CIVILIZATION_GRAN_COLOMBIA_DESCRIPTION">
			<Text>Đế chế Gran Colombia</Text>
		</Replace>
		<Replace Language="en_US" Tag="LOC_CIVILIZATION_GRAN_COLOMBIA_ADJECTIVE">
			<Text>Gran Colombian</Text>
		</Replace>
		<Replace Language="en_US" Tag="LOC_TRAIT_CIVILIZATION_EJERCITO_PATRIOTA_NAME">
			<Text>Ejército Patriota</Text>
		</Replace>
		<Replace Language="en_US" Tag="LOC_TRAIT_CIVILIZATION_EJERCITO_PATRIOTA_DESCRIPTION">
			<Text>+1 [ICON_Movement] Di chuyển đến tất cả các đơn vị. Việc thăng hạng một đơn vị không kết thúc lượt của đơn vị đó.</Text>
		</Replace>
		<Replace Language="en_US" Tag="LOC_ABILITY_EJERCITO_PATRIOTA_EXTRA_MOVEMENT_NAME">
			<Text>Ejército Patriota</Text>
		</Replace>
		<Replace Language="en_US" Tag="LOC_ABILITY_EJERCITO_PATRIOTA_EXTRA_MOVEMENT_DESCRIPTION">
			<Text>+1 [ICON_Movement] DI chuyển đến tất cả các đơn vị (Ejército Patriota)</Text>
		</Replace>
		<!-- Gran Colombia: Improvement Info -->
		<Replace Language="en_US" Tag="LOC_IMPROVEMENT_HACIENDA_NAME">
			<Text>Hacienda</Text>
		</Replace>
		<Replace Language="en_US" Tag="LOC_IMPROVEMENT_HACIENDA_DESCRIPTION">
			<Text>Mở khóa khả năng Người xây dựng để tạo Hacienda, duy nhất cho Gran Colombia.[NEWLINE][NEWLINE]+2 [ICON_GOLD] Vàng, +1 [ICON_PRODUCTION] Sản xuất và +1 [Icon_Housing] Nhà ở. +1 [ICON_Food] Thức ăn cho mỗi hai Đồn điền liền kề (tăng lên mỗi Đồn điền có Bộ phận thay thế). Đồn điền và Haciendas nhận được +1 [ICON_Production] Sản lượng cho mỗi hai Haciendas liền kề (tăng lên mỗi Hacienda với Triển khai nhanh). Chỉ có thể được xây dựng trên Plains, Plains Hills, Grassland và Grassland Hills.</Text>
		</Replace>
		<!-- Gran Colombia: Leader Info -->
		<Replace Language="en_US" Tag="LOC_LEADER_SIMON_BOLIVAR_NAME">
			<Text>Simón Bolívar</Text>
		</Replace>
		<Replace Language="en_US" Tag="LOC_LOADING_INFO_LEADER_SIMON_BOLIVAR">
			<Text>Bạn có thể đã làm theo những ý tưởng bất chợt của đồng nghiệp của mình, Simón Bolívar, nhưng thay vào đó bạn đã chọn trở thành Người giải phóng. Những khó khăn không bao giờ làm nản lòng bạn, vì vậy hãy giữ vững lý tưởng của mình và đưa nền cộng hòa của bạn bước vào một kỷ nguyên thịnh vượng mới.</Text>
		</Replace>
		<Replace Language="en_US" Tag="LOC_TRAIT_LEADER_CAMPANA_ADMIRABLE_NAME">
			<Text>Campaña Admirable</Text>
		</Replace>
		<Replace Language="en_US" Tag="LOC_TRAIT_LEADER_CAMPANA_ADMIRABLE_DESCRIPTION">
			<Text>Kiếm tướng Comandante khi bước vào kỷ nguyên mới.</Text>
		</Replace>
		<Replace Language="en_US" Tag="LOC_TRAIT_LEADER_CAMPANA_ADMIRABLE_DESCRIPTION_XP1">
			<Text>Kiếm tướng Comandante khi trò chơi bước sang kỷ nguyên mới.</Text>
		</Replace>
		<!-- Gran Colombia: Unit Info -->
		<Replace Language="en_US" Tag="LOC_UNIT_COMANDANTE_GENERAL_NAME">
			<Text>Comandante General</Text>
		</Replace>
		<Replace Language="en_US" Tag="LOC_UNIT_COMANDANTE_GENERAL_DESCRIPTION">
			<Text>Một loại Người vĩ đại đặc biệt chỉ có ở Simón Bolívar. Mỗi loại có khả năng riêng biệt, bao gồm cả hiệu ứng bị động và hiệu ứng Hưu trí.</Text>
		</Replace>
		<Replace Language="en_US" Tag="LOC_UNIT_COLOMBIAN_LLANERO_NAME">
			<Text>Llanero</Text>
		</Replace>
		<Replace Language="en_US" Tag="LOC_UNIT_COLOMBIAN_LLANERO_DESCRIPTION">
			<Text>Gran Colombia là đơn vị duy nhất trong thời kỳ Công nghiệp thay thế cho Kỵ binh. Chi phí bảo trì thấp. +4 [ICON_Strength] Sức mạnh Chiến đấu cho mọi Llanero lân cận. Hoàn toàn hồi máu khi ở trong phạm vi của một Tướng quân Comandante kích hoạt khả năng nghỉ hưu.</Text>
		</Replace>
		<!-- Maya: Civ Info -->
		<Replace Language="en_US" Tag="LOC_CIVILIZATION_MAYA_NAME">
			<Text>Maya</Text>
      <Gender>Masculine:the</Gender>
      <Plurality>2</Plurality>
		</Replace>
		<Replace Language="en_US" Tag="LOC_CIVILIZATION_MAYA_DESCRIPTION">
			<Text>Đế chế Maya</Text>
		</Replace>
		<Replace Language="en_US" Tag="LOC_CIVILIZATION_MAYA_ADJECTIVE">
			<Text>Mayan</Text>
		</Replace>
		<Replace Language="en_US" Tag="LOC_TRAIT_CIVILIZATION_MAYAB_NAME">
			<Text>Mayab</Text>
		</Replace>
		<Replace Language="en_US" Tag="LOC_TRAIT_CIVILIZATION_MAYAB_DESCRIPTION">
			<Text>Định cư liền kề với Nước ngọt và Bờ biển không cung cấp thêm Nhà ở [ICON_HOUSING], thay vào đó mỗi Trang trại cung cấp thêm Nhà ở +1 [ICON_HOUSING] và +1 [ICON_GOLD] Vàng. +1 [ICON_AMENITIES] Tiện ích cho mọi Luxury liền kề Trung tâm Thành phố.</Text>
		</Replace>
		<!-- Maya: District Info -->
		<Replace Language="en_US" Tag="LOC_DISTRICT_OBSERVATORY_NAME">
			<Text>Đài quan sát</Text>
		</Replace>
		<Replace Language="en_US" Tag="LOC_DISTRICT_OBSERVATORY_DESCRIPTION">
			<Text>Một quận duy nhất của người Maya dành cho những nỗ lực khoa học. Thay thế khu Campus và rẻ hơn để xây dựng.[NEWLINE][NEWLINE]+2 [ICON_Science] Phần thưởng Khoa học cho các đồn điền liền kề. +1 [ICON_Science] Phần thưởng Khoa học cho mỗi hai ô Nông trại hoặc huyện liền kề.</Text>
		</Replace>
		<Replace Language="en_US" Tag="LOC_DISTRICT_OBSERVATORY_DESCRIPTION_ADJACENCY">
			<Text>Gần kề: Phần thưởng Khoa học chính [ICON_Science] cho mỗi Đồn điền liền kề. Phần thưởng nhỏ [ICON_Science] Khoa học cho Nông trại hoặc ô huyện liền kề</Text>
		</Replace>
		<Replace Language="en_US" Tag="LOC_DISTRICT_PLANTATION_SCIENCE">
			<Text>+{1_num} [ICON_Science] Khoa học từ Đồn điền lân cận {1_Num : plural 1?tile; other?tiles;}.</Text>
		</Replace>
		<Replace Language="en_US" Tag="LOC_DISTRICT_FARM_SCIENCE">
			<Text>+{1_num} [ICON_Science] Khoa học từ Trang trại liền kề {1_Num : plural 1?tile; other?tiles;}.</Text>
		</Replace>
		<!-- Maya: Leader Info -->
		<Replace Language="en_US" Tag="LOC_LEADER_LADY_SIX_SKY_NAME">
			<Text>Lady Six Sky</Text>
		</Replace>
		<Replace Language="en_US" Tag="LOC_LOADING_INFO_LEADER_LADY_SIX_SKY">
			<Text>Lady Six Sky, mẹ chiến binh vĩ đại của Dos Pilas và Wak Kab’nal, dẫn dắt người dân của bạn bước vào một triều đại mới. Hãy để tầm với của bạn phát triển lâu dài để bạn có thể chinh phục kẻ thù của mình ở gần và xa. Các vị thần sẽ hướng dẫn bạn, và bạn sẽ lần lượt hướng dẫn những công dân trung thành của mình đến chiến thắng.</Text>
		</Replace>
		<Replace Language="en_US" Tag="LOC_TRAIT_LEADER_MUTAL_NAME">
			<Text>Ix Mutal Ajaw</Text>
		</Replace>
		<Replace Language="en_US" Tag="LOC_TRAIT_LEADER_MUTAL_DESCRIPTION">
			<Text>Các thành phố không phải thủ đô trong vòng 6 ô của [ICON_Capital] Tăng vốn +10% cho tất cả lợi suất. Các thành phố phi thủ đô khác nhận được -15% cho tất cả lợi suất. +5 [ICON_Strength] Sức mạnh Chiến đấu cho các đơn vị trong phạm vi 6 ô của Thủ đô [ICON_Capital].</Text>
		</Replace>
		<Replace Language="en_US" Tag="LOC_ABILITY_MUTAL_COMBAT_STRENGTH_NEAR_CAPITAL_NAME">
			<Text>Mutal</Text>
		</Replace>
		<Replace Language="en_US" Tag="LOC_ABILITY_MUTAL_COMBAT_STRENGTH_NEAR_CAPITAL_DESCRIPTION">
			<Text>+5 [ICON_Strength] Sức mạnh Chiến đấu cho các đơn vị trong phạm vi 6 ô của Thủ đô [ICON_Capital] (Ix Mutal Ajaw)</Text>
		</Replace>
		<Replace Language="en_US" Tag="LOC_ABILITY_MUTAL_NEAR_CAPITAL_COMBAT_DESCRIPTION">
			<Text>+{1_Amount} Sức mạnh Chiến đấu từ đặc điểm Mutal</Text>
		</Replace>
		<!-- Maya: Unit Info -->
		<Replace Language="en_US" Tag="LOC_UNIT_MAYAN_HULCHE_NAME">
			<Text>Hul'che</Text>
		</Replace>
		<Replace Language="en_US" Tag="LOC_UNIT_MAYAN_HULCHE_DESCRIPTION">
			<Text>Đơn vị tầm xa độc đáo của Kỷ nguyên Cổ đại của người Maya thay thế cho Cung thủ. Tấn công tầm xa mạnh mẽ. +5 [ICON_Strength] Sức mạnh Chiến đấu khi chiến đấu với đối thủ bị thương.</Text>
		</Replace>
		<Replace Language="en_US" Tag="LOC_ABILITY_HULCHE_DESCRIPTION">
			<Text>+5 [ICON_Strength] Sức mạnh Chiến đấu khi chiến đấu với đối thủ bị thương.</Text>
		</Replace>
		<Replace Language="en_US" Tag="LOC_UNIT_LAHORE_NIHANG_NAME">
			<Text>Nihang</Text>
		</Replace>
		<Replace Language="en_US" Tag="LOC_UNIT_LAHORE_NIHANG_DESCRIPTION">
			<Text>Đơn vị duy nhất của Thành phố-Bang Lahore với một cây Khuyến mãi độc đáo. Có thể mua được với [ICON_Faith] Niềm tin. [ICON_Strength] Sức mạnh Chiến đấu được tăng lên khi các tòa nhà Doanh trại, Kho vũ khí và Học viện Quân sự được xây dựng lần đầu tiên. </Text>
		</Replace>
    <!--Apocalypse: Unit Info-->
    <Replace Language="en_US" Tag="LOC_UNIT_SOOTHSAYER_NAME">
      <Text>Nhà Tiên tri</Text>
    </Replace>
    <Replace Language="en_US" Tag="LOC_UNIT_SOOTHSAYER_DESCRIPTION">
      <Text>Một đơn vị hỗ trợ dành riêng cho chế độ Tận thế. Có thể sử dụng hành động Nguyên nhân Thảm họa để bắt đầu một thảm họa ngẫu nhiên trong các ô vuông gần đơn vị. Làm như vậy sẽ phá hủy Nhà Tiên tri nếu nó không còn phí nữa.</Text>
    </Replace>
    <Replace Language="en_US" Tag="LOC_CLIMATE_FOREST_FIRE">
      <Text>Cháy rừng</Text>
    </Replace>
	</LocalizedText>
</GameData>
