<?xml version="1.0" encoding="utf-8"?>
<GameData>
	<LocalizedText>
        <!-- Features-->
        <Replace Language="en_US" Tag="LOC_FEATURE_BERMUDA_TRIANGLE_NAME">
            <Text>Tam giác quỷ Bermuda</Text>
        </Replace>
        <Replace Language="en_US" Tag="LOC_FEATURE_BERMUDA_TRIANGLE_DESCRIPTION">
            <Text>Kỳ quan thiên nhiên 3 ô. Cung cấp +5 [ICON_Science] Khoa học cho các ô liền kề. Các đơn vị đi vào nó sẽ được dịch chuyển đến một đại dương ở xa, nhưng các đơn vị hải quân làm như vậy sẽ kiếm được khả năng 'Dòng chảy bí ẩn' (+1 [ICON_Movement] Di chuyển).</Text>
        </Replace>
        <Replace Language="en_US" Tag="LOC_FEATURE_BERMUDA_TRIANGLE_QUOTE">
            <Text>"Có, người ta không biết bí ẩn ngọt ngào nào về vùng biển này, nơi mà những tiếng động kinh khủng nhẹ nhàng dường như nói về một linh hồn ẩn giấu nào đó bên dưới… vì ở đây, hàng triệu sắc thái và bóng tối hỗn hợp, những giấc mơ chết chìm, những giấc mơ, những niềm tôn kính; tất cả những gì chúng ta gọi là cuộc sống và linh hồn, nằm mơ, mơ, vẫn còn. "[NEWLINE]- Herman Melville</Text>
        </Replace>
        <Replace Language="en_US" Tag="LOC_FEATURE_FOUNTAIN_OF_YOUTH_NAME">
            <Text>Suối nguồn tươi trẻ</Text>
        </Replace>
        <Replace Language="en_US" Tag="LOC_FEATURE_FOUNTAIN_OF_YOUTH_DESCRIPTION">
            <Text>Một kỳ quan thiên nhiên 1 ô. Cung cấp +4 [ICON_Science] Khoa học, +4 [ICON_Faith] Niềm tin và Nước ngọt. Các đơn vị chiến đấu trên đất liền nhận được khả năng 'Nước sinh mệnh' (+10 HP hồi phục ở bất kỳ lãnh thổ nào).</Text>
        </Replace>
        <Replace Language="en_US" Tag="LOC_FEATURE_FOUNTAIN_OF_YOUTH_QUOTE">
            <Text>"Chyavana, mong muốn có được sắc đẹp, nhanh chóng xuống nước. Song thân Aswins, O King, cũng chìm xuống nước. Và khoảnh khắc tiếp theo, tất cả họ đều xuất hiện ... với hình dáng cực kỳ xinh đẹp và trẻ trung." [NEWLINE ] - Ẩn danh</Text>
        </Replace>
        <Replace Language="en_US" Tag="LOC_FEATURE_PAITITI_NAME">
            <Text>Païtiti</Text>
        </Replace>
        <Replace Language="en_US" Tag="LOC_FEATURE_PAITITI_DESCRIPTION">
            <Text>3 ô không thể vượt qua kỳ quan thiên nhiên. Cung cấp Văn hóa +3 [ICON_Gold] Vàng và +2 [ICON_Culture] cho các ô liền kề. Phần thưởng gần kề chính cho các quận Quảng trường Nhà hát và Trung tâm Thương mại.</Text>
        </Replace>
        <Replace Language="en_US" Tag="LOC_FEATURE_PAITITI_QUOTE">
            <Text>"Ẩn mình trong vẻ hoang sơ rực rỡ như vàng không mài."[NEWLINE]- John Muir</Text>
        </Replace>
        <Replace Language="en_US" Tag="LOC_DISTRICT_PAITITI_CULTURE">
            <Text>+{1_num} [ICON_CULTURE] Văn hóa từ kỳ quan thiên nhiên lân cận Païtiti.</Text>
        </Replace>
        <Replace Language="en_US" Tag="LOC_DISTRICT_PAITITI_GOLD">
            <Text>+{1_num} [ICON_GOLD] Vàng từ kỳ quan thiên nhiên lân cận Païtiti.</Text>
        </Replace>
        <Replace Language="en_US" Tag="LOC_FEATURE_BURNING_FOREST_NAME" >
            <Text>Đốt rừng</Text>
        </Replace>
        <Replace Language="en_US" Tag="LOC_FEATURE_BURNING_FOREST_DESCRIPTION">
            <Text>Rừng ngập trong ngọn lửa.</Text>
        </Replace>
        <Replace Language="en_US" Tag="LOC_FEATURE_BURNT_FOREST_NAME" >
            <Text>Rừng cháy</Text>
        </Replace>
        <Replace Language="en_US" Tag="LOC_FEATURE_BURNT_FOREST_DESCRIPTION">
            <Text>Rừng mọc lại sau hỏa hoạn.</Text>
        </Replace>
        <Replace Language="en_US" Tag="LOC_FEATURE_BURNING_JUNGLE_NAME" >
            <Text>Rừng nhiệt đới đang cháy</Text>
        </Replace>
        <Replace Language="en_US" Tag="LOC_FEATURE_BURNING_JUNGLE_DESCRIPTION">
            <Text>Rừng nhiệt đới chìm trong ngọn lửa.</Text>
        </Replace>
        <Replace Language="en_US" Tag="LOC_FEATURE_BURNT_JUNGLE_NAME" >
            <Text>Rừng nhiệt đới cháy</Text>
        </Replace>
        <Replace Language="en_US" Tag="LOC_FEATURE_BURNT_JUNGLE_DESCRIPTION">
            <Text>Rừng nhiệt đới mọc lại sau đám cháy.</Text>
        </Replace>
        <Replace Language="en_US" Tag="LOC_FEATURE_COMET_LAKE_NAME" >
            <Text>Vùng tác động</Text>
        </Replace>
        <Replace Language="en_US" Tag="LOC_FEATURE_COMET_LAKE_DESCRIPTION">
            <Text>Một sao chổi nghiền nát bất cứ thứ gì trước đây ở đây.</Text>
        </Replace>
		<!-- Resources-->
		<Replace Language="en_US" Tag="LOC_RESOURCE_MAIZE_NAME">
            <Text>Maize</Text>
		</Replace>
		<Replace Language="en_US" Tag="LOC_RESOURCE_HONEY_NAME">
            <Text>Mật ong</Text>
		</Replace>
	</LocalizedText>
</GameData>
