<?xml version="1.0" encoding="utf-8"?>
<GameData>
	<LocalizedText>
		<!--Gran Colombia-->
		<Replace Language="en_US" Tag="LOC_CITY_NAME_BOGOTA">
			<Text>Bogotá</Text>
		</Replace>
		<Replace Language="en_US" Tag="LOC_CITY_NAME_CARACAS">
			<Text>Caracas</Text>
		</Replace>
		<Replace Language="en_US" Tag="LOC_CITY_NAME_QUITO">
			<Text>Quito</Text>
		</Replace>
		<Replace Language="en_US" Tag="LOC_CITY_NAME_GUAYAQUIL">
			<Text>Guayaquil</Text>
		</Replace>
		<Replace Language="en_US" Tag="LOC_CITY_NAME_MARACAIBO">
			<Text>Maracaibo</Text>
		</Replace>
		<Replace Language="en_US" Tag="LOC_CITY_NAME_CARTAGENA_DE_INDIAS">
			<Text>Cartagena de Indias</Text>
		</Replace>
		<Replace Language="en_US" Tag="LOC_CITY_NAME_PANAMA">
			<Text>Panamá</Text>
		</Replace>
		<Replace Language="en_US" Tag="LOC_CITY_NAME_POPAYAN">
			<Text>Popayán</Text>
		</Replace>
		<Replace Language="en_US" Tag="LOC_CITY_NAME_CUENCA">
			<Text>Cuenca</Text>
		</Replace>
		<Replace Language="en_US" Tag="LOC_CITY_NAME_CUMANA">
			<Text>Cumaná</Text>
		</Replace>
		<Replace Language="en_US" Tag="LOC_CITY_NAME_BARINAS">
			<Text>Barinas</Text>
		</Replace>
		<Replace Language="en_US" Tag="LOC_CITY_NAME_CALI">
			<Text>Cali</Text>
		</Replace>
		<Replace Language="en_US" Tag="LOC_CITY_NAME_VALENCIA_DE_CARABOBO">
			<Text>Valencia de Carabobo</Text>
		</Replace>
		<Replace Language="en_US" Tag="LOC_CITY_NAME_SANTA_MARTA">
			<Text>Santa Marta</Text>
		</Replace>
		<Replace Language="en_US" Tag="LOC_CITY_NAME_LOJA">
			<Text>Loja</Text>
		</Replace>
		<Replace Language="en_US" Tag="LOC_CITY_NAME_ANGOSTURA">
			<Text>Angostura</Text>
		</Replace>
		<Replace Language="en_US" Tag="LOC_CITY_NAME_PASTO">
			<Text>Pasto</Text>
		</Replace>
		<Replace Language="en_US" Tag="LOC_CITY_NAME_NUEVA_BARCELONA">
			<Text>Nueva Barcelona</Text>
		</Replace>
		<Replace Language="en_US" Tag="LOC_CITY_NAME_NEIVA">
			<Text>Neiva</Text>
		</Replace>
		<Replace Language="en_US" Tag="LOC_CITY_NAME_MERIDA">
			<Text>Mérida</Text>
		</Replace>
		<Replace Language="en_US" Tag="LOC_CITY_NAME_PORTOVIEJO">
			<Text>Portoviejo</Text>
		</Replace>
		<Replace Language="en_US" Tag="LOC_CITY_NAME_RIOBAMBA">
			<Text>Riobamba</Text>
		</Replace>
		<Replace Language="en_US" Tag="LOC_CITY_NAME_IBARRA">
			<Text>Ibarra</Text>
		</Replace>
		<Replace Language="en_US" Tag="LOC_CITY_NAME_RIOHACHA">
			<Text>Riohacha</Text>
		</Replace>
		<Replace Language="en_US" Tag="LOC_CITY_NAME_QUIBDO">
			<Text>Quibdó</Text>
		</Replace>
		<Replace Language="en_US" Tag="LOC_CITY_NAME_NUEVA_PAMPLONA">
			<Text>Nueva Pamplona</Text>
		</Replace>
		<Replace Language="en_US" Tag="LOC_CITY_NAME_SANTIAGO_DE_VERAGUAS">
			<Text>Santiago de Veraguas</Text>
		</Replace>
		<Replace Language="en_US" Tag="LOC_CITY_NAME_LA_ASUNCION">
			<Text>La Asunción</Text>
		</Replace>
		<Replace Language="en_US" Tag="LOC_CITY_NAME_ACHAGUAS">
			<Text>Achaguas</Text>
		</Replace>
		<Replace Language="en_US" Tag="LOC_CITY_NAME_HONDA">
			<Text>Honda</Text>
		</Replace>
		<Replace Language="en_US" Tag="LOC_CITY_NAME_SOCORRO">
			<Text>Socorro</Text>
		</Replace>
		<Replace Language="en_US" Tag="LOC_CITY_NAME_MOMPOS">
			<Text>Mompós</Text>
		</Replace>
		<Replace Language="en_US" Tag="LOC_CITY_NAME_TRUJILLO">
			<Text>Trujillo</Text>
		</Replace>
		<Replace Language="en_US" Tag="LOC_CITY_NAME_SANTA_FE_DE_ANTIOQUIA">
			<Text>Santa Fe de Antioquia</Text>
		</Replace>
		<Replace Language="en_US" Tag="LOC_CITY_NAME_PORE">
			<Text>Pore</Text>
		</Replace>
		<Replace Language="en_US" Tag="LOC_CITY_NAME_CUCUTA">
			<Text>Cúcuta</Text>
		</Replace>
		<Replace Language="en_US" Tag="LOC_CITY_NAME_MARIQUITA">
			<Text>Mariquita</Text>
		</Replace>
		<Replace Language="en_US" Tag="LOC_CITY_NAME_SAN_FERNANDO_DE_APURE">
			<Text>San Fernando de Apure</Text>
		</Replace>
		<Replace Language="en_US" Tag="LOC_CITY_NAME_MEDELLIN">
			<Text>Medellín</Text>
		</Replace>
		<Replace Language="en_US" Tag="LOC_CITY_NAME_BARQUISIMETO">
			<Text>Barquisimeto</Text>
		</Replace>
		<!--Maya-->
		<Replace Language="en_US" Tag="LOC_CITY_NAME_NARANJO">
			<Text>Wak Kab’nal</Text>
		</Replace>
		<Replace Language="en_US" Tag="LOC_CITY_NAME_PALENQUE_MAYA">
			<Text>Palenque</Text>
		</Replace>
		<Replace Language="en_US" Tag="LOC_CITY_NAME_TIKAL">
			<Text>Tikal</Text>
		</Replace>
		<Replace Language="en_US" Tag="LOC_CITY_NAME_CHICHEN_ITZA">
			<Text>Chichen Itza</Text>
		</Replace>
		<Replace Language="en_US" Tag="LOC_CITY_NAME_UXMAL">
			<Text>Uxmal</Text>
		</Replace>
		<Replace Language="en_US" Tag="LOC_CITY_NAME_COPAN">
			<Text>Copan</Text>
		</Replace>
		<Replace Language="en_US" Tag="LOC_CITY_NAME_COBA">
			<Text>Coba</Text>
		</Replace>
		<Replace Language="en_US" Tag="LOC_CITY_NAME_EL_MIRADOR">
			<Text>El Mirador</Text>
		</Replace>
		<Replace Language="en_US" Tag="LOC_CITY_NAME_CALAKMUL">
			<Text>Calakmul</Text>
		</Replace>
		<Replace Language="en_US" Tag="LOC_CITY_NAME_XUNANTUNICH">
			<Text>Xunantunich</Text>
		</Replace>
		<Replace Language="en_US" Tag="LOC_CITY_NAME_YAXCHILAN">
			<Text>Yaxchilan</Text>
		</Replace>
		<Replace Language="en_US" Tag="LOC_CITY_NAME_YOKIB">
			<Text>Yokib</Text>
		</Replace>
		<Replace Language="en_US" Tag="LOC_CITY_NAME_QUIRIGUA">
			<Text>Quirigua</Text>
		</Replace>
		<Replace Language="en_US" Tag="LOC_CITY_NAME_UAXACTUN">
			<Text>Uaxactun</Text>
		</Replace>
		<Replace Language="en_US" Tag="LOC_CITY_NAME_TONINA">
			<Text>Tonina</Text>
		</Replace>
		<Replace Language="en_US" Tag="LOC_CITY_NAME_KAMINALJUYU">
			<Text>Kaminaljuyu</Text>
		</Replace>
		<Replace Language="en_US" Tag="LOC_CITY_NAME_UCANAL">
			<Text>Ucanal</Text>
		</Replace>
		<Replace Language="en_US" Tag="LOC_CITY_NAME_IZAPA">
			<Text>Izapa</Text>
		</Replace>
		<Replace Language="en_US" Tag="LOC_CITY_NAME_COMALCALCO">
			<Text>Comalcalco</Text>
		</Replace>
		<Replace Language="en_US" Tag="LOC_CITY_NAME_LAMANAI">
			<Text>Lamanai</Text>
		</Replace>
		<Replace Language="en_US" Tag="LOC_CITY_NAME_DZIBILCHALTUN">
			<Text>Dzibilchaltun</Text>
		</Replace>
		<Replace Language="en_US" Tag="LOC_CITY_NAME_EDZNA">
			<Text>Edzna</Text>
		</Replace>
		<Replace Language="en_US" Tag="LOC_CITY_NAME_SACUL">
			<Text>Sacul</Text>
		</Replace>
		<Replace Language="en_US" Tag="LOC_CITY_NAME_BECAN">
			<Text>Becan</Text>
		</Replace>
		<Replace Language="en_US" Tag="LOC_CITY_NAME_SAYIL">
			<Text>Sayil</Text>
		</Replace>
		<Replace Language="en_US" Tag="LOC_CITY_NAME_MAYAPAN">
			<Text>Mayapan</Text>
		</Replace>
		<Replace Language="en_US" Tag="LOC_CITY_NAME_DOS_PILAS">
			<Text>Dos Pilas</Text>
		</Replace>
		<Replace Language="en_US" Tag="LOC_CITY_NAME_BONAMPAK">
			<Text>Bonampak</Text>
		</Replace>
		<Replace Language="en_US" Tag="LOC_CITY_NAME_KABAH">
			<Text>Kabah</Text>
		</Replace>
		<Replace Language="en_US" Tag="LOC_CITY_NAME_SEIBA">
			<Text>Seibal</Text>
		</Replace>
		<Replace Language="en_US" Tag="LOC_CITY_NAME_IZAMAL">
			<Text>Izamal</Text>
		</Replace>
		<Replace Language="en_US" Tag="LOC_CITY_NAME_ALTAR_DE_SACRIFICIOS">
			<Text>Altar de Sacrificios</Text>
		</Replace>
		<Replace Language="en_US" Tag="LOC_CITY_NAME_RIO_BEC">
			<Text>Rio Bec</Text>
		</Replace>
		<Replace Language="en_US" Tag="LOC_CITY_NAME_MACHAQUILA">
			<Text>Machaquila</Text>
		</Replace>
		<Replace Language="en_US" Tag="LOC_CITY_NAME_XTAMPAK">
			<Text>Xtampak</Text>
		</Replace>
		<Replace Language="en_US" Tag="LOC_CITY_NAME_CHINKULTIC">
			<Text>Chinkultic</Text>
		</Replace>
		<Replace Language="en_US" Tag="LOC_CITY_NAME_XPUHIL">
			<Text>Xpuhil</Text>
		</Replace>
		<!--City-States-->
		<Replace Language="en_US" Tag="LOC_CITY_NAME_CAGUANA">
			<Text>Caguana</Text>
		</Replace>
		<Replace Language="en_US" Tag="LOC_CITY_NAME_HUNZA">
			<Text>Hunza</Text>
		</Replace>
		<Replace Language="en_US" Tag="LOC_CITY_NAME_LAHORE">
			<Text>Lahore</Text>
		</Replace>
		<Replace Language="en_US" Tag="LOC_CITY_NAME_SINGAPORE">
			<Text>Singapore</Text>
		</Replace>
		<Replace Language="en_US" Tag="LOC_CITY_NAME_TARUGA">
			<Text>Taruga</Text>
		</Replace>
		<Replace Language="en_US" Tag="LOC_CITY_NAME_VATICAN_CITY">
			<Text>Vatican City</Text>
		</Replace>
	</LocalizedText>
</GameData>
