<?xml version="1.0" encoding="utf-8"?>
<!-- edited with XMLSPY v2004 rel. 2 U (http://www.xmlspy.com) by Ed Beach (Firaxis Games) -->
<GameData>
	<LocalizedText>
		<!-- OVERRIDES-->
		<Replace Language="en_US" Tag="LOC_UI_RELIGION_WORKING_TOWARDS_RELIGION">
			<Text>Tôn giáo của tôi</Text>
		</Replace>
		<Replace Language="en_US" Tag="LOC_RELIGIONPANEL_NEXT_STEP_EARN_PROPHET">
			<Text>Bắt đầu tôn giáo của bạn với một Tín ngưỡng. Thêm một Tín ngưỡng vào tôn giáo của bạn khi hoàn thành mỗi mốc Văn minh: Ướp xác, Sách của người Chết, và Amun: Chúa Tể các Vị Thần.</Text>
		</Replace>
		<Replace Language="en_US" Tag="LOC_WORLD_RANKINGS_SCORE_DETAILS">
			<Text>Một chiến thắng [COLOR:NeutralCS]SCORE[ENDCOLOR] không thể xảy ra trong kịch bản chơi này. Điểm số dùng để xác định mức độ chiến thắng tại thời điểm bạn hoàn thành 7 Đền thờ cho Amun.</Text>
		</Replace>
		<Replace Language="en_US" Tag="LOC_MINOR_CIV_CULTURAL_TRAIT_MEDIUM_INFLUENCE_BONUS">
			<Text>+2 [ICON_Culture] Văn hoá cho mỗi quận có Khu Tôn giáo.</Text>
		</Replace>
		<Replace Language="en_US" Tag="LOC_MINOR_CIV_CULTURAL_TRAIT_LARGE_INFLUENCE_BONUS">
			<Text>Thêm +2 [ICON_Culture] Văn hoá cho mỗi quận có Khu Tôn giáo.</Text>
		</Replace>
		<Replace Language="en_US" Tag="LOC_MINOR_CIV_SCIENTIFIC_TRAIT_MEDIUM_INFLUENCE_BONUS">
			<Text>+2 [ICON_Science] Khoa học cho mỗi quận có Khu Tôn giáo.</Text>
		</Replace>
		<Replace Language="en_US" Tag="LOC_MINOR_CIV_SCIENTIFIC_TRAIT_LARGE_INFLUENCE_BONUS">
			<Text>Thêm +2 [ICON_Science] Khoa học cho mỗi quận có Khu Tôn giáo.</Text>
		</Replace>
		<!-- Beliefs-->
		<Replace Language="en_US" Tag="LOC_BELIEF_NUN_NAME">
			<Text>Thần Bão biển (Nun)</Text>
		</Replace>
		<Replace Language="en_US" Tag="LOC_BELIEF_ATUM_NAME">
			<Text>Thần Sáng tạo (Atum)</Text>
		</Replace>
		<Replace Language="en_US" Tag="LOC_BELIEF_AMON_NAME">
			<Text>Chúa Tể các Vị Thần (Amun)</Text>
		</Replace>
		<Replace Language="en_US" Tag="LOC_BELIEF_ISIS_NAME">
			<Text>Nữ thần Sinh sản (Isis)</Text>
		</Replace>
		<Replace Language="en_US" Tag="LOC_BELIEF_APEDEMAK_NAME">
			<Text>Thần Chiến tranh (Apedemak)</Text>
		</Replace>
		<Replace Language="en_US" Tag="LOC_BELIEF_ANUBIS_NAME">
			<Text>Thần Ướp xác (Anubis)</Text>
		</Replace>
		<Replace Language="en_US" Tag="LOC_BELIEF_HORUS_NAME">
			<Text>Người bảo vệ các Pharaoh (Horus)</Text>
		</Replace>
		<Replace Language="en_US" Tag="LOC_BELIEF_SEBIUMEKER_NAME">
			<Text>Thần Bảo vệ (Sebiumeker)</Text>
		</Replace>
		<Replace Language="en_US" Tag="LOC_BELIEF_BES_NAME">
			<Text>Á thần Lùn (Bes)</Text>
		</Replace>
		<Replace Language="en_US" Tag="LOC_BELIEF_ASH_NAME">
			<Text>Thần các Ốc đảo (Ash)</Text>
		</Replace>
		<Replace Language="en_US" Tag="LOC_BELIEF_NUN_DESCRIPTION">
			<Text>+1 [ICON_Production] Sản xuất cho các Thuyền Đánh cá.</Text>
		</Replace>
		<Replace Language="en_US" Tag="LOC_BELIEF_ATUM_DESCRIPTION">
			<Text>Cải thiện kỹ năng của tất cả Thợ xây thêm 1</Text>
		</Replace>
		<Replace Language="en_US" Tag="LOC_BELIEF_AMON_DESCRIPTION">
			<Text>+30% [ICON_Production] Sản xuất cho kỳ quan. Chi phí mua [ICON_Faith] Đức tin giảm 30%.</Text>
		</Replace>
		<Replace Language="en_US" Tag="LOC_BELIEF_ISIS_DESCRIPTION">
			<Text>Tốc độ tăng trưởng thành phố thêm 15%.</Text>
		</Replace>
		<Replace Language="en_US" Tag="LOC_BELIEF_APEDEMAK_DESCRIPTION">
			<Text>Các chiến thắng mang lại [ICON_Science] Khoa học bằng 50% [ICON_Strength] Sức Chiến đấu của đơn vị bị đánh bại.</Text>
		</Replace>
		<Replace Language="en_US" Tag="LOC_BELIEF_ANUBIS_DESCRIPTION">
			<Text>Tất cả công trình Tôn giáo mang lại +2 [ICON_Faith] Đức tin.</Text>
		</Replace>
		<Replace Language="en_US" Tag="LOC_BELIEF_HORUS_DESCRIPTION">
			<Text>Một rộng một Thẻ Chính sách cho bất kỳ chính quyền nào.</Text>
		</Replace>
		<Replace Language="en_US" Tag="LOC_BELIEF_SEBIUMEKER_DESCRIPTION">
			<Text>Đơn vị chiến đấu tăng +10 [ICON_Strength] Sức Chiến đấu khi nằm trong biên giới có các thành phố thân thiện.</Text>
		</Replace>
		<Replace Language="en_US" Tag="LOC_BELIEF_BES_DESCRIPTION">
			<Text>Tất cả thành phố thân thiện nhận được +1 [ICON_Amenities] Tiện nghi.</Text>
		</Replace>
		<Replace Language="en_US" Tag="LOC_BELIEF_ASH_DESCRIPTION">
			<Text>+3 [ICON_Culture] Văn hoá, +3 [ICON_Faith] Đức Tin, và +2 [ICON_Production] Sản xuất trên Ốc đảo.</Text>
		</Replace>
		<Replace Language="en_US" Tag="LOC_PROMOTION_SEBIUMEKER_DESCRIPTION">
			<Text>+{1_Value} Thần Bảo vệ (Sebiumeker) Tín ngưỡng</Text>
		</Replace>
		<!-- Buildings-->
		<Replace Language="en_US" Tag="LOC_BUILDING_OBELISK_NAME">
			<Text>Obelisk</Text>
		</Replace>
		<Replace Language="en_US" Tag="LOC_BUILDING_NUBIAN_SHRINE_NAME">
			<Text>Điện thờ</Text>
		</Replace>
		<Replace Language="en_US" Tag="LOC_BUILDING_TEMPLE_AMUN_NAME">
			<Text>Đền thờ Amun</Text>
		</Replace>
		<Replace Language="en_US" Tag="LOC_BUILDING_NILOMETER_NAME">
			<Text>Điện thờ Nilometer</Text>
		</Replace>
		<Replace Language="en_US" Tag="LOC_BUILDING_NILOMETER_DESCRIPTION">
			<Text>+1 [ICON_Food] Lương thực và +1 [ICON_Production] Sản xuất cho tất cả các ô thuộc Vùng ngập nước. Chỉ có thể xây dựng trong thành phố nằm cạnh sông Nile.</Text>
		</Replace>
		<Replace Language="en_US" Tag="LOC_BUILDING_NUBIA_SCENARIO_WALLS_DESCRIPTION">
			<Text>Tường thành quanh Thành phố Trung tâm và Khu Quân sự rất cần thiết. Tường thành cho phép [ICON_Ranged] Đơn vị Tầm xa bảo vệ Thành phố Trung tâm và Khu Quân sự, và phải bị đánh sập trước khi tấn công thành phố.</Text>
		</Replace>
		<Replace Language="en_US" Tag="LOC_BUILDING_NUBIA_SCENARIO_GREAT_LIBRARY_DESCRIPTION">
			<Text>Nhận được thúc đây cho tất cả công nghệ thời Nguyên thuỷ và Cổ đại. Phải được xây dựng trên đất bằng.</Text>
		</Replace>
		<Replace Language="en_US" Tag="LOC_BUILDING_NUBIA_SCENARIO_GREAT_LIGHTHOUSE_DESCRIPTION">
			<Text>+2 [ICON_Movement] Di chuyển cho tất cả đơn vị hải quân[NEWLINE][NEWLINE]Phải được xây dựng trên Bờ biển, và liền kề với đất liền và một quận Cảng biển với một ngọn Hải đăng.</Text>
		</Replace>
		<Replace Language="en_US" Tag="LOC_BUILDING_NUBIA_SCENARIO_PYRAMIDS_DESCRIPTION">
			<Text>Được xây dựng trước khi kịch bản chơi bắt đầu tại Giza, một địa điểm gần thành phố-tự trị On. Có thể chiếm lấy để đạt được một lượng lớn Đức tin và cải thiện kỹ năng của tất cả Thợ xây thêm 1.</Text>
		</Replace>
		<!-- City State-->
		<Replace Language="en_US" Tag="LOC_CITY_NAME_SCENARIO_ASHMUNEIN">
			<Text>Ashmunein</Text>
		</Replace>
		<Replace Language="en_US" Tag="LOC_CITY_NAME_SCENARIO_BAHARIYA">
			<Text>Bahariya</Text>
		</Replace>
		<Replace Language="en_US" Tag="LOC_CITY_NAME_SCENARIO_BYBLOS">
			<Text>Byblos</Text>
		</Replace>
		<Replace Language="en_US" Tag="LOC_CITY_NAME_SCENARIO_DAKHLA">
			<Text>Dakhla</Text>
		</Replace>
		<Replace Language="en_US" Tag="LOC_CITY_NAME_SCENARIO_IHNASIYA">
			<Text>Ihnasiya</Text>
		</Replace>
		<Replace Language="en_US" Tag="LOC_CITY_NAME_SCENARIO_IREM">
			<Text>Irem</Text>
		</Replace>
		<Replace Language="en_US" Tag="LOC_CITY_NAME_SCENARIO_KHARGA">
			<Text>Kharga</Text>
		</Replace>
		<Replace Language="en_US" Tag="LOC_CITY_NAME_SCENARIO_NEKHEN">
			<Text>Nekhen</Text>
		</Replace>
		<Replace Language="en_US" Tag="LOC_CITY_NAME_SCENARIO_ON">
			<Text>On</Text>
		</Replace>
		<Replace Language="en_US" Tag="LOC_CITY_NAME_SCENARIO_PUNT">
			<Text>Punt</Text>
		</Replace>
		<Replace Language="en_US" Tag="LOC_CITY_NAME_SCENARIO_SHARUHEN">
			<Text>Sharuhen</Text>
		</Replace>
		<Replace Language="en_US" Tag="LOC_CITY_NAME_SCENARIO_SERABIT_EL_KHADIM">
			<Text>Serabit el-Khadim</Text>
		</Replace>
		<Replace Language="en_US" Tag="LOC_CITY_NAME_SCENARIO_THINIS">
			<Text>Thinis</Text>
		</Replace>
		<Replace Language="en_US" Tag="LOC_CIVILIZATION_SCENARIO_ASHMUNEIN_DESCRIPTION">
			<Text>Thành phố-tự trị Ashmunein</Text>
		</Replace>
		<Replace Language="en_US" Tag="LOC_CIVILIZATION_SCENARIO_BAHARIYA_DESCRIPTION">
			<Text>Thành phố-tự trị Bahariya</Text>
		</Replace>
		<Replace Language="en_US" Tag="LOC_CIVILIZATION_SCENARIO_BYBLOS_DESCRIPTION">
			<Text>Thành phố-tự trị Byblos</Text>
		</Replace>
		<Replace Language="en_US" Tag="LOC_CIVILIZATION_SCENARIO_DAKHLA_DESCRIPTION">
			<Text>Thành phố-tự trị Dakhla</Text>
		</Replace>
		<Replace Language="en_US" Tag="LOC_CIVILIZATION_SCENARIO_IHNASIYA_DESCRIPTION">
			<Text>Thành phố-tự trị Ihnasiya</Text>
		</Replace>
		<Replace Language="en_US" Tag="LOC_CIVILIZATION_SCENARIO_IREM_DESCRIPTION">
			<Text>Thành phố-tự trị Irem</Text>
		</Replace>
		<Replace Language="en_US" Tag="LOC_CIVILIZATION_SCENARIO_KHARGA_DESCRIPTION">
			<Text>Thành phố-tự trị Kharga</Text>
		</Replace>
		<Replace Language="en_US" Tag="LOC_CIVILIZATION_SCENARIO_NEKHEN_DESCRIPTION">
			<Text>Thành phố-tự trị Nekhen</Text>
		</Replace>
		<Replace Language="en_US" Tag="LOC_CIVILIZATION_SCENARIO_ON_DESCRIPTION">
			<Text>Thành phố-tự trị On</Text>
		</Replace>
		<Replace Language="en_US" Tag="LOC_CIVILIZATION_SCENARIO_PUNT_DESCRIPTION">
			<Text>Thành phố-tự trị Punt</Text>
		</Replace>
		<Replace Language="en_US" Tag="LOC_CIVILIZATION_SCENARIO_SHARUHEN_DESCRIPTION">
			<Text>Thành phố-tự trị Sharuhen</Text>
		</Replace>
		<Replace Language="en_US" Tag="LOC_CIVILIZATION_SCENARIO_SERABIT_EL_KHADIM_DESCRIPTION">
			<Text>Thành phố-tự trị Serabit el-Khadim</Text>
		</Replace>
		<Replace Language="en_US" Tag="LOC_CIVILIZATION_SCENARIO_THINIS_DESCRIPTION">
			<Text>Thành phố-tự trị Thinis</Text>
		</Replace>
		<Replace Language="en_US" Tag="LOC_TRAIT_NUBIA_SCENARIO_IREM_NAME">
			<Text>Bá chủ Irem thưởng</Text>
		</Replace>
		<Replace Language="en_US" Tag="LOC_TRAIT_NUBIA_SCENARIO_BYBLOS_NAME">
			<Text>Bá chủ Byblos thưởng</Text>
		</Replace>
		<Replace Language="en_US" Tag="LOC_TRAIT_NUBIA_SCENARIO_SERABIT_NAME">
			<Text>Bá chủ Serabit el-Khadim thưởng</Text>
		</Replace>
		<Replace Language="en_US" Tag="LOC_TRAIT_NUBIA_SCENARIO_OASES_NAME">
			<Text>Bá chủ Ốc đảo Sa mạc thưởng</Text>
		</Replace>
		<Replace Language="en_US" Tag="LOC_TRAIT_NUBIA_SCENARIO_PUNT_NAME">
			<Text>Bá chủ Punt thưởng</Text>
		</Replace>
		<Replace Language="en_US" Tag="LOC_LEADER_TRAIT_NONE_NAME">
			<Text>Bá chủ No thưởng</Text>
		</Replace>
		<Replace Language="en_US" Tag="LOC_LEADER_TRAIT_NONE_DESCRIPTION">
			<Text>Không có thưởng khi trở thành Bá chủ của thành phố-tự trị này.</Text>
		</Replace>
		<!-- Civilizations-->
		<Replace Language="en_US" Tag="LOC_CIVILIZATION_SCENARIO_HYKSOS_DESCRIPTION">
			<Text>Đế Chế Hyksos</Text>
		</Replace>
		<Replace Language="en_US" Tag="LOC_CIVILIZATION_SCENARIO_LIBYANS_DESCRIPTION">
			<Text>Đế Chế Libyan</Text>
		</Replace>
		<Replace Language="en_US" Tag="LOC_CIVILIZATION_SCENARIO_ASSYRIA_DESCRIPTION">
			<Text>Đế Chế Assyrian</Text>
		</Replace>
		<Replace Language="en_US" Tag="LOC_CIVILIZATION_SCENARIO_PERSIA_DESCRIPTION">
			<Text>Đế Chế Ba Tư</Text>
		</Replace>
		<Replace Language="en_US" Tag="LOC_CIVILIZATION_SCENARIO_MACEDON_DESCRIPTION">
			<Text>Đế Chế Macedonian</Text>
		</Replace>
		<Replace Language="en_US" Tag="LOC_CIVILIZATION_SCENARIO_HYKSOS_ADJECTIVE">
			<Text>Hyksos</Text>
		</Replace>
		<Replace Language="en_US" Tag="LOC_CIVILIZATION_SCENARIO_LIBYANS_ADJECTIVE">
			<Text>Libyan</Text>
		</Replace>
		<Replace Language="en_US" Tag="LOC_CIVILIZATION_SCENARIO_ASSYRIA_ADJECTIVE">
			<Text>Assyrian</Text>
		</Replace>
		<Replace Language="en_US" Tag="LOC_CIVILIZATION_SCENARIO_PERSIA_ADJECTIVE">
			<Text>Ba Tư</Text>
		</Replace>
		<Replace Language="en_US" Tag="LOC_CIVILIZATION_SCENARIO_MACEDON_ADJECTIVE">
			<Text>Macedonian</Text>
		</Replace>
		<!-- Civics-->
		<Replace Language="en_US" Tag="LOC_CIVIC_ROYAL_DYNASTIES_NAME">
			<Text>Triều đại Hoàng gia</Text>
		</Replace>
		<Replace Language="en_US" Tag="LOC_CIVIC_HIEROGLYPHICS_NAME">
			<Text>Chữ tượng hình</Text>
		</Replace>
		<Replace Language="en_US" Tag="LOC_CIVIC_MUMMIFICATION_NAME">
			<Text>Ướp xác</Text>
		</Replace>
		<Replace Language="en_US" Tag="LOC_CIVIC_SCRIBES_NAME">
			<Text>Quan ghi chép</Text>
		</Replace>
		<Replace Language="en_US" Tag="LOC_CIVIC_BOOK_OF_THE_DEAD_NAME">
			<Text>Sách của người Chết</Text>
		</Replace>
		<Replace Language="en_US" Tag="LOC_CIVIC_INSTITUTION_OF_THE_MUSES_NAME">
			<Text>Tổ chức Thi ca</Text>
		</Replace>
		<Replace Language="en_US" Tag="LOC_CIVIC_SEPATS_NAME">
			<Text>Tổ chức Sepat</Text>
		</Replace>
		<Replace Language="en_US" Tag="LOC_CIVIC_BOARDGAMES_ATHLETICS_NAME">
			<Text>Cờ bàn và Lực sĩ</Text>
		</Replace>
		<Replace Language="en_US" Tag="LOC_CIVIC_AMUN_LORD_OF_ALL_GODS_NAME">
			<Text>Amun: Chúa Tể các Vị Thần</Text>
		</Replace>
		<Replace Language="en_US" Tag="LOC_CIVIC_ROYAL_DYNASTIES_DESCRIPTION">
			<Text>Nhận miễn phí 1 Dân di cư trong [ICON_Capital] Thủ đô của bạn sau khi hoàn thành.</Text>
		</Replace>
		<Replace Language="en_US" Tag="LOC_CIVIC_HIEROGLYPHICS_DESCRIPTION">
			<Text>Thưởng 1 [ICON_Envoy] Phái viên.</Text>
		</Replace>
		<Replace Language="en_US" Tag="LOC_CIVIC_MUMMIFICATION_DESCRIPTION">
			<Text>Cho phép bạn thêm một Tín ngưỡng vào tôn giáo của mình.</Text>
		</Replace>
		<Replace Language="en_US" Tag="LOC_CIVIC_NUBIA_SCENARIO_STATE_WORKFORCE_DESCRIPTION">
			<Text>Nhận miễn phí 1 Dân di cư trong [ICON_Capital] Thủ đô của bạn sau khi hoàn thành.</Text>
		</Replace>
		<Replace Language="en_US" Tag="LOC_CIVIC_NUBIA_SCENARIO_FOREIGN_TRADE_DESCRIPTION">
			<Text>Cho phép tạo thêm một [ICON_TradeRoute] Tuyến đường thương mại. Thưởng 1 [ICON_Envoy] Phái viên.</Text>
		</Replace>
		<Replace Language="en_US" Tag="LOC_CIVIC_SCRIBES_DESCRIPTION">
			<Text>Thưởng 1 [ICON_Envoy] Phái viên.</Text>
		</Replace>
		<Replace Language="en_US" Tag="LOC_CIVIC_BOOK_OF_THE_DEAD_DESCRIPTION">
			<Text>Cho phép bạn thêm một Tín ngưỡng vào tôn giáo của mình.</Text>
		</Replace>
		<Replace Language="en_US" Tag="LOC_CIVIC_INSTITUTION_OF_THE_MUSES_DESCRIPTION">
			<Text>Thưởng 1 [ICON_Envoy] Phái viên.</Text>
		</Replace>
		<Replace Language="en_US" Tag="LOC_CIVIC_SEPATS_DESCRIPTION">
			<Text>Nhận miễn phí một Dân di cư trong [ICON_Capital] Thủ đô của bạn sau khi hoàn thành.</Text>
		</Replace>
		<Replace Language="en_US" Tag="LOC_CIVIC_BOARDGAMES_ATHLETICS_DESCRIPTION">
			<Text>Nhận miễn phí một [ICON_GreatGeneral] Đại tướng quân trong [ICON_Capital] Thủ đô của bạn sau khi hoàn thành.  Thưởng cho tất cả đơn vị quân hỗ trợ và quân tấn công.</Text>
		</Replace>
		<Replace Language="en_US" Tag="LOC_CIVIC_AMUN_LORD_OF_ALL_GODS_DESCRIPTION">
			<Text>Cho phép bạn thêm một Tín ngưỡng vào tôn giáo của mình.</Text>
		</Replace>
		<Replace Language="en_US" Tag="LOC_CIVIC_NUBIA_SCENARIO_FUTURE_CIVIC_DESCRIPTION">
			<Text>Có thể được hoàn thành nhiều lần.</Text>
		</Replace>
		<!-- Districts-->
		<Replace Language="en_US" Tag="LOC_DISTRICT_NUBIA_SCENARIO_HARBOR_DESCRIPTION">
			<Text>Một quận hải quân hoạt động trong thành phố của bạn. Giúp xoá bỏ điểm [ICON_Movement] Di chuyển khi chuyển đơn vị lên và xuống tàu. Phải xây dựng trên Bờ biển, Sông Nile hoặc Vùng Hồ.[NEWLINE][NEWLINE]+1 [ICON_TradeRoute] Tuyến đường thương mại, nếu thành phố chưa có Khu Thương mại.</Text>
		</Replace>
		<Replace Language="en_US" Tag="LOC_DISTRICT_NILE_RIVER_FAITH">
			<Text>+{1_num} [ICON_Faith] Đức tin khi liền kề Sông Nile {1_Num : plural 1?tile; other?tiles;}.</Text>
		</Replace>
		<Replace Language="en_US" Tag="LOC_DISTRICT_NILE_RIVER_GOLD">
			<Text>+{1_num} [ICON_Gold] Vàng from khi liền kề Sông Nile {1_Num : plural 1?tile; other?tiles;}.</Text>
		</Replace>
		<!-- Governments-->
		<Replace Language="en_US" Tag="LOC_GOVERNMENT_KANDAKE_NAME">
			<Text>Kandake</Text>
		</Replace>
		<Replace Language="en_US" Tag="LOC_GOVERNMENT_PHARAOH_NAME">
			<Text>Pharaoh</Text>
		</Replace>
		<Replace Language="en_US" Tag="LOC_GOVT_INHERENT_BONUS_KANDAKE">
			<Text>+1 [ICON_TradeRoute] Tuyến đường thương mại.</Text>
		</Replace>
		<Replace Language="en_US" Tag="LOC_GOVT_INHERENT_BONUS_PHARAOH">
			<Text>[ICON_Capital] Thủ đô nhận thêm +2 thúc đẩy cho tất cả sản lượng.</Text>
		</Replace>
		<Replace Language="en_US" Tag="LOC_GOVT_ACCUMULATING_BONUS_KANDAKE">
			<Text>Giảm 15% khi mua bằng [ICON_Gold] Vàng.</Text>
		</Replace>
		<Replace Language="en_US" Tag="LOC_GOVT_ACCUMULATING_BONUS_PHARAOH">
			<Text>+2 [ICON_Housing] Nhà ở cho bất kỳ thành phố vào có Khu Tôn giáo.</Text>
		</Replace>
		<!-- Great People-->
		<Replace Language="en_US" Tag="LOC_NUBIA_SCENARIO_DOUBLE_COMBAT_STRENGTH_AOE_LAND">
			<Text>Thưởng +10 [ICON_Strength] Chiến đấu cho tất cả đơn vị trong phạm vi 2 ô.</Text>
		</Replace>
		<Replace Language="en_US" Tag="LOC_NUBIA_SCENARIO_DOUBLE_COMBAT_STRENGTH_AOE_LAND_MODIFIER">
			<Text>Thưởng +10 [ICON_Strength] Chiến đấu từ [ICON_GreatGeneral] Đại Tướng quân.</Text>
		</Replace>
		<Replace Language="en_US" Tag="LOC_GREAT_PERSON_INDIVIDUAL_MONTUHOTEP_NAME">
			<Text>Mentuhotep II</Text>
		</Replace>
		<Replace Language="en_US" Tag="LOC_GREAT_PERSON_INDIVIDUAL_PIYE_NAME">
			<Text>Piye</Text>
		</Replace>
		<Replace Language="en_US" Tag="LOC_GREAT_PERSON_INDIVIDUAL_AMANIRENAS_NAME">
			<Text>Amanirenas</Text>
		</Replace>
		<Replace Language="en_US" Tag="LOC_GREAT_PERSON_INDIVIDUAL_SHA_NABU_SHU_NAME">
			<Text>Sha-Nabu-shu</Text>
		</Replace>
		<Replace Language="en_US" Tag="LOC_GREAT_PERSON_INDIVIDUAL_CAMBYSES_NAME">
			<Text>Cambyses II</Text>
		</Replace>
		<Replace Language="en_US" Tag="LOC_GREAT_PERSON_INDIVIDUAL_ALEXANDER_NAME">
			<Text>Alexander</Text>
		</Replace>
		<Replace Language="en_US" Tag="LOC_GREAT_PERSON_INDIVIDUAL_AMANISHAKETO_NAME">
			<Text>Amanishaketo</Text>
		</Replace>
		<Replace Language="en_US" Tag="LOC_GREAT_PERSON_INDIVIDUAL_HOREMHEB_NAME">
			<Text>Horemheb</Text>
		</Replace>
		<!-- Improvements-->
		<Replace Language="en_US" Tag="LOC_IMPROVEMENT_NUBIA_SCENARIO_SPHINX_DESCRIPTION">
			<Text>Mở khóa kỹ năng của Nữ Đại tư tế để xây dựng một Tượng Nhân sư, công trình đặc biệt của Ai Cập.[NEWLINE][NEWLINE]+1 [ICON_Faith] Đức tin và +1 [ICON_Culture] Văn hoá. +1 Hấp dẫn. +2 [ICON_Faith] Đức tin nếu liền kề kỳ quan hoặc Khu Tôn giáo. Không thể xây dựng bên cạnh một Tượng Nhân sư đã có. Có thể xây dựng trên Vùng ngập nước.</Text>
		</Replace>
		<!-- Policies-->
		<Replace Language="en_US" Tag="LOC_POLICY_ABU_SIMBEL_NAME">
			<Text>Đền Abu Simbel</Text>
		</Replace>
		<Replace Language="en_US" Tag="LOC_POLICY_FRONTIER_FORTRESSES_NAME">
			<Text>Pháo đài biên giới</Text>
		</Replace>
		<Replace Language="en_US" Tag="LOC_POLICY_INUNDATION_CALENDAR_NAME">
			<Text>Âm lịch</Text>
		</Replace>
		<Replace Language="en_US" Tag="LOC_POLICY_MERCENARIES_NAME">
			<Text>Lính đánh thuê</Text>
		</Replace>
		<Replace Language="en_US" Tag="LOC_POLICY_MILITARY_COMMUNICATION_NAME">
			<Text>Truyền thông cho Quân đội</Text>
		</Replace>
		<Replace Language="en_US" Tag="LOC_POLICY_MUSAEUM_NAME">
			<Text>Kho văn bản</Text>
		</Replace>
		<Replace Language="en_US" Tag="LOC_POLICY_RECORDKEEPING_NAME">
			<Text>Lưu trữ văn bản</Text>
		</Replace>
		<Replace Language="en_US" Tag="LOC_POLICY_ROYAL_BODYGUARDS_NAME">
			<Text>Cận vệ Hoàng gia</Text>
		</Replace>
		<Replace Language="en_US" Tag="LOC_POLICY_SCORPION_KING_NAME">
			<Text>Vua Bò cạp</Text>
		</Replace>
		<Replace Language="en_US" Tag="LOC_POLICY_TRADE_AGREEMENT_NAME">
			<Text>Thoả thuận Thương mại</Text>
		</Replace>
		<Replace Language="en_US" Tag="LOC_POLICY_VALLEY_OF_THE_KINGS_NAME">
			<Text>Thung lũng các Vị Vua</Text>
		</Replace>
		<Replace Language="en_US" Tag="LOC_POLICY_NUBIA_SCENARIO_CONSCRIPTION_DESCRIPTION">
			<Text>+50% [ICON_Production] Sản xuất cho các đơn vị cận chiến và đơn vị tầm xa ở thời Nguyên thuỷ và thời Cổ đại.</Text>
		</Replace>
		<Replace Language="en_US" Tag="LOC_POLICY_NUBIA_SCENARIO_GOD_KING_DESCRIPTION">
			<Text>+2 [ICON_Faith] Đức tin cho [ICON_Capital] Thủ đô.</Text>
		</Replace>
		<Replace Language="en_US" Tag="LOC_POLICY_NUBIA_SCENARIO_MANEUVER_DESCRIPTION">
			<Text>+100% [ICON_Production] Sản xuất cho các đơn vị kỵ bịnh hạng nhẹ và nặng ở thời Nguyên thuỷ và thời Cổ đại.</Text>
		</Replace>
		<Replace Language="en_US" Tag="LOC_POLICY_ABU_SIMBEL_DESCRIPTION">
			<Text>+100% [ICON_Culture] Văn hoá cho tất cả công trình Tôn giáo.</Text>
		</Replace>
		<Replace Language="en_US" Tag="LOC_POLICY_FRONTIER_FORTRESSES_DESCRIPTION">
			<Text>+4 [ICON_Gold] Vàng cho tất cả [ICON_TradeRoute] Tuyến đường thương mại.</Text>
		</Replace>
		<Replace Language="en_US" Tag="LOC_POLICY_INUNDATION_CALENDAR_DESCRIPTION">
			<Text>+1 [ICON_Science] Khoa học cho mỗi thành phố nằm liền kè mặt nước</Text>
		</Replace>
		<Replace Language="en_US" Tag="LOC_POLICY_MERCENARIES_DESCRIPTION">
			<Text>Trả một nửa chi phí khi tuyển mộ các đơn vị của thành phố-tự trị.</Text>
		</Replace>
		<Replace Language="en_US" Tag="LOC_POLICY_MILITARY_COMMUNICATION_DESCRIPTION">
			<Text>+2 [ICON_Movement] Di chuyển cho tất cả đơn vị mặt đất.</Text>
		</Replace>
		<Replace Language="en_US" Tag="LOC_POLICY_MUSAEUM_DESCRIPTION">
			<Text>Gấp đôi [ICON_Science] khoa học cho tất cả thành phố của bạn.</Text>
		</Replace>
		<Replace Language="en_US" Tag="LOC_POLICY_RECORDKEEPING_DESCRIPTION">
			<Text>Giảm chi phí duy trì 1 [ICON_Gold] Vàng mỗi lượt, cho mỗi đơn vị.</Text>
		</Replace>
		<Replace Language="en_US" Tag="LOC_POLICY_ROYAL_BODYGUARDS_DESCRIPTION">
			<Text>+2 [ICON_Culture] Văn hoá cho [ICON_Capital] Thủ đô.</Text>
		</Replace>
		<Replace Language="en_US" Tag="LOC_POLICY_SCORPION_KING_DESCRIPTION">
			<Text>+4 [ICON_Strength] Sức Chiến đấu cho tất cả đơn vị.</Text>
		</Replace>
		<Replace Language="en_US" Tag="LOC_COMBAT_PREVIEW_SCORPION_KING_COMBAT_STRENGTH">
			<Text>+{1_Value} từ Vua Bò cạp.</Text>
		</Replace>
		<Replace Language="en_US" Tag="LOC_POLICY_TRADE_AGREEMENT_DESCRIPTION">
			<Text>+2 [ICON_Gold] Vàng từ [ICON_TradeRoute] Tuyến đường thương mại quốc tế.</Text>
		</Replace>
		<Replace Language="en_US" Tag="LOC_POLICY_VALLEY_OF_THE_KINGS_DESCRIPTION">
			<Text>Thưởng +100% liền kề Khu Tôn giáo.</Text>
		</Replace>
		<!-- Religions-->
		<Replace Language="en_US" Tag="LOC_RELIGION_NUBIA_SCENARIO_NUBIA_NAME">
			<Text>Các vị thần Nubian</Text>
		</Replace>
		<Replace Language="en_US" Tag="LOC_RELIGION_NUBIA_SCENARIO_EGYPT_NAME">
			<Text>Các vị thần Ai Cập</Text>
		</Replace>
		<!-- Resources-->
		<Replace Language="en_US" Tag="LOC_RESOURCE_SCENARIO_GOLD_NAME">
			<Text>Quặng vàng</Text>
		</Replace>
		<!-- Routes-->
		<Replace Language="en_US" Tag="LOC_ROUTE_NUBIA_SCENARIO_ROAD_DESCRIPTION">
			<Text>Có thể xây dựng trên [ICON_TradeRoute] Tuyến đường thương mại. Cải thiện [ICON_Movement] Di chuyển cho bất kỳ đơn vị nào di chuyển trên tuyến đường.</Text>
		</Replace>
		<!-- Technologies-->
		<Replace Language="en_US" Tag="LOC_TECH_FISHING_NAME">
			<Text>Đánh cá</Text>
		</Replace>
		<Replace Language="en_US" Tag="LOC_TECH_MEDICINE_NAME">
			<Text>Y Học</Text>
		</Replace>
		<Replace Language="en_US" Tag="LOC_TECH_FORTIFICATION_NAME">
			<Text>Công sự</Text>
		</Replace>
		<Replace Language="en_US" Tag="LOC_TECH_TOMB_BUILDING_NAME">
			<Text>Xây dựng Lăng mộ</Text>
		</Replace>
		<Replace Language="en_US" Tag="LOC_TECH_FISHING_DESCRIPTION">
			<Text>Cho phép Thợ xây lên tàu.</Text>
		</Replace>
		<Replace Language="en_US" Tag="LOC_TECH_NUBIA_SCENARIO_SAILING_DESCRIPTION">
			<Text>Cho phép tất cả đơn vị mặt đất lên tàu.</Text>
		</Replace>
		<Replace Language="en_US" Tag="LOC_TECH_NUBIA_SCENARIO_MATHEMATICS_DESCRIPTION">
			<Text>+2 [ICON_Movement] Di chuyển cho tất cả đơn vị hải quân.</Text>
		</Replace>
		<Replace Language="en_US" Tag="LOC_TECH_MEDICINE_DESCRIPTION">
			<Text>Nhận miễn phí 2 Dân di cư trong [ICON_Capital] Thủ đô của bạn sau khi hoàn thành.</Text>
		</Replace>
		<!-- Units-->
		<Replace Language="en_US" Tag="LOC_UNIT_NUBIA_SCENARIO_GREAT_GENERAL_DESCRIPTION">
			<Text>Mỗi [ICON_GreatGeneral] Đại Tướng quân gây ra ảnh hưởng chiến đấu riêng biệt trên các đơn vị lân cận trong kịch bản chơi này.</Text>
		</Replace>
		<Replace Language="en_US" Tag="LOC_UNIT_NUBIA_SCENARIO_GREAT_PROPHET_DESCRIPTION">
			<Text>Đại [ICON_GreatProphet] Tiên tri không thể tìm thấy trong kịch bản chơi này. Cả Ai Cập và Nubia đều tự động nhận được một tôn giáo ngay khi thủ đô được thành lập.</Text>
		</Replace>
		<Replace Language="en_US" Tag="LOC_UNIT_NUBIA_SCENARIO_EGYPTIAN_CHARIOT_ARCHER_DESCRIPTION">
			<Text>Đơn vị Ai Cập đặc biệt ở Thời Cổ đại được thay thế bằng Kỵ binh Chariot. 6 [ICON_Movement] Di chuyển khi ở địa hình mở.</Text>
		</Replace>
		<Replace Language="en_US" Tag="LOC_UNIT_NUBIA_SCENARIO_SETTLER_DESCRIPTION">
			<Text>Có thể tạo ra các thành phố mới. Dân di cư chỉ được nhận khi hoàn thành Công dân và Y học. Không thể xây dựng đơn vị Dân di cư.</Text>
		</Replace>
		<Replace Language="en_US" Tag="LOC_UNIT_HIGH_PRIESTESS_NAME">
			<Text>Nữ Đại tư tế</Text>
		</Replace>
		<Replace Language="en_US" Tag="LOC_UNIT_MEDJAY_NAME">
			<Text>Medjay</Text>
		</Replace>
		<Replace Language="en_US" Tag="LOC_UNIT_HIGH_PRIESTESS_DESCRIPTION">
			<Text>Một đơn vị Thợ xây đặc biệt có nhiệm vụ duy nhất là tạo ra Tượng Nhân sư hoặc Kim tự tháp Nubian.</Text>
		</Replace>
		<Replace Language="en_US" Tag="LOC_UNIT_MEDJAY_DESCRIPTION">
			<Text>Đơn vị cận chiến mạnh với sức chiến đấu cáo nếu ở trong lãnh thổ thân thiện và trong phạm vi 1 Khu Tôn giáo. Chỉ có thể xây dựng Medjay trong một thành phố có Khu Tôn giáo bao gồm một Điện thờ.</Text>
		</Replace>
		<Replace Language="en_US" Tag="LOC_ABILITY_MEDJAY_HOLY_SITE_COMBAT_MODIFIER_DESCRIPTION">
			<Text>+{1_Value} Sức Chiến đấu trong lãnh thổ thân thiện có Khu Tôn giáo.</Text>
		</Replace>
		<!-- Civic Boosts-->
		<Replace Language="en_US" Tag="LOC_BOOST_NUBIA_SCENARIO_TRIGGER_STATE_WORKFORCE">
			<Text>Mở 8 ô.</Text>
		</Replace>
		<Replace Language="en_US" Tag="LOC_BOOST_NUBIA_SCENARIO_TRIGGER_FOREIGN_TRADE">
			<Text>Thăm 6 thành phố-tự trị.</Text>
		</Replace>
		<Replace Language="en_US" Tag="LOC_BOOST_NUBIA_SCENARIO_TRIGGER_SCRIBES">
			<Text>Xây 2 quận khác nhau.</Text>
		</Replace>
		<Replace Language="en_US" Tag="LOC_BOOST_NUBIA_SCENARIO_TRIGGER_BOOK_OF_THE_DEAD">
			<Text>Chinh phục một thành phố.</Text>
		</Replace>
		<Replace Language="en_US" Tag="LOC_BOOST_NUBIA_SCENARIO_TRIGGER_INSTITUTION_OF_THE_MUSES">
			<Text>Nghiên cứu công nghệ toán học.</Text>
		</Replace>
		<Replace Language="en_US" Tag="LOC_BOOST_NUBIA_SCENARIO_TRIGGER_SEPATS">
			<Text>Xây 2 Khu Quân sự.</Text>
		</Replace>
		<Replace Language="en_US" Tag="LOC_BOOST_NUBIA_SCENARIO_TRIGGER_BOARDGAMES_ATHLETICS">
			<Text>Phát triển nền văn minh của bạn có tối thiểu 24 dân cư.</Text>
		</Replace>
		<Replace Language="en_US" Tag="LOC_BOOST_NUBIA_SCENARIO_TRIGGER_AMUN_LORD_OF_ALL_GODS">
			<Text>Xây 3 Điện thờ.</Text>
		</Replace>
		<Replace Language="en_US" Tag="LOC_BOOST_NUBIA_SCENARIO_TRIGGER_LONGDESC_STATE_WORKFORCE">
			<Text>Với vùng đất xung quanh các thành phố thịnh vượng ban đầu của chúng tôi, chúng ta có thể tối ưu các kỹ thuật sản xuất của mình.</Text>
		</Replace>
		<Replace Language="en_US" Tag="LOC_BOOST_NUBIA_SCENARIO_TRIGGER_LONGDESC_FOREIGN_TRADE">
			<Text>Mối liên hệ của bạn với các thành phố khác đã mở ra cơ hội thương mại to lớn.</Text>
		</Replace>
		<Replace Language="en_US" Tag="LOC_BOOST_NUBIA_SCENARIO_TRIGGER_LONGDESC_SCRIBES">
			<Text>Thành phố của chúng tôi đang phát triển rất nhanh chóng, chúng tôi cần một thế hệ công nhân mới để theo dõi mọi thứ.</Text>
		</Replace>
		<Replace Language="en_US" Tag="LOC_BOOST_NUBIA_SCENARIO_TRIGGER_LONGDESC_BOOK_OF_THE_DEAD">
			<Text>Một số anh hùng đã ra đi trong cuộc chinh phục thành phố. Hãy để chúng tôi thanh thản đi qua thế giới bên kia.</Text>
		</Replace>
		<Replace Language="en_US" Tag="LOC_BOOST_NUBIA_SCENARIO_TRIGGER_LONGDESC_INSTITUTION_OF_THE_MUSES">
			<Text>Các nhà toán học học của chúng tôi là hình mẫu của sự uyên bác. Hãy để chúng tôi giúp đỡ họ bằng cách thu thập kiến thức của thế giới về một mối.</Text>
		</Replace>
		<Replace Language="en_US" Tag="LOC_BOOST_NUBIA_SCENARIO_TRIGGER_LONGDESC_SEPATS">
			<Text>Khu Quân sự là nơi để bảo vệ vùng đất và canh phòng biên giới của chúng ta, bây giờ chúng ta có thể khẳng định quyền lực trong khu vực của mình.</Text>
		</Replace>
		<Replace Language="en_US" Tag="LOC_BOOST_NUBIA_SCENARIO_TRIGGER_LONGDESC_BOARDGAMES_ATHLETICS">
			<Text>Số lượng dân cư ngày một tăng trong vùng đất của bạn họ cần giải trí nhiều hơn. Chúng ta nên chơi cờ bàn hay chơi bắn cung?</Text>
		</Replace>
		<Replace Language="en_US" Tag="LOC_BOOST_NUBIA_SCENARIO_TRIGGER_LONGDESC_AMUN_LORD_OF_ALL_GODS">
			<Text>Con người giờ đây đã nhận ra vị thần tối cao, Amun. Hãy để chúng tôi xây dựng các đền thờ vĩ đại để làm tôn vinh người.</Text>
		</Replace>
		<!-- Tech Boosts-->
		<Replace Language="en_US" Tag="LOC_BOOST_NUBIA_SCENARIO_TRIGGER_SAILING">
			<Text>Thu thập 2 tài nguyên biển.</Text>
		</Replace>
		<Replace Language="en_US" Tag="LOC_BOOST_NUBIA_SCENARIO_TRIGGER_IRRIGATION">
			<Text>Xây 4 Nông trại.</Text>
		</Replace>
		<Replace Language="en_US" Tag="LOC_BOOST_NUBIA_SCENARIO_TRIGGER_THE_WHEEL">
			<Text>Xây 1 Bãi Chăn thả.</Text>
		</Replace>
		<Replace Language="en_US" Tag="LOC_BOOST_NUBIA_SCENARIO_TRIGGER_MEDICINE">
			<Text>Xây 2 Cánh đồng.</Text>
		</Replace>
		<Replace Language="en_US" Tag="LOC_BOOST_NUBIA_SCENARIO_TRIGGER_FORTIFICATION">
			<Text>Là mục tiêu của Tuyên bố Chiến tranh.</Text>
		</Replace>
		<Replace Language="en_US" Tag="LOC_BOOST_NUBIA_SCENARIO_TRIGGER_TOMB_BUILDING">
			<Text>Đạt được hành chính Sách của người Chết.</Text>
		</Replace>
		<Replace Language="en_US" Tag="LOC_BOOST_NUBIA_SCENARIO_TRIGGER_CELESTIAL_NAVIGATION">
			<Text>Sở hữu 2 Thuyền.</Text>
		</Replace>
		<Replace Language="en_US" Tag="LOC_BOOST_NUBIA_SCENARIO_TRIGGER_MATHEMATICS">
			<Text>Xây 3 Điện thờ Nilometer.</Text>
		</Replace>
		<Replace Language="en_US" Tag="LOC_BOOST_NUBIA_SCENARIO_TRIGGER_IRON_WORKING">
			<Text>Giết một Kiếm sĩ.</Text>
		</Replace>
		<Replace Language="en_US" Tag="LOC_BOOST_NUBIA_SCENARIO_TRIGGER_HORSEBACK_RIDING">
			<Text>Giết một Kỵ sĩ.</Text>
		</Replace>
		<Replace Language="en_US" Tag="LOC_BOOST_NUBIA_SCENARIO_TRIGGER_LONGDESC_SAILING">
			<Text>Ngư dân của bạn đang giúp chúng tôi cách chế tạo những con tàu cho mục đích quân sự.</Text>
		</Replace>
		<Replace Language="en_US" Tag="LOC_BOOST_NUBIA_SCENARIO_TRIGGER_LONGDESC_IRRIGATION">
			<Text>Những nông trại phì nhiêu của bạn cho thấy tầm quan trọng của công tác tưới nước cho cây trồng.</Text>
		</Replace>
		<Replace Language="en_US" Tag="LOC_BOOST_NUBIA_SCENARIO_TRIGGER_LONGDESC_THE_WHEEL">
			<Text>Thuần hoá động vật mang lại nhiều hữu ích. Liệu chúng ta có thể mang theo chúng để chiến đấu?</Text>
		</Replace>
		<Replace Language="en_US" Tag="LOC_BOOST_NUBIA_SCENARIO_TRIGGER_LONGDESC_MEDICINE">
			<Text>Bạn đang pha trộn thảo mộc với các loại cây trồng của bạn. Có thể sử dụng làm thuốc được không?</Text>
		</Replace>
		<Replace Language="en_US" Tag="LOC_BOOST_NUBIA_SCENARIO_TRIGGER_LONGDESC_FORTIFICATION">
			<Text>Đối mặt với mối đe dọa xâm lược, người nhân của bạn đã sẵn sàng đưa ra những biện pháp phòng thủ sáng tạo.</Text>
		</Replace>
		<Replace Language="en_US" Tag="LOC_BOOST_NUBIA_SCENARIO_TRIGGER_LONGDESC_TOMB_BUILDING">
			<Text>Với những lời cầu nguyện tha thiết, chúng ta hãy xây dựng những ngôi mộ để tôn vinh những người vĩ đại nhất của chúng ta.</Text>
		</Replace>
		<Replace Language="en_US" Tag="LOC_BOOST_NUBIA_SCENARIO_TRIGGER_LONGDESC_CELESTIAL_NAVIGATION">
			<Text>Thuỷ thủ đoàn của bạn đang theo sát hướng di chuyển dựa vào các vì sao trên bầu trời.</Text>
		</Replace>
		<Replace Language="en_US" Tag="LOC_BOOST_NUBIA_SCENARIO_TRIGGER_LONGDESC_MATHEMATICS">
			<Text>Nhà khoa học giỏi nhất của bạn đã tính toán khá chính xác về những đợt lũ sông Nile.</Text>
		</Replace>
		<Replace Language="en_US" Tag="LOC_BOOST_NUBIA_SCENARIO_TRIGGER_LONGDESC_IRON_WORKING">
			<Text>Chúng tôi đã đánh bại Kiếm sĩ chúng tôi sẽ thực hiện như vậy với các đơn vị tương tự.</Text>
		</Replace>
		<Replace Language="en_US" Tag="LOC_BOOST_NUBIA_SCENARIO_TRIGGER_LONGDESC_HORSEBACK_RIDING">
			<Text>Chúng tôi đã đánh bại Kỵ sĩ chúng tôi sẽ thực hiện như vậy với các đơn vị tương tự.</Text>
		</Replace>
		<!-- Terrain/Features-->
		<Replace Language="en_US" Tag="LOC_FEATURE_CATARACT_NAME">
			<Text>Thác nước lớn</Text>
		</Replace>
		<Replace Language="en_US" Tag="LOC_TERRAIN_NILE_RIVER_NAME">
			<Text>Sông Nile</Text>
		</Replace>
		<!-- Victories -->
		<Replace Language="en_US" Tag="LOC_VICTORY_NUBIA_SCENARIO_TEXT">
			<Text>Bạn hãy trở thành người đầu tiên xây dựng 7 Đền thờ để tôn vinh thần Amun. Chắc chắn sẽ là một kim tự tháp vĩ đại được xây dựng để đón chào thành công của bạn!</Text>
		</Replace>
		<Replace Language="en_US" Tag="LOC_VICTORY_TEMPLE_COUNT">
			<Text>{1_Player} - Đền thờ Amun đã xây: {2_Num}</Text>
		</Replace>
		<Replace Language="en_US" Tag="LOC_NUBIA_SCENARIO_ENDGAME_RANKING_LEADER_1_NAME">
			<Text>Hình ảnh sống động của Amun</Text>
		</Replace>
		<Replace Language="en_US" Tag="LOC_NUBIA_SCENARIO_ENDGAME_RANKING_LEADER_2_NAME">
			<Text>Được tôn kính bởi Isis</Text>
		</Replace>
		<Replace Language="en_US" Tag="LOC_NUBIA_SCENARIO_ENDGAME_RANKING_LEADER_3_NAME">
			<Text>Được Anubis xức dầu</Text>
		</Replace>
		<Replace Language="en_US" Tag="LOC_NUBIA_SCENARIO_ENDGAME_RANKING_LEADER_4_NAME">
			<Text>Môn đồ của Horus</Text>
		</Replace>
		<Replace Language="en_US" Tag="LOC_NUBIA_SCENARIO_ENDGAME_RANKING_LEADER_5_NAME">
			<Text>Lãng quên bởi Bes</Text>
		</Replace>
		<Replace Language="en_US" Tag="LOC_NUBIA_SCENARIO_ENDGAME_RANKING_LEADER_6_NAME">
			<Text>Trốn tránh bởi Ash</Text>
		</Replace>
		<Replace Language="en_US" Tag="LOC_NUBIA_SCENARIO_ENDGAME_RANKING_LEADER_1_QUOTE">
			<Text>Chúa tể của tất cả các thần tôn vinh bạn. (Đừng để nó rơi vào đầu bạn.)</Text>
		</Replace>
		<Replace Language="en_US" Tag="LOC_NUBIA_SCENARIO_ENDGAME_RANKING_LEADER_2_QUOTE">
			<Text>Cô nghẹn ngào đón chào thành tựu của bạn.</Text>
		</Replace>
		<Replace Language="en_US" Tag="LOC_NUBIA_SCENARIO_ENDGAME_RANKING_LEADER_3_QUOTE">
			<Text>Ông ta chuẩn bị các bình đặc biệt cho nội tạng của bạn.</Text>
		</Replace>
		<Replace Language="en_US" Tag="LOC_NUBIA_SCENARIO_ENDGAME_RANKING_LEADER_4_QUOTE">
			<Text>Để tôn vinh thành tựu của mình, bạn sẽ không bao giờ gặp phải một cơn bão cát.</Text>
		</Replace>
		<Replace Language="en_US" Tag="LOC_NUBIA_SCENARIO_ENDGAME_RANKING_LEADER_5_QUOTE">
			<Text>Có lẽ lần tới anh ta sẽ nhớ để cảnh báo bạn về những con rắn.</Text>
		</Replace>
		<Replace Language="en_US" Tag="LOC_NUBIA_SCENARIO_ENDGAME_RANKING_LEADER_6_QUOTE">
			<Text>Bạn sẽ không tìm thấy ốc đảo trong bất kỳ sa mạc nào—chỉ có cát và cát.</Text>
		</Replace>
		<!-- Events-->
		<Replace Language="en_US" Tag="LOC_SCENARIO_NUBIA_EVENT_TITLE_1">
			<Text>Tái xây dựng Kinh đô Cũ</Text>
		</Replace>
		<Replace Language="en_US" Tag="LOC_SCENARIO_NUBIA_EVENT_TITLE_2">
			<Text>Chế tạo cung Nubia</Text>
		</Replace>
		<Replace Language="en_US" Tag="LOC_SCENARIO_NUBIA_EVENT_TITLE_3">
			<Text>Đưa Pítati trở về Nubia</Text>
		</Replace>
		<Replace Language="en_US" Tag="LOC_SCENARIO_NUBIA_EVENT_TITLE_4">
			<Text>Đưa Pítati trở về Doanh trại</Text>
		</Replace>
		<Replace Language="en_US" Tag="LOC_SCENARIO_NUBIA_EVENT_TITLE_5">
			<Text>Pharaoh Mentuhotep II lên ngai vàng</Text>
		</Replace>
		<Replace Language="en_US" Tag="LOC_SCENARIO_NUBIA_EVENT_TITLE_6">
			<Text>Pharaoh Mentuhotep II gặp Osiris</Text>
		</Replace>
		<Replace Language="en_US" Tag="LOC_SCENARIO_NUBIA_EVENT_TITLE_7">
			<Text>Nữ Đại tư tế dâng lễ Khu Tôn giáo</Text>
		</Replace>
		<Replace Language="en_US" Tag="LOC_SCENARIO_NUBIA_EVENT_TITLE_8">
			<Text>Vua Piye lên ngai vàng</Text>
		</Replace>
		<Replace Language="en_US" Tag="LOC_SCENARIO_NUBIA_EVENT_TITLE_9">
			<Text>Vua Piye gặp Osiris</Text>
		</Replace>
		<Replace Language="en_US" Tag="LOC_SCENARIO_NUBIA_EVENT_TITLE_10">
			<Text>Nữ hoàng Amanirenas lên ngai vàng</Text>
		</Replace>
		<Replace Language="en_US" Tag="LOC_SCENARIO_NUBIA_EVENT_TITLE_11">
			<Text>Nữ hoàng Amanirenas gặp Osiris</Text>
		</Replace>
		<Replace Language="en_US" Tag="LOC_SCENARIO_NUBIA_EVENT_TITLE_12">
			<Text>Xâm lược Hyksos</Text>
		</Replace>
		<Replace Language="en_US" Tag="LOC_SCENARIO_NUBIA_EVENT_TITLE_13">
			<Text>Xâm lược Libya</Text>
		</Replace>
		<Replace Language="en_US" Tag="LOC_SCENARIO_NUBIA_EVENT_TITLE_14">
			<Text>Xâm lược Assyria</Text>
		</Replace>
		<Replace Language="en_US" Tag="LOC_SCENARIO_NUBIA_EVENT_TITLE_15">
			<Text>Xâm lược Ba Tư</Text>
		</Replace>
		<Replace Language="en_US" Tag="LOC_SCENARIO_NUBIA_EVENT_TITLE_16">
			<Text>Xâm lược Macedon</Text>
		</Replace>
		<Replace Language="en_US" Tag="LOC_SCENARIO_NUBIA_EVENT_TITLE_17">
			<Text>Xâm lược Rome</Text>
		</Replace>
		<Replace Language="en_US" Tag="LOC_SCENARIO_NUBIA_EVENT_TITLE_18">
			<Text>Những đàn Voi Chiến bí mật</Text>
		</Replace>
		<Replace Language="en_US" Tag="LOC_SCENARIO_NUBIA_EVENT_DESCRIPTION_1">
			<Text>Kinh đô Cũ không còn nữa. Cuộc nội chiến đã tàn phá vùng đất này, số phận của gia tộc bạn là tái lập một Ai Cập thống nhất. Có lẽ sự trợ giúp ngắn-hạn của lính đánh thuê Nubian có thể giúp bạn thu hồi các thành phố dọc theo sông Nile.</Text>
		</Replace>
		<Replace Language="en_US" Tag="LOC_SCENARIO_NUBIA_EVENT_DESCRIPTION_2">
			<Text>Gia tộc của bạn nằm giữ một phần quan trọng của sông Nile. Với những người hàng xóm Ai Cập của bạn ở phía bắc bị vây hãm bởi cuộc xung đột nội bộ, Vùng đất của những cánh Cung đã tìm thấy chính mình bên bờ vực của đế chế.</Text>
		</Replace>
		<Replace Language="en_US" Tag="LOC_SCENARIO_NUBIA_EVENT_DESCRIPTION_3">
			<Text>Những người lính đánh thuê Nubian đã hoàn thành giao kèo. Họ trở về Vùng đất của những cánh Cung của họ.</Text>
		</Replace>
		<Replace Language="en_US" Tag="LOC_SCENARIO_NUBIA_EVENT_DESCRIPTION_4">
			<Text>Các cung thủ đánh thuê của chúng tôi đã hoàn thành giao kèo với Ai Cập. Họ sẽ trở về nhà và được trả hậu hĩnh.</Text>
		</Replace>
		<Replace Language="en_US" Tag="LOC_SCENARIO_NUBIA_EVENT_DESCRIPTION_5">
			<Text>Mentuhotep II vĩ đại tìm kiếm không có gì cao cả hơn sự thống nhất của Thượng và Hạ Ai Cập. Nếu ngài ấy thành công, chúng ta sẽ tôn vinh ngài ấy với danh hiệu "Horus vị thần thống nhất hai miền đất."</Text>
		</Replace>
		<Replace Language="en_US" Tag="LOC_SCENARIO_NUBIA_EVENT_DESCRIPTION_6">
			<Text>Với cái chết của Mentuhotep II, linh hồn rời khỏi cơ thể của ngài và bắt đầu một cuộc hành trình vào thế giới bên kia. Ở đó ngài ấy sẽ được Osiris phán quyết. Những việc làm của ngài ấy là thước đo để có cuộc sống vĩnh cửu.</Text>
		</Replace>
		<Replace Language="en_US" Tag="LOC_SCENARIO_NUBIA_EVENT_DESCRIPTION_7">
			<Text>Một nhà lãnh đạo tôn giáo xuất hiện để hoàn tất nơi thờ phụng mới. Với sự trợ giúp của họ, chúng ta có thể tạo ra các biểu tượng thần thánh đầy quyền lực cho các vị thần của chúng ta.</Text>
		</Replace>
		<Replace Language="en_US" Tag="LOC_SCENARIO_NUBIA_EVENT_DESCRIPTION_8">
			<Text>Vua Piye chính trực tìm cách giải phóng người Ai Cập khỏi sự mục rữa đã ăn sâu trong thủ lĩnh của họ. Ngài ấy phải làm như vậy ngay khi mở mang Nubian vào sâu lãnh thổ Ai Cập.</Text>
		</Replace>
		<Replace Language="en_US" Tag="LOC_SCENARIO_NUBIA_EVENT_DESCRIPTION_9">
			<Text>Với cái chết của Piye, linh hồn rời khỏi cơ thể của ngài và bắt đầu một cuộc hành trình vào thế giới bên kia. Ở đó ngài ấy sẽ được Osiris phán quyết. Những việc làm của ngài ấy là thước đo để có cuộc sống vĩnh cửu.</Text>
		</Replace>
		<Replace Language="en_US" Tag="LOC_SCENARIO_NUBIA_EVENT_DESCRIPTION_10">
			<Text>Nữ hoàng Amanirenas không sợ những kẻ xâm lăng ngoại bang. Nếu có bất kỳ đe dọa nào cho Nubia, bà sẽ trực tiếp dẫn đầu cuộc tấn công—ngay cả khi họ là đội quân mạnh nhất thế giới.</Text>
		</Replace>
		<Replace Language="en_US" Tag="LOC_SCENARIO_NUBIA_EVENT_DESCRIPTION_11">
			<Text>Với cái chết của Amanirenas, linh hồn rời khỏi cơ thể của bà và bắt đầu một cuộc hành trình vào thế giới bên kia. Ở đó bà ấy sẽ được Osiris phán quyết. Những việc làm của bà ấy là thước đo để có cuộc sống vĩnh cửu.</Text>
		</Replace>
		<Replace Language="en_US" Tag="LOC_SCENARIO_NUBIA_EVENT_DESCRIPTION_12">
			<Text>Những kẻ xâm lăng ngoại bang đến từ phía đông bắc! Quân Hyksos chỉ huy một đội quân xa Chariot từ Levant. Họ đến nơi này với một mục tiêu chiến tranh và có ít kinh nghiệm chiến đấu dọc sông Nile.</Text>
		</Replace>
		<Replace Language="en_US" Tag="LOC_SCENARIO_NUBIA_EVENT_DESCRIPTION_13">
			<Text>Những kẻ xâm lăng ngoại bang đến từ Địa Trung Hải! Người Libya đến từ phía tây, diễu binh về phía sông Nile dọc theo bờ biển. Từ phía đông tiến đến là các đồng minh bí mật của họ—những Đứa con của Biển.</Text>
		</Replace>
		<Replace Language="en_US" Tag="LOC_SCENARIO_NUBIA_EVENT_DESCRIPTION_14">
			<Text>Những kẻ xâm lăng ngoại bang đến từ phía đông bắc! Những người Assyrian do Sha-Nabu-shu dẫn đầu đã chinh phục vùng đất Lưỡng Hà. Hãy cẩn thận với kẻ thù đáng sợ này!</Text>
		</Replace>
		<Replace Language="en_US" Tag="LOC_SCENARIO_NUBIA_EVENT_DESCRIPTION_15">
			<Text>Những kẻ xâm lăng ngoại bang đến từ phía bắc! Người Ba Tư đang hối hả theo gót của người Assyria. Liệu một kinh đô ở phía đông dọc theo sông Nile có thể đứng vững được không?</Text>
		</Replace>
		<Replace Language="en_US" Tag="LOC_SCENARIO_NUBIA_EVENT_DESCRIPTION_16">
			<Text>Những kẻ xâm lăng ngoại bang đến từ phía đông bắc! Các cuộc chinh phạt của Alexander III của Macedon được cho là kéo dài đến tận cùng trái đất. Bây giờ ông tìm cách thêm người Nile vào đế chế của mình.</Text>
		</Replace>
		<Replace Language="en_US" Tag="LOC_SCENARIO_NUBIA_EVENT_DESCRIPTION_17">
			<Text>Những kẻ xâm lăng ngoại bang đến từ phía bắc! Các quân đoàn hùng mạnh của quân đội Roman đến từ phía tây để chiếm Nile cho chính họ. Ai có thể ngăn chặn được đội quân hùng mạnh nhất thời đại này?</Text>
		</Replace>
		<Replace Language="en_US" Tag="LOC_SCENARIO_NUBIA_EVENT_DESCRIPTION_18">
			<Text>Với chi phí rất lớn, chúng tôi đã huấn luyện những đàn voi chiến tại một nơi bí mật. Bảo vệ chúng chặt chẽ—chúng ta có thể duy trì số lượng của chúng, mặc dù khá chậm, nhưng chúng tôi không trông đợi có thể có nhiều hơn.</Text>
		</Replace>
		<Replace Language="en_US" Tag="LOC_SCENARIO_NUBIA_EVENT_EFFECT_1">
			<Text>Những Cung thủ Pítati của Nubian sẽ phục vụ trong quân đội của bạn trong 6 lượt kế tiếp.</Text>
		</Replace>
		<Replace Language="en_US" Tag="LOC_SCENARIO_NUBIA_EVENT_EFFECT_2">
			<Text>Tìm thấy một thành phố và các mỏ khoáng sản phong phú gần đó.</Text>
		</Replace>
		<Replace Language="en_US" Tag="LOC_SCENARIO_NUBIA_EVENT_EFFECT_3">
			<Text>Các đơn vị Cung thủ Pítati của bạn đã bị xóa sổ.</Text>
		</Replace>
		<Replace Language="en_US" Tag="LOC_SCENARIO_NUBIA_EVENT_EFFECT_4">
			<Text>Những Cung thủ Pítati đã có mặt sẵn sàng ở gần [ICON_Capital] Thủ đô của chúng tôi. Chúng tôi cũng đã đạt được 100 [ICON_Gold] Vàng.</Text>
		</Replace>
		<Replace Language="en_US" Tag="LOC_SCENARIO_NUBIA_EVENT_EFFECT_5">
			<Text>[ICON_GreatGeneral] Đại tướng Quân sẽ dẫn dắt quân đội của chúng tôi trong 15 lượt kế tiếp.</Text>
		</Replace>
		<Replace Language="en_US" Tag="LOC_SCENARIO_NUBIA_EVENT_EFFECT_6">
			<Text>[ICON_GreatGeneral] Đại tướng Quân Mentuhotep II đã hi sinh.</Text>
		</Replace>
		<Replace Language="en_US" Tag="LOC_SCENARIO_NUBIA_EVENT_EFFECT_7">
			<Text>Nữ Đại tư tế được sử dụng để xây dựng công trình đặc biệt (Tượng Nhân sư hoặc Kim tự tháp Nubian) khi bạn đã nghiên cứu công nghệ Xây dựng.</Text>
		</Replace>
		<Replace Language="en_US" Tag="LOC_SCENARIO_NUBIA_EVENT_EFFECT_8">
			<Text>[ICON_GreatGeneral] Đại tướng Quân sẽ dẫn dắt quân đội của chúng tôi trong 15 lượt kế tiếp.</Text>
		</Replace>
		<Replace Language="en_US" Tag="LOC_SCENARIO_NUBIA_EVENT_EFFECT_9">
			<Text>[ICON_GreatGeneral] Đại tướng Quân Piye đã hi sinh.</Text>
		</Replace>
		<Replace Language="en_US" Tag="LOC_SCENARIO_NUBIA_EVENT_EFFECT_10">
			<Text>[ICON_GreatGeneral] Đại tướng Quân sẽ dẫn dắt quân đội của chúng tôi trong 15 lượt kế tiếp.</Text>
		</Replace>
		<Replace Language="en_US" Tag="LOC_SCENARIO_NUBIA_EVENT_EFFECT_11">
			<Text>[ICON_GreatGeneral] Đại tướng Quân Amanirenas đã hi sinh.</Text>
		</Replace>
		<Replace Language="en_US" Tag="LOC_SCENARIO_NUBIA_EVENT_EFFECT_12">
			<Text>Những kẻ xâm lược người Hyksos cố gắng chinh phục các thành phố và thiết lập một vương quốc dọc theo bờ biển Địa Trung Hải.</Text>
		</Replace>
		<Replace Language="en_US" Tag="LOC_SCENARIO_NUBIA_EVENT_EFFECT_13">
			<Text>Những kẻ xâm lược người Libyan cố gắng chinh phục các thành phố và thiết lập một vương quốc dọc theo bờ biển Địa Trung Hải.</Text>
		</Replace>
		<Replace Language="en_US" Tag="LOC_SCENARIO_NUBIA_EVENT_EFFECT_14">
			<Text>Những kẻ xâm lược người Assyria sẽ cố gắng chinh phục các thành phố và thiết lập một vương quốc dọc theo bờ biển Địa Trung Hải.</Text>
		</Replace>
		<Replace Language="en_US" Tag="LOC_SCENARIO_NUBIA_EVENT_EFFECT_15">
			<Text>Những kẻ xâm lược người Ba Tư sẽ cố gắng chinh phục các thành phố và thiết lập một vương quốc dọc theo bờ biển Địa Trung Hải.</Text>
		</Replace>
		<Replace Language="en_US" Tag="LOC_SCENARIO_NUBIA_EVENT_EFFECT_16">
			<Text>Những kẻ xâm lược người Macedoniansẽ cố gắng chinh phục các thành phố và thiết lập một vương quốc dọc theo bờ biển Địa Trung Hải.</Text>
		</Replace>
		<Replace Language="en_US" Tag="LOC_SCENARIO_NUBIA_EVENT_EFFECT_17">
			<Text>Những kẻ xâm lược người Rôma cố gắng chinh phục các thành phố và thiết lập một vương quốc dọc theo bờ biển Địa Trung Hải.</Text>
		</Replace>
		<Replace Language="en_US" Tag="LOC_SCENARIO_NUBIA_EVENT_EFFECT_18">
			<Text>Các đơn vị Voi Chiến đã sẵn sàng. Không thể xây dựng chúng trong thành phố và chỉ nhận được ở sự kiện này.</Text>
		</Replace>
	</LocalizedText>
</GameData>
