<?xml version="1.0" encoding="utf-8"?>
<!-- edited with XMLSPY v2004 rel. 2 U (http://www.xmlspy.com) by Ed Beach (Firaxis Games) -->
<GameData>
	<LocalizedText>
		<Replace Language="en_US" Tag="LOC_NUBIA_SCENARIO_NAME">
			<Text>Quà tặng của sông Nile</Text>
		</Replace>
		<Replace Language="en_US" Tag="LOC_NUBIA_SCENARIO_TOOLTIP">
			<Text>Màn trình diễn của hai người chơi dọc theo sông Nile giữa Ai Cập và Nubia. Không vượt quá 125 lượt.</Text>
		</Replace>
		<Replace Language="en_US" Tag="LOC_NUBIA_SCENARIO_DESCRIPTION">
			<Text>Người dân sông Nile xem số 7 là con số may mắn.[NEWLINE][NEWLINE]Đó là biểu tượng của sự hoàn hảo ...[NEWLINE][NEWLINE]... và dấu hiệu hoàn mỹ.[NEWLINE][NEWLINE]Đó sẽ là: ai là người hoàn thành 7 đền thờ cho thần Amun trước khi hết thời gian (125 lượt) sẽ nhận được đặc ân và vinh quang của thần Amun giữa các đối thủ sông Nile.[NEWLINE][NEWLINE][NEWLINE]QUY ĐỊNH ĐẶT BIỆT:[NEWLINE]— Ai Cập và Nubia không được tuyên chiến với nhau cho đến lượt 20.[NEWLINE]— Một khi đã tuyên bố, không thể kết thúc chiến tranh.[NEWLINE]— Những công trình Thánh tích chỉ có thể mua được bằng [ICON_Faith] Đức tin.</Text>
		</Replace>
		<Replace Language="en_US" Tag="LOC_NUBIA_SCENARIO_MAP_NAME">
			<Text>Bản đồ Nubia</Text>
		</Replace>
		<Replace Language="en_US" Tag="LOC_NUBIA_SCENARIO_MAP_DESCRIPTION">
			<Text>Bản đồ lịch sử của lưu vực sông Nile.</Text>
		</Replace>
		<!-- Victories -->
		<Replace Language="en_US" Tag="LOC_VICTORY_NUBIA_SCENARIO_NAME">
			<Text>Chiến thắng quà tặng của sông Nile</Text>
		</Replace>
		<Replace Language="en_US" Tag="LOC_VICTORY_NUBIA_SCENARIO_TT">
			<Text>Giành được chiến thắng này khi bạn là người đầu tiên xây dựng 7 Đền thờ vinh quang cho thần Amun vĩ đại.</Text>
		</Replace>
		<!-- Civilizations-->
		<Replace Language="en_US" Tag="LOC_CIVILIZATION_NUBIA_SCENARIO_HYKSOS_NAME">
			<Text>Hyksos</Text>
		</Replace>
		<Replace Language="en_US" Tag="LOC_CIVILIZATION_NUBIA_SCENARIO_LIBYANS_NAME">
			<Text>Libya</Text>
		</Replace>
		<Replace Language="en_US" Tag="LOC_CIVILIZATION_NUBIA_SCENARIO_ASSYRIA_NAME">
			<Text>Assyria</Text>
		</Replace>
		<Replace Language="en_US" Tag="LOC_CIVILIZATION_NUBIA_SCENARIO_PERSIA_NAME">
			<Text>Ba Tư</Text>
		</Replace>
		<Replace Language="en_US" Tag="LOC_CIVILIZATION_NUBIA_SCENARIO_MACEDON_NAME">
			<Text>Macedon</Text>
		</Replace>
		<Replace Language="en_US" Tag="LOC_TRAIT_NUBIA_SCENARIO_CIVILIZATION_ITERU_DESCRIPTION">
			<Text>+15% [ICON_Production] Sản xuất đối với các quận và các kỳ quan nếu thành phố nằm liền kề mặt nước. Vùng ngập lụt không cản trở việc bố trí các quận và các kỳ quan. Bắt đầu với công nghệ Đánh cá và Thuyền buồm.</Text>
		</Replace>
		<Replace Language="en_US" Tag="LOC_TRAIT_NUBIA_SCENARIO_CIVILIZATION_TA_SETI_DESCRIPTION">
			<Text>+50% [ICON_Production] Sản xuất cho các đơn vị Tầm xa. Tất cả các đơn vị Tầm xa tăng thêm +50% kinh nghiệm chiến đấu. Bắt đầu với công nghệ Khai thác mỏ. Các mỏ tài nguyên chiến lược mang lại +1 [ICON_Production] Sản xuất. Các mỏ tài nguyên quý hiếm mang lại +2 [ICON_Gold] Vàng.</Text>
		</Replace>
		<!-- Leaders-->
		<Replace Language="en_US" Tag="LOC_LEADER_NUBIA_SCENARIO_HYKSOS_NAME">
			<Text>Sakir-Har</Text>
		</Replace>
		<Replace Language="en_US" Tag="LOC_LEADER_NUBIA_SCENARIO_LIBYANS_NAME">
			<Text>Osorkon</Text>
		</Replace>
		<Replace Language="en_US" Tag="LOC_LEADER_NUBIA_SCENARIO_ASSYRIA_NAME">
			<Text>Ashurbanipal</Text>
		</Replace>
		<Replace Language="en_US" Tag="LOC_LEADER_NUBIA_SCENARIO_PERSIA_NAME">
			<Text>Cambyses II</Text>
		</Replace>
		<Replace Language="en_US" Tag="LOC_LEADER_NUBIA_SCENARIO_MACEDON_NAME">
			<Text>Alexander</Text>
		</Replace>
		<Replace Language="en_US" Tag="LOC_LEADER_NUBIA_SCENARIO_ROME_NAME">
			<Text>Augustus Caesar</Text>
		</Replace>
	</LocalizedText>
</GameData>
